,celltype_new
hft_ctx_w21_dc2r2_r1_AAACAGCCACTAAATC,nIPC/GluN1
hft_ctx_w21_dc2r2_r1_AAACAGCCAGGTTCAC,GluN2
hft_ctx_w21_dc2r2_r1_AAACATGCAACACCTA,RG
hft_ctx_w21_dc2r2_r1_AAACATGCAGCACGTT,nIPC/GluN1
hft_ctx_w21_dc2r2_r1_AAACCAACAATTGCGC,nIPC/GluN1
hft_ctx_w21_dc2r2_r1_AAACCAACATTATGCG,Cyc. Prog.
hft_ctx_w21_dc2r2_r1_AAACCAACATTGTCCT,nIPC/GluN1
hft_ctx_w21_dc2r2_r1_AAACCGAAGCACTAGT,nIPC/GluN1
hft_ctx_w21_dc2r2_r1_AAACCGCGTGCATTAG,nIPC/GluN1
hft_ctx_w21_dc2r2_r1_AAACCGGCACAGCCTG,GluN2
hft_ctx_w21_dc2r2_r1_AAACCGGCACGAACAG,GluN4
hft_ctx_w21_dc2r2_r1_AAACGCGCAGCCAGAA,nIPC/GluN1
hft_ctx_w21_dc2r2_r1_AAACGCGCAGTTAAAG,GluN3
hft_ctx_w21_dc2r2_r1_AAACGGATCCTTCTAG,RG
hft_ctx_w21_dc2r2_r1_AAACGGATCGACAAAG,nIPC/GluN1
hft_ctx_w21_dc2r2_r1_AAACGTACACAAACTT,nIPC/GluN1
hft_ctx_w21_dc2r2_r1_AAAGCAAGTAGACAAA,GluN3
hft_ctx_w21_dc2r2_r1_AAAGCAAGTGTGCAAC,Cyc. Prog.
hft_ctx_w21_dc2r2_r1_AAAGCAAGTTGCACAA,mGPC/OPC
hft_ctx_w21_dc2r2_r1_AAAGCACCAGTGAACG,GluN3
hft_ctx_w21_dc2r2_r1_AAAGCCCGTGGAAGGC,nIPC/GluN1
hft_ctx_w21_dc2r2_r1_AAAGCCCGTTTACTTG,GluN2
hft_ctx_w21_dc2r2_r1_AAAGCCGCACAAAGAC,GluN3
hft_ctx_w21_dc2r2_r1_AAAGCCGCACATAGCC,GluN2
hft_ctx_w21_dc2r2_r1_AAAGCGGGTCCGTAGG,GluN2
hft_ctx_w21_dc2r2_r1_AAAGCTTGTCACGAAC,nIPC/GluN1
hft_ctx_w21_dc2r2_r1_AAAGCTTGTGATTTGG,nIPC/GluN1
hft_ctx_w21_dc2r2_r1_AAAGCTTGTTTGTGGA,RG
hft_ctx_w21_dc2r2_r1_AAAGGACGTCTTGCAT,nIPC/GluN1
hft_ctx_w21_dc2r2_r1_AAAGGAGCATGTCAGC,GluN2
hft_ctx_w21_dc2r2_r1_AAAGGCTCAAGGTCGA,nIPC/GluN1
hft_ctx_w21_dc2r2_r1_AAAGGCTCAATATACC,RG
hft_ctx_w21_dc2r2_r1_AAATCCGGTAGCTGGT,GluN2
hft_ctx_w21_dc2r2_r1_AAATCCGGTGCATTAG,nIPC/GluN1
hft_ctx_w21_dc2r2_r1_AAATGCCTCACAGACT,GluN3
hft_ctx_w21_dc2r2_r1_AAATGCCTCCTTAGGG,nIPC/GluN1
hft_ctx_w21_dc2r2_r1_AAATGCCTCTCATCAT,nIPC/GluN1
hft_ctx_w21_dc2r2_r1_AAATGGCCAATTGCGC,nIPC/GluN1
hft_ctx_w21_dc2r2_r1_AAATGGCCACCTGTAA,RG
hft_ctx_w21_dc2r2_r1_AAATGGCCATAAGCAA,GluN2
hft_ctx_w21_dc2r2_r1_AACAAAGGTTGCACGG,GluN3
hft_ctx_w21_dc2r2_r1_AACAAGCCATTGGGAG,GluN3
hft_ctx_w21_dc2r2_r1_AACAGCAAGGCATGAA,GluN2
hft_ctx_w21_dc2r2_r1_AACAGCAAGTTACCGG,GluN2
hft_ctx_w21_dc2r2_r1_AACAGGATCGTTACTT,nIPC/GluN1
hft_ctx_w21_dc2r2_r1_AACATAGCACCGTTCC,nIPC/GluN1
hft_ctx_w21_dc2r2_r1_AACATAGCACGAACAG,nIPC/GluN1
hft_ctx_w21_dc2r2_r1_AACATAGCAGTCTAGC,GluN4
hft_ctx_w21_dc2r2_r1_AACATCATCATGCTCC,GluN3
hft_ctx_w21_dc2r2_r1_AACATTGTCGCCTAAG,nIPC/GluN1
hft_ctx_w21_dc2r2_r1_AACCCGCAGCCTGGTA,GluN2
hft_ctx_w21_dc2r2_r1_AACCCGCAGTCACTCC,nIPC/GluN1
hft_ctx_w21_dc2r2_r1_AACCGCTCAAACCTAT,Cyc. Prog.
hft_ctx_w21_dc2r2_r1_AACCGCTCAAGGCCAA,GluN4
hft_ctx_w21_dc2r2_r1_AACCGCTCACACCAAC,GluN2
hft_ctx_w21_dc2r2_r1_AACCTAATCCACCTGT,nIPC/GluN1
hft_ctx_w21_dc2r2_r1_AACCTAATCCCTCATA,GluN3
hft_ctx_w21_dc2r2_r1_AACCTCACACATTAAC,GluN4
hft_ctx_w21_dc2r2_r1_AACCTCACAGGCTGTT,GluN3
hft_ctx_w21_dc2r2_r1_AACCTCCTCCCTCAAC,GluN4
hft_ctx_w21_dc2r2_r1_AACCTTGCAGGCCTTG,GluN2
hft_ctx_w21_dc2r2_r1_AACGACAAGCTACTGG,nIPC/GluN1
hft_ctx_w21_dc2r2_r1_AACGACAAGGCAATAG,GluN2
hft_ctx_w21_dc2r2_r1_AACGCCCAGCCAAATC,nIPC/GluN1
hft_ctx_w21_dc2r2_r1_AACGCCCAGGCATGTT,nIPC/GluN1
hft_ctx_w21_dc2r2_r1_AACGCCCAGTAACTCA,SP
hft_ctx_w21_dc2r2_r1_AACGCTAGTGGGAACA,RG
hft_ctx_w21_dc2r2_r1_AACGGTAAGCGATAAG,nIPC/GluN1
hft_ctx_w21_dc2r2_r1_AACTCACAGCTATTAG,nIPC/GluN1
hft_ctx_w21_dc2r2_r1_AACTCACAGCTTTGTT,GluN2
hft_ctx_w21_dc2r2_r1_AACTTAGTCAGCATTA,GluN3
hft_ctx_w21_dc2r2_r1_AACTTAGTCAGGGCCT,GluN4
hft_ctx_w21_dc2r2_r1_AACTTAGTCTACTAAG,GluN2
hft_ctx_w21_dc2r2_r1_AACTTAGTCTCGACCT,nIPC/GluN1
hft_ctx_w21_dc2r2_r1_AAGAACAGTGAGACTC,GluN2
hft_ctx_w21_dc2r2_r1_AAGAACAGTTCGGGAT,RG
hft_ctx_w21_dc2r2_r1_AAGAATCAGACAACGA,Cyc. Prog.
hft_ctx_w21_dc2r2_r1_AAGAATCAGGTAAGGC,GluN3
hft_ctx_w21_dc2r2_r1_AAGACAAGTAGCTAAT,RG
hft_ctx_w21_dc2r2_r1_AAGACAAGTTCGGGAT,nIPC/GluN1
hft_ctx_w21_dc2r2_r1_AAGACCAAGTGGACAA,nIPC/GluN1
hft_ctx_w21_dc2r2_r1_AAGCATGAGCAAGGAC,GluN4
hft_ctx_w21_dc2r2_r1_AAGCATGAGCGGGCAA,GluN2
hft_ctx_w21_dc2r2_r1_AAGCATGAGGTGTTAC,nIPC/GluN1
hft_ctx_w21_dc2r2_r1_AAGCCACGTGTTGCTT,GluN4
hft_ctx_w21_dc2r2_r1_AAGCCTCCAATAACGA,mGPC/OPC
hft_ctx_w21_dc2r2_r1_AAGCCTCCAATTGACT,GluN3
hft_ctx_w21_dc2r2_r1_AAGCCTGTCCTTCAAT,GluN2
hft_ctx_w21_dc2r2_r1_AAGCCTGTCGTAATCA,Cyc. Prog.
hft_ctx_w21_dc2r2_r1_AAGCCTGTCTATGACA,GluN2
hft_ctx_w21_dc2r2_r1_AAGCCTTAGCAAGGGT,nIPC/GluN1
hft_ctx_w21_dc2r2_r1_AAGCCTTAGTAAGTCC,RG
hft_ctx_w21_dc2r2_r1_AAGCGAATCAATGTCA,GluN2
hft_ctx_w21_dc2r2_r1_AAGCGAATCACGCATG,nIPC/GluN1
hft_ctx_w21_dc2r2_r1_AAGCGAATCACGCCAA,GluN3
hft_ctx_w21_dc2r2_r1_AAGCGAATCTTTAGGA,GluN2
hft_ctx_w21_dc2r2_r1_AAGCGCTGTAAACAAG,GluN3
hft_ctx_w21_dc2r2_r1_AAGCGCTGTAATAGCT,nIPC/GluN1
hft_ctx_w21_dc2r2_r1_AAGCGCTGTTGGTTAG,GluN2
hft_ctx_w21_dc2r2_r1_AAGCGTTTCTCCATGC,GluN2
hft_ctx_w21_dc2r2_r1_AAGCGTTTCTGCAACG,GluN2
hft_ctx_w21_dc2r2_r1_AAGCTATGTGTTGTAG,nIPC/GluN1
hft_ctx_w21_dc2r2_r1_AAGCTATGTTATCGAG,GluN2
hft_ctx_w21_dc2r2_r1_AAGCTTGGTGTGAGAG,RG
hft_ctx_w21_dc2r2_r1_AAGCTTGGTTGCTTCG,nIPC/GluN1
hft_ctx_w21_dc2r2_r1_AAGGAAGCAAGCTACC,SP
hft_ctx_w21_dc2r2_r1_AAGGAAGCAGAGGGAG,RG
hft_ctx_w21_dc2r2_r1_AAGGAAGCAGCACGTT,RG
hft_ctx_w21_dc2r2_r1_AAGGATCCAAAGGCCA,GluN4
hft_ctx_w21_dc2r2_r1_AAGGATCCAAATTCGT,GluN2
hft_ctx_w21_dc2r2_r1_AAGGATCCAAGGTGGC,GluN3
hft_ctx_w21_dc2r2_r1_AAGGATCCATAATGAG,GluN4
hft_ctx_w21_dc2r2_r1_AAGGATGTCATTTGCT,nIPC/GluN1
hft_ctx_w21_dc2r2_r1_AAGGATGTCCTAATTC,GluN3
hft_ctx_w21_dc2r2_r1_AAGGATGTCGGTTACG,nIPC/GluN1
hft_ctx_w21_dc2r2_r1_AAGGCCCTCGCAATCG,nIPC/GluN1
hft_ctx_w21_dc2r2_r1_AAGGCCCTCGCTAGCA,Cyc. Prog.
hft_ctx_w21_dc2r2_r1_AAGGTATAGGAACGGT,RG
hft_ctx_w21_dc2r2_r1_AAGGTATAGGCCTTAG,GluN2
hft_ctx_w21_dc2r2_r1_AAGGTCAAGCGCAATT,GluN2
hft_ctx_w21_dc2r2_r1_AAGGTGCAGACAAAGT,GluN2
hft_ctx_w21_dc2r2_r1_AAGGTGCAGAGGCTAA,nIPC/GluN1
hft_ctx_w21_dc2r2_r1_AAGGTGCAGCAGCTCA,nIPC/GluN1
hft_ctx_w21_dc2r2_r1_AAGGTGCAGGCGCTTA,RG
hft_ctx_w21_dc2r2_r1_AAGGTGCAGTCTTGAA,GluN4
hft_ctx_w21_dc2r2_r1_AAGTAGCCAGGACACA,GluN3
hft_ctx_w21_dc2r2_r1_AAGTGCAAGTCACCAG,GluN4
hft_ctx_w21_dc2r2_r1_AAGTTACGTATCTGGA,GluN2
hft_ctx_w21_dc2r2_r1_AAGTTACGTTAGGCTA,GluN3
hft_ctx_w21_dc2r2_r1_AATACCGGTTCGCTTG,nIPC/GluN1
hft_ctx_w21_dc2r2_r1_AATATCCCAGCAACCT,nIPC/GluN1
hft_ctx_w21_dc2r2_r1_AATCAGGAGAGGGACT,SP
hft_ctx_w21_dc2r2_r1_AATCAGGAGCTACTGG,GluN3
hft_ctx_w21_dc2r2_r1_AATCAGGAGCTTTGTT,nIPC/GluN1
hft_ctx_w21_dc2r2_r1_AATCATCCATAGGCGA,GluN2
hft_ctx_w21_dc2r2_r1_AATCCATCAATAACGA,GluN4
hft_ctx_w21_dc2r2_r1_AATCCATCAGGTCCTG,GluN3
hft_ctx_w21_dc2r2_r1_AATCCTAAGCGATAGA,nIPC/GluN1
hft_ctx_w21_dc2r2_r1_AATCGCCCAGGCCATT,GluN2
hft_ctx_w21_dc2r2_r1_AATCGCCCAGTAAAGC,nIPC/GluN1
hft_ctx_w21_dc2r2_r1_AATGAAGGTACTGATG,SP
hft_ctx_w21_dc2r2_r1_AATGCAACAAACTCAT,GluN3
hft_ctx_w21_dc2r2_r1_AATGCAACAATTAGGA,nIPC/GluN1
hft_ctx_w21_dc2r2_r1_AATGCATGTTCCGGGA,nIPC/GluN1
hft_ctx_w21_dc2r2_r1_AATGGCGCAATGAAGC,GluN2
hft_ctx_w21_dc2r2_r1_AATGTCCAGCGATACT,mGPC/OPC
hft_ctx_w21_dc2r2_r1_AATTACCCAAAGCGGC,RG
hft_ctx_w21_dc2r2_r1_AATTACCCACCGGCTA,GluN4
hft_ctx_w21_dc2r2_r1_AATTACCCACGAACAG,nIPC/GluN1
hft_ctx_w21_dc2r2_r1_AATTAGCGTCATCAAG,RG
hft_ctx_w21_dc2r2_r1_AATTAGGCAAACAACA,GluN3
hft_ctx_w21_dc2r2_r1_AATTAGGCATGCAACC,GluN3
hft_ctx_w21_dc2r2_r1_AATTCGTCATATAACC,nIPC/GluN1
hft_ctx_w21_dc2r2_r1_AATTGACGTCGACTCC,GluN2
hft_ctx_w21_dc2r2_r1_AATTGACGTTGTGACA,nIPC/GluN1
hft_ctx_w21_dc2r2_r1_AATTGCTCAAGGACCA,GluN3
hft_ctx_w21_dc2r2_r1_AATTGCTCAAGGTCCT,GluN3
hft_ctx_w21_dc2r2_r1_AATTGCTCAATTATGC,RG
hft_ctx_w21_dc2r2_r1_AATTGCTCACTGACCG,GluN4
hft_ctx_w21_dc2r2_r1_AATTGCTCAGCTTAGC,GluN3
hft_ctx_w21_dc2r2_r1_AATTGGACAGCCAGAA,GluN2
hft_ctx_w21_dc2r2_r1_AATTGGACATAAGGAC,GluN3
hft_ctx_w21_dc2r2_r1_AATTGGGAGCATCCAG,nIPC/GluN1
hft_ctx_w21_dc2r2_r1_AATTGGGAGTCATGCG,Cyc. Prog.
hft_ctx_w21_dc2r2_r1_AATTGTGTCTTGTCCA,Cyc. Prog.
hft_ctx_w21_dc2r2_r1_AATTTCCTCGTGCTTC,GluN4
hft_ctx_w21_dc2r2_r1_AATTTCCTCTTAGCCC,nIPC/GluN1
hft_ctx_w21_dc2r2_r1_AATTTGCCAAACAACA,GluN2
hft_ctx_w21_dc2r2_r1_AATTTGCCATAGCGGA,GluN4
hft_ctx_w21_dc2r2_r1_AATTTGCCATCTAGCA,nIPC/GluN1
hft_ctx_w21_dc2r2_r1_AATTTGGTCACAGACT,nIPC/GluN1
hft_ctx_w21_dc2r2_r1_AATTTGGTCATTTGTC,mGPC/OPC
hft_ctx_w21_dc2r2_r1_AATTTGGTCCACCTGT,nIPC/GluN1
hft_ctx_w21_dc2r2_r1_AATTTGGTCCATAAGC,GluN2
hft_ctx_w21_dc2r2_r1_ACAAACTGTACCGGAT,nIPC/GluN1
hft_ctx_w21_dc2r2_r1_ACAAACTGTTCGCTTG,GluN3
hft_ctx_w21_dc2r2_r1_ACAAACTGTTTATGGG,nIPC/GluN1
hft_ctx_w21_dc2r2_r1_ACAAAGGTCCAAACAC,nIPC/GluN1
hft_ctx_w21_dc2r2_r1_ACAACAACATGTCGCG,nIPC/GluN1
hft_ctx_w21_dc2r2_r1_ACAACATGTAACGAGG,Cyc. Prog.
hft_ctx_w21_dc2r2_r1_ACAACATGTGACATAT,GluN5
hft_ctx_w21_dc2r2_r1_ACACAATGTTATCGAG,nIPC/GluN1
hft_ctx_w21_dc2r2_r1_ACACAATGTTATGTGG,GluN4
hft_ctx_w21_dc2r2_r1_ACACCTTGTGGATTAT,nIPC/GluN1
hft_ctx_w21_dc2r2_r1_ACACGGACAATCGCAC,nIPC/GluN1
hft_ctx_w21_dc2r2_r1_ACACGGACAATTAGCT,Cyc. Prog.
hft_ctx_w21_dc2r2_r1_ACACGGACAGGATAAC,GluN3
hft_ctx_w21_dc2r2_r1_ACACGGACATAATGTC,nIPC/GluN1
hft_ctx_w21_dc2r2_r1_ACACGGACATATTGAC,nIPC/GluN1
hft_ctx_w21_dc2r2_r1_ACACTAATCACTCAAA,GluN4
hft_ctx_w21_dc2r2_r1_ACACTAATCATTACTC,nIPC/GluN1
hft_ctx_w21_dc2r2_r1_ACACTAATCCGGAACC,nIPC/GluN1
hft_ctx_w21_dc2r2_r1_ACACTAATCTTTAAGG,GluN3
hft_ctx_w21_dc2r2_r1_ACAGCCGGTCACGGAT,nIPC/GluN1
hft_ctx_w21_dc2r2_r1_ACAGCGCTCAGGAAGC,GluN3
hft_ctx_w21_dc2r2_r1_ACAGCGCTCCTGGTCT,GluN3
hft_ctx_w21_dc2r2_r1_ACAGGAATCACTTCAT,RG
hft_ctx_w21_dc2r2_r1_ACAGGATCAAAGCTAA,GluN2
hft_ctx_w21_dc2r2_r1_ACAGGCTGTACTTCAC,GluN4
hft_ctx_w21_dc2r2_r1_ACAGGCTGTCAAGTGC,GluN2
hft_ctx_w21_dc2r2_r1_ACATAGCTCGTTAGCG,GluN2
hft_ctx_w21_dc2r2_r1_ACATAGCTCGTTCACC,GluN2
hft_ctx_w21_dc2r2_r1_ACATCATCACCAACCG,GluN2
hft_ctx_w21_dc2r2_r1_ACATTAGTCCTCACTA,Cyc. Prog.
hft_ctx_w21_dc2r2_r1_ACATTGCAGACTCGCA,RG
hft_ctx_w21_dc2r2_r1_ACCAAACTCAAATCGC,nIPC/GluN1
hft_ctx_w21_dc2r2_r1_ACCAAACTCATTAGCA,nIPC/GluN1
hft_ctx_w21_dc2r2_r1_ACCAAGCGTTCCGGGA,nIPC/GluN1
hft_ctx_w21_dc2r2_r1_ACCAAGTTCTAACTGA,GluN2
hft_ctx_w21_dc2r2_r1_ACCAAGTTCTCCTCAA,nIPC/GluN1
hft_ctx_w21_dc2r2_r1_ACCAATATCCCTGGAA,nIPC/GluN1
hft_ctx_w21_dc2r2_r1_ACCACACCACCTCGCT,nIPC/GluN1
hft_ctx_w21_dc2r2_r1_ACCACACCACGCAACT,GluN4
hft_ctx_w21_dc2r2_r1_ACCACACCATTATGAC,Cyc. Prog.
hft_ctx_w21_dc2r2_r1_ACCACATAGACAAAGT,GluN2
hft_ctx_w21_dc2r2_r1_ACCAGCTCAAGCCACT,RG
hft_ctx_w21_dc2r2_r1_ACCAGCTCATAGCGGA,GluN3
hft_ctx_w21_dc2r2_r1_ACCAGCTCATAGTCAT,RG
hft_ctx_w21_dc2r2_r1_ACCAGGACACCCTCAC,nIPC/GluN1
hft_ctx_w21_dc2r2_r1_ACCAGGACAGGCGAGT,GluN3
hft_ctx_w21_dc2r2_r1_ACCAGGCTCAGAAACG,GluN3
hft_ctx_w21_dc2r2_r1_ACCAGGCTCCCTTGCG,GluN2
hft_ctx_w21_dc2r2_r1_ACCAGGGAGGACGTAA,nIPC/GluN1
hft_ctx_w21_dc2r2_r1_ACCATAATCCGTAAAC,nIPC/GluN1
hft_ctx_w21_dc2r2_r1_ACCATAATCCTGTTCA,nIPC/GluN1
hft_ctx_w21_dc2r2_r1_ACCATTAAGAGAGGCT,nIPC/GluN1
hft_ctx_w21_dc2r2_r1_ACCATTAAGCGCAATT,RG
hft_ctx_w21_dc2r2_r1_ACCATTAAGCGCCTTT,Cyc. Prog.
hft_ctx_w21_dc2r2_r1_ACCATTAAGGAAGCAC,nIPC/GluN1
hft_ctx_w21_dc2r2_r1_ACCCAACCATAGCTGC,GluN2
hft_ctx_w21_dc2r2_r1_ACCCAGGGTACTGAAT,GluN3
hft_ctx_w21_dc2r2_r1_ACCCAGGGTTGCGCGA,nIPC/GluN1
hft_ctx_w21_dc2r2_r1_ACCCGCTGTGTTCCCA,mGPC/OPC
hft_ctx_w21_dc2r2_r1_ACCCGCTGTTGTGATG,mGPC/OPC
hft_ctx_w21_dc2r2_r1_ACCCGGTAGCTGTACG,nIPC/GluN1
hft_ctx_w21_dc2r2_r1_ACCCGGTAGGAGGACT,GluN4
hft_ctx_w21_dc2r2_r1_ACCCGGTAGTTTCCGC,mGPC/OPC
hft_ctx_w21_dc2r2_r1_ACCCGTAAGGACCTTG,nIPC/GluN1
hft_ctx_w21_dc2r2_r1_ACCCTCCCAATTAGCT,nIPC/GluN1
hft_ctx_w21_dc2r2_r1_ACCCTCCCACTAGGTC,nIPC/GluN1
hft_ctx_w21_dc2r2_r1_ACCCTCCCAGACAAAC,nIPC/GluN1
hft_ctx_w21_dc2r2_r1_ACCCTGTTCCAGGTCA,GluN2
hft_ctx_w21_dc2r2_r1_ACCCTGTTCGCTAGTG,GluN2
hft_ctx_w21_dc2r2_r1_ACCGCAATCAAGCTAC,GluN4
hft_ctx_w21_dc2r2_r1_ACCGGTTCAGAATGAC,GluN2
hft_ctx_w21_dc2r2_r1_ACCGGTTCATAAGCAA,nIPC/GluN1
hft_ctx_w21_dc2r2_r1_ACCGGTTCATCATGGC,mGPC/OPC
hft_ctx_w21_dc2r2_r1_ACCTAAGGTGAGAAAC,nIPC/GluN1
hft_ctx_w21_dc2r2_r1_ACCTACCTCACTCGCT,RG
hft_ctx_w21_dc2r2_r1_ACCTACCTCCCTCAGT,nIPC/GluN1
hft_ctx_w21_dc2r2_r1_ACCTGGATCAGGCCTA,Cyc. Prog.
hft_ctx_w21_dc2r2_r1_ACCTGGTCAATTGCGC,SP
hft_ctx_w21_dc2r2_r1_ACCTGGTCACAGCCTG,GluN3
hft_ctx_w21_dc2r2_r1_ACCTTCCAGCACAGAA,nIPC/GluN1
hft_ctx_w21_dc2r2_r1_ACCTTGCTCCATAAGC,nIPC/GluN1
hft_ctx_w21_dc2r2_r1_ACCTTGTGTAGTAAGA,GluN2
hft_ctx_w21_dc2r2_r1_ACCTTGTGTATTGAGT,nIPC/GluN1
hft_ctx_w21_dc2r2_r1_ACCTTGTGTGAAACAA,GluN2
hft_ctx_w21_dc2r2_r1_ACGAACAAGTGGCGGA,GluN2
hft_ctx_w21_dc2r2_r1_ACGAAGTCAGAAATTG,nIPC/GluN1
hft_ctx_w21_dc2r2_r1_ACGACAAAGAATGACG,nIPC/GluN1
hft_ctx_w21_dc2r2_r1_ACGAGTAAGCAAGATG,mGPC/OPC
hft_ctx_w21_dc2r2_r1_ACGATTCAGCTAAGTC,GluN3
hft_ctx_w21_dc2r2_r1_ACGCACGGTTGAATCG,GluN2
hft_ctx_w21_dc2r2_r1_ACGCCACAGATGGAGC,nIPC/GluN1
hft_ctx_w21_dc2r2_r1_ACGCCTAAGCATCCAG,GluN3
hft_ctx_w21_dc2r2_r1_ACGCCTAAGTTTCCTG,SP
hft_ctx_w21_dc2r2_r1_ACGCCTTTCGCTAGTG,nIPC/GluN1
hft_ctx_w21_dc2r2_r1_ACGCCTTTCGCTATAA,nIPC/GluN1
hft_ctx_w21_dc2r2_r1_ACGCCTTTCTTAGTCT,GluN4
hft_ctx_w21_dc2r2_r1_ACGCTTGAGCCTAACG,nIPC/GluN1
hft_ctx_w21_dc2r2_r1_ACGCTTGAGGAACGGT,GluN4
hft_ctx_w21_dc2r2_r1_ACGCTTGAGGATGATG,GluN2
hft_ctx_w21_dc2r2_r1_ACGCTTGAGTATTGCA,nIPC/GluN1
hft_ctx_w21_dc2r2_r1_ACGGTACGTAATGGAA,nIPC/GluN1
hft_ctx_w21_dc2r2_r1_ACGGTTAGTACGCGCA,GluN2
hft_ctx_w21_dc2r2_r1_ACGGTTTAGTTCCCAC,GluN2
hft_ctx_w21_dc2r2_r1_ACGTACCCAAGGTGGC,GluN2
hft_ctx_w21_dc2r2_r1_ACGTCAAGTGCTAGAC,GluN4
hft_ctx_w21_dc2r2_r1_ACGTCAAGTTTATCTG,Cyc. Prog.
hft_ctx_w21_dc2r2_r1_ACGTCAAGTTTGCAGA,GluN3
hft_ctx_w21_dc2r2_r1_ACGTCCAAGTTTCCTG,GluN4
hft_ctx_w21_dc2r2_r1_ACGTCCTTCGTAATCA,nIPC/GluN1
hft_ctx_w21_dc2r2_r1_ACGTTGTAGGATCACT,nIPC/GluN1
hft_ctx_w21_dc2r2_r1_ACGTTGTAGTGCTGTG,RG
hft_ctx_w21_dc2r2_r1_ACTAAAGCAATGCCCG,nIPC/GluN1
hft_ctx_w21_dc2r2_r1_ACTAAAGCATGTCAAT,GluN2
hft_ctx_w21_dc2r2_r1_ACTAAAGCATTAGGTT,nIPC/GluN1
hft_ctx_w21_dc2r2_r1_ACTAACTCACTAAGCC,GluN4
hft_ctx_w21_dc2r2_r1_ACTAATCCAATAATGG,RG
hft_ctx_w21_dc2r2_r1_ACTAATCCACTAAATC,GluN2
hft_ctx_w21_dc2r2_r1_ACTAATCCACTGGCCA,GluN2
hft_ctx_w21_dc2r2_r1_ACTAATCCAGTTTGTG,GluN2
hft_ctx_w21_dc2r2_r1_ACTAGGCGTCATAACG,GluN3
hft_ctx_w21_dc2r2_r1_ACTATCCGTAGCCATA,GluN2
hft_ctx_w21_dc2r2_r1_ACTATCCGTGGATGTC,GluN4
hft_ctx_w21_dc2r2_r1_ACTCACCTCGAGGAGT,nIPC/GluN1
hft_ctx_w21_dc2r2_r1_ACTCAGTAGTATTGTG,GluN2
hft_ctx_w21_dc2r2_r1_ACTCAGTAGTCATTAG,GluN4
hft_ctx_w21_dc2r2_r1_ACTCCTCAGAATCTCA,nIPC/GluN1
hft_ctx_w21_dc2r2_r1_ACTCCTCAGCTGTAAC,GluN4
hft_ctx_w21_dc2r2_r1_ACTCGCGCAATTAGCT,GluN2
hft_ctx_w21_dc2r2_r1_ACTCGCGCATTGTCAG,GluN2
hft_ctx_w21_dc2r2_r1_ACTGAAACAGTAGCCT,nIPC/GluN1
hft_ctx_w21_dc2r2_r1_ACTGAATGTTAGTACG,GluN3
hft_ctx_w21_dc2r2_r1_ACTGAATGTTCCATTA,GluN4
hft_ctx_w21_dc2r2_r1_ACTTACAAGGAAGTAT,RG
hft_ctx_w21_dc2r2_r1_ACTTACTTCAAACACC,SP
hft_ctx_w21_dc2r2_r1_ACTTACTTCCCTCAAC,GluN3
hft_ctx_w21_dc2r2_r1_ACTTACTTCTAAGGAG,GluN4
hft_ctx_w21_dc2r2_r1_ACTTAGTCAGTATGTT,nIPC/GluN1
hft_ctx_w21_dc2r2_r1_ACTTATCTCATTTGCT,GluN2
hft_ctx_w21_dc2r2_r1_ACTTATGAGGCGGGTA,GluN2
hft_ctx_w21_dc2r2_r1_ACTTCGCTCCAATAGC,GluN4
hft_ctx_w21_dc2r2_r1_ACTTCGCTCCGGAACC,GluN2
hft_ctx_w21_dc2r2_r1_ACTTCGCTCTTGGATA,GluN4
hft_ctx_w21_dc2r2_r1_ACTTGCACACCGGCTA,RG
hft_ctx_w21_dc2r2_r1_ACTTGCACAGGCTAGA,SP
hft_ctx_w21_dc2r2_r1_ACTTGTAAGAGGAGTC,GluN4
hft_ctx_w21_dc2r2_r1_ACTTTGTTCAGGCCTA,GluN2
hft_ctx_w21_dc2r2_r1_ACTTTGTTCATCCTCA,GluN2
hft_ctx_w21_dc2r2_r1_AGAAACCCAGGCTAAG,nIPC/GluN1
hft_ctx_w21_dc2r2_r1_AGAAACCCAGGTCCTG,mGPC/OPC
hft_ctx_w21_dc2r2_r1_AGAAACCCAGTACCGT,SP
hft_ctx_w21_dc2r2_r1_AGAAACTAGCTCAATA,nIPC/GluN1
hft_ctx_w21_dc2r2_r1_AGAAAGGCAACAGGAT,nIPC/GluN1
hft_ctx_w21_dc2r2_r1_AGAAAGGCAAGGTATA,mGPC/OPC
hft_ctx_w21_dc2r2_r1_AGAACAAGTTACCGGG,GluN4
hft_ctx_w21_dc2r2_r1_AGAACCAAGCCTTAAA,GluN2
hft_ctx_w21_dc2r2_r1_AGAACCAAGTAACGGA,GluN3
hft_ctx_w21_dc2r2_r1_AGAACCGCAATTGCGC,GluN2
hft_ctx_w21_dc2r2_r1_AGAACCGCACGAATTT,nIPC/GluN1
hft_ctx_w21_dc2r2_r1_AGAACCGCATAAAGCA,nIPC/GluN1
hft_ctx_w21_dc2r2_r1_AGAAGGTGTCACAGCG,GluN2
hft_ctx_w21_dc2r2_r1_AGAATCGAGCTCCCTG,nIPC/GluN1
hft_ctx_w21_dc2r2_r1_AGAATCGAGGCAAGTA,RG
hft_ctx_w21_dc2r2_r1_AGAATCTGTACTTAGG,nIPC/GluN1
hft_ctx_w21_dc2r2_r1_AGACAATAGGCTAAGA,GluN4
hft_ctx_w21_dc2r2_r1_AGACAATAGTCAATCA,Cyc. Prog.
hft_ctx_w21_dc2r2_r1_AGACAATAGTCATGCG,GluN4
hft_ctx_w21_dc2r2_r1_AGACACGCAGATAGAC,nIPC/GluN1
hft_ctx_w21_dc2r2_r1_AGACACGCAGGAACCA,nIPC/GluN1
hft_ctx_w21_dc2r2_r1_AGACTATGTAGACAAA,GluN2
hft_ctx_w21_dc2r2_r1_AGACTATGTGCCGCAA,GluN2
hft_ctx_w21_dc2r2_r1_AGAGAAGCAACTAGAA,RG
hft_ctx_w21_dc2r2_r1_AGAGAAGCAAGGTAAC,nIPC/GluN1
hft_ctx_w21_dc2r2_r1_AGAGATTAGCTCGCTT,GluN3
hft_ctx_w21_dc2r2_r1_AGAGATTAGCTTAGTA,nIPC/GluN1
hft_ctx_w21_dc2r2_r1_AGAGATTAGTAACCAC,GluN2
hft_ctx_w21_dc2r2_r1_AGAGATTAGTAGCTTA,GluN2
hft_ctx_w21_dc2r2_r1_AGATGAAGTATCTGGA,nIPC/GluN1
hft_ctx_w21_dc2r2_r1_AGATGAAGTTCGCTTG,GluN2
hft_ctx_w21_dc2r2_r1_AGATGCTTCAATCATG,nIPC/GluN1
hft_ctx_w21_dc2r2_r1_AGCAAGGGTCCTAGTT,mGPC/OPC
hft_ctx_w21_dc2r2_r1_AGCAATTGTAAGGTCC,GluN5
hft_ctx_w21_dc2r2_r1_AGCACTTAGCAAGGAC,GluN2
hft_ctx_w21_dc2r2_r1_AGCAGGTAGACAGGCG,RG
hft_ctx_w21_dc2r2_r1_AGCAGGTAGTGAGCGG,GluN2
hft_ctx_w21_dc2r2_r1_AGCAGGTAGTTAACCA,nIPC/GluN1
hft_ctx_w21_dc2r2_r1_AGCATCCCATTAGGTT,RG
hft_ctx_w21_dc2r2_r1_AGCATTTCACGTGCTG,Cyc. Prog.
hft_ctx_w21_dc2r2_r1_AGCCGCTAGACTCGCA,nIPC/GluN1
hft_ctx_w21_dc2r2_r1_AGCCGCTAGATGGACA,nIPC/GluN1
hft_ctx_w21_dc2r2_r1_AGCCGCTAGTGAGCAA,GluN2
hft_ctx_w21_dc2r2_r1_AGCCTAAGTGACATGC,GluN2
hft_ctx_w21_dc2r2_r1_AGCCTAAGTTAGGCTA,nIPC/GluN1
hft_ctx_w21_dc2r2_r1_AGCCTAGTCTACCTGC,mGPC/OPC
hft_ctx_w21_dc2r2_r1_AGCCTCCGTTACGCGG,SP
hft_ctx_w21_dc2r2_r1_AGCCTCCGTTAGCATG,nIPC/GluN1
hft_ctx_w21_dc2r2_r1_AGCCTGGGTACTGAAT,GluN2
hft_ctx_w21_dc2r2_r1_AGCCTGGGTGTTAAAC,GluN4
hft_ctx_w21_dc2r2_r1_AGCCTGGGTTAGCGTA,nIPC/GluN1
hft_ctx_w21_dc2r2_r1_AGCCTGGGTTGTGACA,GluN2
hft_ctx_w21_dc2r2_r1_AGCCTGGGTTTCCTCC,GluN4
hft_ctx_w21_dc2r2_r1_AGCGATTTCCAGGGAG,RG
hft_ctx_w21_dc2r2_r1_AGCGCCTAGCGAGTAA,RG
hft_ctx_w21_dc2r2_r1_AGCGGATAGAACCTAC,nIPC/GluN1
hft_ctx_w21_dc2r2_r1_AGCGGATAGACTATTG,GluN3
hft_ctx_w21_dc2r2_r1_AGCTAACTCAATCTCT,nIPC/GluN1
hft_ctx_w21_dc2r2_r1_AGCTACGTCATAGACC,nIPC/GluN1
hft_ctx_w21_dc2r2_r1_AGCTACGTCCCGCATT,nIPC/GluN1
hft_ctx_w21_dc2r2_r1_AGCTACGTCCTAAATG,nIPC/GluN1
hft_ctx_w21_dc2r2_r1_AGCTACTAGCTATTAG,nIPC/GluN1
hft_ctx_w21_dc2r2_r1_AGCTACTAGTATCGCG,nIPC/GluN1
hft_ctx_w21_dc2r2_r1_AGCTACTAGTGCACGC,GluN3
hft_ctx_w21_dc2r2_r1_AGCTAGTTCGGCTAGC,RG
hft_ctx_w21_dc2r2_r1_AGCTATATCATGCTCC,nIPC/GluN1
hft_ctx_w21_dc2r2_r1_AGCTATATCCTGATGG,GluN2
hft_ctx_w21_dc2r2_r1_AGCTCATAGCCTCTCG,GluN2
hft_ctx_w21_dc2r2_r1_AGCTGCTCATTGTCAG,GluN3
hft_ctx_w21_dc2r2_r1_AGCTTCCTCCTTAGTT,GluN2
hft_ctx_w21_dc2r2_r1_AGCTTGGTCACAGCCA,RG
hft_ctx_w21_dc2r2_r1_AGCTTTAAGACAACAG,GluN2
hft_ctx_w21_dc2r2_r1_AGCTTTAAGCGATACT,GluN4
hft_ctx_w21_dc2r2_r1_AGGAACCAGGCTGTGC,mGPC/OPC
hft_ctx_w21_dc2r2_r1_AGGAACCAGGGTTATC,Cyc. Prog.
hft_ctx_w21_dc2r2_r1_AGGAACGGTTTAACGG,GluN2
hft_ctx_w21_dc2r2_r1_AGGACGTAGCACGTTG,RG
hft_ctx_w21_dc2r2_r1_AGGACTAAGCCTAACG,GluN3
hft_ctx_w21_dc2r2_r1_AGGACTAAGGGACCTC,GluN3
hft_ctx_w21_dc2r2_r1_AGGACTAAGTAACAGG,GluN4
hft_ctx_w21_dc2r2_r1_AGGAGCTAGACTTATG,Cyc. Prog.
hft_ctx_w21_dc2r2_r1_AGGAGCTAGGATGATG,nIPC/GluN1
hft_ctx_w21_dc2r2_r1_AGGAGCTAGGTGCTGC,nIPC/GluN1
hft_ctx_w21_dc2r2_r1_AGGATCCGTTAACAGT,nIPC/GluN1
hft_ctx_w21_dc2r2_r1_AGGATGCAGGAAACTG,GluN2
hft_ctx_w21_dc2r2_r1_AGGATGTCAAGGAATC,nIPC/GluN1
hft_ctx_w21_dc2r2_r1_AGGATGTCACCGGCTA,nIPC/GluN1
hft_ctx_w21_dc2r2_r1_AGGATGTCAGGACCTT,GluN2
hft_ctx_w21_dc2r2_r1_AGGATTGAGCACAGCC,nIPC/GluN1
hft_ctx_w21_dc2r2_r1_AGGATTGAGGTGCGGA,GluN3
hft_ctx_w21_dc2r2_r1_AGGCAATCAAACTAAG,GluN2
hft_ctx_w21_dc2r2_r1_AGGCAATCAGGTTCAC,RG
hft_ctx_w21_dc2r2_r1_AGGCAATCATGCAACC,mGPC/OPC
hft_ctx_w21_dc2r2_r1_AGGCCCAGTGATGATT,SP
hft_ctx_w21_dc2r2_r1_AGGCGGATCACAGGAA,GluN3
hft_ctx_w21_dc2r2_r1_AGGCGGATCAGTATTG,mGPC/OPC
hft_ctx_w21_dc2r2_r1_AGGCGGATCGCCTAAG,nIPC/GluN1
hft_ctx_w21_dc2r2_r1_AGGCTAGCACCGGCTA,nIPC/GluN1
hft_ctx_w21_dc2r2_r1_AGGCTAGCACGAACAG,GluN2
hft_ctx_w21_dc2r2_r1_AGGCTAGCAGGAATCG,GluN2
hft_ctx_w21_dc2r2_r1_AGGGCCTTCGTTACAA,GluN3
hft_ctx_w21_dc2r2_r1_AGGGCCTTCTCACTCA,GluN3
hft_ctx_w21_dc2r2_r1_AGGGCTACATCCATCT,GluN3
hft_ctx_w21_dc2r2_r1_AGGGCTACATTGTGAT,Cyc. Prog.
hft_ctx_w21_dc2r2_r1_AGGTACGCACCTACGG,GluN3
hft_ctx_w21_dc2r2_r1_AGGTACGCAGGTCCTG,SP
hft_ctx_w21_dc2r2_r1_AGGTACGCATTGTTGG,mGPC/OPC
hft_ctx_w21_dc2r2_r1_AGGTCAAAGGCGGGTA,nIPC/GluN1
hft_ctx_w21_dc2r2_r1_AGGTCATTCACAGCCA,RG
hft_ctx_w21_dc2r2_r1_AGGTCATTCCTCCCTC,GluN4
hft_ctx_w21_dc2r2_r1_AGGTCATTCGGCTAGC,GluN3
hft_ctx_w21_dc2r2_r1_AGGTCTTAGTTAGGCT,nIPC/GluN1
hft_ctx_w21_dc2r2_r1_AGGTCTTAGTTCCTCA,RG
hft_ctx_w21_dc2r2_r1_AGGTCTTAGTTTCCGC,GluN2
hft_ctx_w21_dc2r2_r1_AGGTGAATCAAGCCTG,GluN3
hft_ctx_w21_dc2r2_r1_AGGTGAATCCGGTTGA,GluN3
hft_ctx_w21_dc2r2_r1_AGGTGAGGTCCGCTGT,nIPC/GluN1
hft_ctx_w21_dc2r2_r1_AGGTTAACAAGGTACG,nIPC/GluN1
hft_ctx_w21_dc2r2_r1_AGGTTAACACTTGTTC,GluN2
hft_ctx_w21_dc2r2_r1_AGGTTAACATTGGGAG,nIPC/GluN1
hft_ctx_w21_dc2r2_r1_AGGTTACTCTGGCATG,nIPC/GluN1
hft_ctx_w21_dc2r2_r1_AGGTTAGAGCGCCTAA,GluN3
hft_ctx_w21_dc2r2_r1_AGGTTGCGTAACGTGC,RG
hft_ctx_w21_dc2r2_r1_AGGTTGCGTCATAGAT,nIPC/GluN1
hft_ctx_w21_dc2r2_r1_AGGTTGCGTTACCTGT,GluN3
hft_ctx_w21_dc2r2_r1_AGGTTTATCATCACTT,GluN2
hft_ctx_w21_dc2r2_r1_AGGTTTATCCACAATA,GluN2
hft_ctx_w21_dc2r2_r1_AGGTTTATCCTGTTCA,SP
hft_ctx_w21_dc2r2_r1_AGTAAACAGCCAGGTC,nIPC/GluN1
hft_ctx_w21_dc2r2_r1_AGTAACACATGATTGT,mGPC/OPC
hft_ctx_w21_dc2r2_r1_AGTAACCTCACTAATG,nIPC/GluN1
hft_ctx_w21_dc2r2_r1_AGTAACGAGCAAACCT,nIPC/GluN1
hft_ctx_w21_dc2r2_r1_AGTAACGAGTTATCCT,RG
hft_ctx_w21_dc2r2_r1_AGTAAGTAGCGATAAG,GluN5
hft_ctx_w21_dc2r2_r1_AGTAATCGTGGTTCTT,nIPC/GluN1
hft_ctx_w21_dc2r2_r1_AGTAATCGTTCACCCA,GluN4
hft_ctx_w21_dc2r2_r1_AGTAATGCACCAGGTT,Cyc. Prog.
hft_ctx_w21_dc2r2_r1_AGTAATGCACTGGCCA,GluN4
hft_ctx_w21_dc2r2_r1_AGTAATGCAGCCTTGG,nIPC/GluN1
hft_ctx_w21_dc2r2_r1_AGTAATGCAGGCGATA,nIPC/GluN1
hft_ctx_w21_dc2r2_r1_AGTACGCGTTGCGGAT,mGPC/OPC
hft_ctx_w21_dc2r2_r1_AGTAGGATCCAGGGAG,GluN4
hft_ctx_w21_dc2r2_r1_AGTATAGCAATGCGCT,Cyc. Prog.
hft_ctx_w21_dc2r2_r1_AGTATAGCACCCTCAC,GluN2
hft_ctx_w21_dc2r2_r1_AGTCAATGTCTTTGAC,GluN2
hft_ctx_w21_dc2r2_r1_AGTCAATGTTATCCTA,GluN4
hft_ctx_w21_dc2r2_r1_AGTCAGGCACATACTG,nIPC/GluN1
hft_ctx_w21_dc2r2_r1_AGTCCTGAGCTAGAAG,GluN3
hft_ctx_w21_dc2r2_r1_AGTCTTGCAACTAGAA,nIPC/GluN1
hft_ctx_w21_dc2r2_r1_AGTCTTGCACAAAGAC,GluN3
hft_ctx_w21_dc2r2_r1_AGTGAACCATAATGTC,nIPC/GluN1
hft_ctx_w21_dc2r2_r1_AGTGAACCATCCCGCT,nIPC/GluN1
hft_ctx_w21_dc2r2_r1_AGTGAGTCAAGCCACT,GluN3
hft_ctx_w21_dc2r2_r1_AGTGAGTCATTATGGT,nIPC/GluN1
hft_ctx_w21_dc2r2_r1_AGTGAGTCATTGTTGG,Cyc. Prog.
hft_ctx_w21_dc2r2_r1_AGTGATGAGGCGAAAC,RG
hft_ctx_w21_dc2r2_r1_AGTGCACGTACCGTAA,nIPC/GluN1
hft_ctx_w21_dc2r2_r1_AGTGCACGTTAGTGAT,GluN2
hft_ctx_w21_dc2r2_r1_AGTGCCGGTTACTTCA,nIPC/GluN1
hft_ctx_w21_dc2r2_r1_AGTGCGGAGGTCCAAT,GluN2
hft_ctx_w21_dc2r2_r1_AGTGGACAGACAGGCG,GluN2
hft_ctx_w21_dc2r2_r1_AGTGTGGCACTTAACG,RG
hft_ctx_w21_dc2r2_r1_AGTGTGGCATGCTTAG,Cyc. Prog.
hft_ctx_w21_dc2r2_r1_AGTTACATCTTAGTGA,nIPC/GluN1
hft_ctx_w21_dc2r2_r1_AGTTACTCAATCATGT,nIPC/GluN1
hft_ctx_w21_dc2r2_r1_AGTTACTCATGAAATG,GluN2
hft_ctx_w21_dc2r2_r1_AGTTATGTCCTAAATG,GluN2
hft_ctx_w21_dc2r2_r1_AGTTATGTCGCTCCAT,GluN4
hft_ctx_w21_dc2r2_r1_AGTTGCAGTGTGCAAC,nIPC/GluN1
hft_ctx_w21_dc2r2_r1_AGTTGCAGTGTTTCAC,Cyc. Prog.
hft_ctx_w21_dc2r2_r1_AGTTGCAGTTCGCTCA,RG
hft_ctx_w21_dc2r2_r1_AGTTGGCGTGGATGTC,nIPC/GluN1
hft_ctx_w21_dc2r2_r1_AGTTGTCAGCCAAATC,GluN2
hft_ctx_w21_dc2r2_r1_AGTTTGATCATCAGTA,SP
hft_ctx_w21_dc2r2_r1_AGTTTGATCATGCGTG,GluN3
hft_ctx_w21_dc2r2_r1_AGTTTGATCGTTAGCG,nIPC/GluN1
hft_ctx_w21_dc2r2_r1_AGTTTGCAGGAGGCAT,GluN4
hft_ctx_w21_dc2r2_r1_ATAACGACAAAGCGGC,Cyc. Prog.
hft_ctx_w21_dc2r2_r1_ATAACGACACACAATT,GluN3
hft_ctx_w21_dc2r2_r1_ATAAGTCGTCATCAAG,GluN2
hft_ctx_w21_dc2r2_r1_ATACCTGCAACTAGGG,GluN4
hft_ctx_w21_dc2r2_r1_ATACCTGCATAAGTCT,RG
hft_ctx_w21_dc2r2_r1_ATAGATGCACATGCTA,GluN2
hft_ctx_w21_dc2r2_r1_ATAGCATGTGTTGTAG,nIPC/GluN1
hft_ctx_w21_dc2r2_r1_ATAGGTACAAACGCGA,GluN4
hft_ctx_w21_dc2r2_r1_ATAGGTACAGGAAGCC,nIPC/GluN1
hft_ctx_w21_dc2r2_r1_ATAGGTACATTTAAGC,nIPC/GluN1
hft_ctx_w21_dc2r2_r1_ATATAGGCAGCTAACC,GluN2
hft_ctx_w21_dc2r2_r1_ATATGCATCAAGCTAC,GluN4
hft_ctx_w21_dc2r2_r1_ATATGCATCATGCTCC,Cyc. Prog.
hft_ctx_w21_dc2r2_r1_ATATGCATCCTCACTA,nIPC/GluN1
hft_ctx_w21_dc2r2_r1_ATATGCATCGCTCCAT,GluN4
hft_ctx_w21_dc2r2_r1_ATATGCATCTGTTCAT,nIPC/GluN1
hft_ctx_w21_dc2r2_r1_ATATGCTCACTAGCGT,nIPC/GluN1
hft_ctx_w21_dc2r2_r1_ATATGCTCATCAGTAT,nIPC/GluN1
hft_ctx_w21_dc2r2_r1_ATATGGTGTATTGGTG,nIPC/GluN1
hft_ctx_w21_dc2r2_r1_ATATGGTGTCTAACCT,SP
hft_ctx_w21_dc2r2_r1_ATATGGTGTGGGTGAA,GluN2
hft_ctx_w21_dc2r2_r1_ATATGGTGTTAACAGT,GluN4
hft_ctx_w21_dc2r2_r1_ATATGGTGTTAAGTGT,Cyc. Prog.
hft_ctx_w21_dc2r2_r1_ATATGTCCAAATGCCC,GluN4
hft_ctx_w21_dc2r2_r1_ATCAAGACAATATAGG,GluN2
hft_ctx_w21_dc2r2_r1_ATCAAGACAGAAACGT,GluN2
hft_ctx_w21_dc2r2_r1_ATCAATCCAAACGCGA,GluN2
hft_ctx_w21_dc2r2_r1_ATCACAATCACATTGA,GluN2
hft_ctx_w21_dc2r2_r1_ATCACACAGGCATGAA,nIPC/GluN1
hft_ctx_w21_dc2r2_r1_ATCACCCTCAGAAACG,SP
hft_ctx_w21_dc2r2_r1_ATCACCCTCCGTGACA,GluN4
hft_ctx_w21_dc2r2_r1_ATCACCCTCTTGAGGT,RG
hft_ctx_w21_dc2r2_r1_ATCACTAAGCGCCTAA,nIPC/GluN1
hft_ctx_w21_dc2r2_r1_ATCAGGTTCCCTCTAA,nIPC/GluN1
hft_ctx_w21_dc2r2_r1_ATCAGGTTCTAACCAA,SP
hft_ctx_w21_dc2r2_r1_ATCAGGTTCTCGACCT,GluN2
hft_ctx_w21_dc2r2_r1_ATCATCAAGGGACTAA,GluN3
hft_ctx_w21_dc2r2_r1_ATCATGTCAACAGCCT,nIPC/GluN1
hft_ctx_w21_dc2r2_r1_ATCATGTCAACAGGTG,GluN2
hft_ctx_w21_dc2r2_r1_ATCCAACAGCCTCTCG,GluN2
hft_ctx_w21_dc2r2_r1_ATCCAACAGGATCACT,nIPC/GluN1
hft_ctx_w21_dc2r2_r1_ATCCAACAGGCTAGAA,GluN2
hft_ctx_w21_dc2r2_r1_ATCCGTGAGGAAGCAC,GluN4
hft_ctx_w21_dc2r2_r1_ATCCTCATCCGGGACT,GluN3
hft_ctx_w21_dc2r2_r1_ATCCTCATCCTCACTA,GluN2
hft_ctx_w21_dc2r2_r1_ATCCTTAGTCAAAGAA,GluN2
hft_ctx_w21_dc2r2_r1_ATCCTTAGTTTCGCCA,GluN3
hft_ctx_w21_dc2r2_r1_ATCGAGGCAAGCCAGA,GluN3
hft_ctx_w21_dc2r2_r1_ATCGCTTGTCTAGCTT,GluN2
hft_ctx_w21_dc2r2_r1_ATCTATGAGCTAATCA,mGPC/OPC
hft_ctx_w21_dc2r2_r1_ATCTATGAGGAGGCAT,GluN3
hft_ctx_w21_dc2r2_r1_ATCTATGAGGGCCATC,GluN3
hft_ctx_w21_dc2r2_r1_ATCTTTGGTAGTTACG,GluN2
hft_ctx_w21_dc2r2_r1_ATCTTTGGTATTGTGG,mGPC/OPC
hft_ctx_w21_dc2r2_r1_ATGAAGTAGTGAGCAA,nIPC/GluN1
hft_ctx_w21_dc2r2_r1_ATGAATGCAGCCAGTT,GluN3
hft_ctx_w21_dc2r2_r1_ATGAATGCATCACTTC,RG
hft_ctx_w21_dc2r2_r1_ATGACAACATCATGGC,GluN4
hft_ctx_w21_dc2r2_r1_ATGACAACATGAGCAG,nIPC/GluN1
hft_ctx_w21_dc2r2_r1_ATGACAACATGCTTAG,nIPC/GluN1
hft_ctx_w21_dc2r2_r1_ATGACCAGTATTGAGT,GluN2
hft_ctx_w21_dc2r2_r1_ATGACGAAGGGTTATC,mGPC/OPC
hft_ctx_w21_dc2r2_r1_ATGACTCAGCACAGAA,nIPC/GluN1
hft_ctx_w21_dc2r2_r1_ATGATGGAGATAAAGC,mGPC/OPC
hft_ctx_w21_dc2r2_r1_ATGCAAACAACAGGTG,nIPC/GluN1
hft_ctx_w21_dc2r2_r1_ATGCAAACACCTGCCT,GluN2
hft_ctx_w21_dc2r2_r1_ATGCAAACACGAACAG,GluN2
hft_ctx_w21_dc2r2_r1_ATGCAGGCAAGGTCCT,nIPC/GluN1
hft_ctx_w21_dc2r2_r1_ATGCATTCAAGGTATA,GluN4
hft_ctx_w21_dc2r2_r1_ATGCATTCAATGAATG,GluN4
hft_ctx_w21_dc2r2_r1_ATGCATTCACTAGGTC,Cyc. Prog.
hft_ctx_w21_dc2r2_r1_ATGCATTCAGACAAAC,RG
hft_ctx_w21_dc2r2_r1_ATGCATTCAGCAATAA,GluN2
hft_ctx_w21_dc2r2_r1_ATGCATTCATAGCTGC,nIPC/GluN1
hft_ctx_w21_dc2r2_r1_ATGCCTGAGTTTGGTA,RG
hft_ctx_w21_dc2r2_r1_ATGCGATTCGGTTTGG,GluN2
hft_ctx_w21_dc2r2_r1_ATGGCCCAGCGCATTG,GluN4
hft_ctx_w21_dc2r2_r1_ATGGCCCAGGAGCACG,nIPC/GluN1
hft_ctx_w21_dc2r2_r1_ATGGCCGGTAAGGTCC,GluN2
hft_ctx_w21_dc2r2_r1_ATGGCCGGTGTTCCCA,nIPC/GluN1
hft_ctx_w21_dc2r2_r1_ATGGCCGGTTGACTTC,RG
hft_ctx_w21_dc2r2_r1_ATGGCTAGTACGCGCA,nIPC/GluN1
hft_ctx_w21_dc2r2_r1_ATGGCTAGTCCTCCAA,nIPC/GluN1
hft_ctx_w21_dc2r2_r1_ATGGCTAGTGAGAAAC,nIPC/GluN1
hft_ctx_w21_dc2r2_r1_ATGGCTAGTTACAAAC,nIPC/GluN1
hft_ctx_w21_dc2r2_r1_ATGGCTGTCACTTTAC,GluN2
hft_ctx_w21_dc2r2_r1_ATGGCTGTCCCATAAA,GluN2
hft_ctx_w21_dc2r2_r1_ATGGCTGTCCTAAATG,GluN3
hft_ctx_w21_dc2r2_r1_ATGGCTTAGACTTATG,nIPC/GluN1
hft_ctx_w21_dc2r2_r1_ATGGCTTAGGGATGAC,RG
hft_ctx_w21_dc2r2_r1_ATGGTCTAGTAACAGG,mGPC/OPC
hft_ctx_w21_dc2r2_r1_ATGGTCTAGTCACGAT,mGPC/OPC
hft_ctx_w21_dc2r2_r1_ATGGTCTAGTCATTGA,nIPC/GluN1
hft_ctx_w21_dc2r2_r1_ATGGTGCGTCAATAGT,GluN2
hft_ctx_w21_dc2r2_r1_ATGGTGCGTCTTGCAT,nIPC/GluN1
hft_ctx_w21_dc2r2_r1_ATGGTTATCAGTATTG,GluN2
hft_ctx_w21_dc2r2_r1_ATGGTTATCCATAAGC,nIPC/GluN1
hft_ctx_w21_dc2r2_r1_ATGGTTATCCGCCTAT,nIPC/GluN1
hft_ctx_w21_dc2r2_r1_ATGTAACGTCTATCGT,nIPC/GluN1
hft_ctx_w21_dc2r2_r1_ATGTAACGTTCGCTTG,GluN3
hft_ctx_w21_dc2r2_r1_ATGTAACGTTGCGGAT,nIPC/GluN1
hft_ctx_w21_dc2r2_r1_ATGTAAGCAAATATCC,GluN4
hft_ctx_w21_dc2r2_r1_ATGTCAATCATTAGTG,Cyc. Prog.
hft_ctx_w21_dc2r2_r1_ATGTCAATCCAGGGAG,nIPC/GluN1
hft_ctx_w21_dc2r2_r1_ATGTCATCAGTTTGGC,nIPC/GluN1
hft_ctx_w21_dc2r2_r1_ATGTCATCATGGCCCA,GluN2
hft_ctx_w21_dc2r2_r1_ATGTCCACAGCAGGTA,GluN3
hft_ctx_w21_dc2r2_r1_ATGTGAGAGAAGGTGC,nIPC/GluN1
hft_ctx_w21_dc2r2_r1_ATGTTCAAGATGGAGC,GluN2
hft_ctx_w21_dc2r2_r1_ATGTTCAAGTAAAGGT,nIPC/GluN1
hft_ctx_w21_dc2r2_r1_ATGTTCAAGTGCACGC,GluN3
hft_ctx_w21_dc2r2_r1_ATGTTGTCACGGTACT,GluN2
hft_ctx_w21_dc2r2_r1_ATGTTTGAGACAGGTA,nIPC/GluN1
hft_ctx_w21_dc2r2_r1_ATGTTTGAGGGATTAG,GluN3
hft_ctx_w21_dc2r2_r1_ATGTTTGAGTTTGGTA,nIPC/GluN1
hft_ctx_w21_dc2r2_r1_ATTAACCCAATAGCAA,GluN3
hft_ctx_w21_dc2r2_r1_ATTACCCGTACGCGCA,GluN3
hft_ctx_w21_dc2r2_r1_ATTACCGCAAGGGTTG,GluN2
hft_ctx_w21_dc2r2_r1_ATTACCGCAGGGAGCT,GluN2
hft_ctx_w21_dc2r2_r1_ATTACCGCATCGCTCC,nIPC/GluN1
hft_ctx_w21_dc2r2_r1_ATTACGTCAATGCCTA,nIPC/GluN1
hft_ctx_w21_dc2r2_r1_ATTAGGTGTATGGTGC,GluN2
hft_ctx_w21_dc2r2_r1_ATTAGTCCACCCACAG,GluN2
hft_ctx_w21_dc2r2_r1_ATTAGTCCAGGATAAC,nIPC/GluN1
hft_ctx_w21_dc2r2_r1_ATTATGGTCCTTGCGT,GluN3
hft_ctx_w21_dc2r2_r1_ATTCAACCAACAGCCT,GluN3
hft_ctx_w21_dc2r2_r1_ATTCACTTCTGTAAGC,nIPC/GluN1
hft_ctx_w21_dc2r2_r1_ATTCCGGAGCTCCTAC,nIPC/GluN1
hft_ctx_w21_dc2r2_r1_ATTCCGGAGGCTAATC,nIPC/GluN1
hft_ctx_w21_dc2r2_r1_ATTCCGGAGGGTGAAC,nIPC/GluN1
hft_ctx_w21_dc2r2_r1_ATTCCGGAGGTCGAGG,nIPC/GluN1
hft_ctx_w21_dc2r2_r1_ATTCCTCCAAGTAAGC,nIPC/GluN1
hft_ctx_w21_dc2r2_r1_ATTGACTCAAATTCGT,GluN4
hft_ctx_w21_dc2r2_r1_ATTGCAGGTTACTAGG,Cyc. Prog.
hft_ctx_w21_dc2r2_r1_ATTGCAGGTTTCCACG,RG
hft_ctx_w21_dc2r2_r1_ATTGCGCCATCCATCT,GluN4
hft_ctx_w21_dc2r2_r1_ATTGCGCCATTGGGAG,nIPC/GluN1
hft_ctx_w21_dc2r2_r1_ATTGCTCGTGCTAGCG,mGPC/OPC
hft_ctx_w21_dc2r2_r1_ATTGTCCGTAGCTAAT,GluN3
hft_ctx_w21_dc2r2_r1_ATTGTGATCATAACCA,GluN5
hft_ctx_w21_dc2r2_r1_ATTTAGCCATGAAGTA,nIPC/GluN1
hft_ctx_w21_dc2r2_r1_ATTTAGGTCAATCTAG,GluN2
hft_ctx_w21_dc2r2_r1_ATTTAGGTCCATTACT,GluN2
hft_ctx_w21_dc2r2_r1_ATTTGCAAGCACTAAC,nIPC/GluN1
hft_ctx_w21_dc2r2_r1_ATTTGCGCAAGTGAAC,GluN2
hft_ctx_w21_dc2r2_r1_ATTTGTGAGGGATTAG,GluN3
hft_ctx_w21_dc2r2_r1_CAAACAACACAAACTT,GluN2
hft_ctx_w21_dc2r2_r1_CAAACAACAGTCTATG,nIPC/GluN1
hft_ctx_w21_dc2r2_r1_CAAACAACATAAGTTC,nIPC/GluN1
hft_ctx_w21_dc2r2_r1_CAAACAACATAGCAGG,nIPC/GluN1
hft_ctx_w21_dc2r2_r1_CAAACACTCTAAGGAG,GluN3
hft_ctx_w21_dc2r2_r1_CAAACTGGTGTCCTGC,GluN2
hft_ctx_w21_dc2r2_r1_CAAAGGATCGCACAAT,mGPC/OPC
hft_ctx_w21_dc2r2_r1_CAAAGGATCTGGTCCT,nIPC/GluN1
hft_ctx_w21_dc2r2_r1_CAAATCATCGTGCCTT,GluN4
hft_ctx_w21_dc2r2_r1_CAACAATGTACAAAGA,GluN4
hft_ctx_w21_dc2r2_r1_CAACAATGTCACCAAA,SP
hft_ctx_w21_dc2r2_r1_CAACAGGCAGGCAAGC,GluN3
hft_ctx_w21_dc2r2_r1_CAACCCGCAGGCCTTG,nIPC/GluN1
hft_ctx_w21_dc2r2_r1_CAACCCTTCCTTGTTG,nIPC/GluN1
hft_ctx_w21_dc2r2_r1_CAACCCTTCTTGCAAA,Cyc. Prog.
hft_ctx_w21_dc2r2_r1_CAACTAGGTGACCTGG,GluN2
hft_ctx_w21_dc2r2_r1_CAAGCTAGTTCCGCAC,nIPC/GluN1
hft_ctx_w21_dc2r2_r1_CAAGGCCTCCACCTTA,mGPC/OPC
hft_ctx_w21_dc2r2_r1_CAAGGCTGTTAAATGC,nIPC/GluN1
hft_ctx_w21_dc2r2_r1_CAAGGGAGTTGGTTCT,Cyc. Prog.
hft_ctx_w21_dc2r2_r1_CAAGGTAAGCGATAAG,RG
hft_ctx_w21_dc2r2_r1_CAAGGTAAGCTCCTAC,GluN2
hft_ctx_w21_dc2r2_r1_CAAGGTAAGCTCGCTT,nIPC/GluN1
hft_ctx_w21_dc2r2_r1_CAAGGTAAGTAAGAAC,GluN3
hft_ctx_w21_dc2r2_r1_CAAGTAACACCCTCAC,GluN5
hft_ctx_w21_dc2r2_r1_CAAGTAACAGCGCTTG,mGPC/OPC
hft_ctx_w21_dc2r2_r1_CAAGTAACAGGCATGA,GluN3
hft_ctx_w21_dc2r2_r1_CAAGTATGTATGTGGC,GluN3
hft_ctx_w21_dc2r2_r1_CAAGTATGTCTATCGT,nIPC/GluN1
hft_ctx_w21_dc2r2_r1_CAAGTATGTTCCTGTG,GluN3
hft_ctx_w21_dc2r2_r1_CAAGTTATCCGGGACT,GluN4
hft_ctx_w21_dc2r2_r1_CAATAAGCAATTAAGG,nIPC/GluN1
hft_ctx_w21_dc2r2_r1_CAATAAGCAATTAGCT,GluN2
hft_ctx_w21_dc2r2_r1_CAATAAGCACCCACCT,RG
hft_ctx_w21_dc2r2_r1_CAATAAGCATCAATCG,RG
hft_ctx_w21_dc2r2_r1_CAATAGCTCATTGTCT,mGPC/OPC
hft_ctx_w21_dc2r2_r1_CAATATGTCCTTAAGA,GluN2
hft_ctx_w21_dc2r2_r1_CAATCCCTCATTTGTC,GluN4
hft_ctx_w21_dc2r2_r1_CAATCCTGTTCGCTTG,Cyc. Prog.
hft_ctx_w21_dc2r2_r1_CAATCGCCAAGGGTTG,mGPC/OPC
hft_ctx_w21_dc2r2_r1_CAATCTAAGGCTAGAA,GluN2
hft_ctx_w21_dc2r2_r1_CAATCTAAGTAACGAG,GluN2
hft_ctx_w21_dc2r2_r1_CAATGAACACCCTCAC,GluN2
hft_ctx_w21_dc2r2_r1_CAATGAACATCCTGAA,GluN3
hft_ctx_w21_dc2r2_r1_CAATGACTCAGCTAAC,nIPC/GluN1
hft_ctx_w21_dc2r2_r1_CAATGACTCGCAGGCT,GluN2
hft_ctx_w21_dc2r2_r1_CAATGCCCAGGTATTT,SP
hft_ctx_w21_dc2r2_r1_CAATGTCAGCGGGCAA,nIPC/GluN1
hft_ctx_w21_dc2r2_r1_CAATGTGGTAGCCATA,GluN4
hft_ctx_w21_dc2r2_r1_CACAAGCGTCCCGGAA,GluN2
hft_ctx_w21_dc2r2_r1_CACAAGCGTTTGACCT,GluN3
hft_ctx_w21_dc2r2_r1_CACAATATCACCTGTC,nIPC/GluN1
hft_ctx_w21_dc2r2_r1_CACAGGCTCATTTAGG,GluN4
hft_ctx_w21_dc2r2_r1_CACAGGGAGCAGCTAT,nIPC/GluN1
hft_ctx_w21_dc2r2_r1_CACATACAGTCTCACC,nIPC/GluN1
hft_ctx_w21_dc2r2_r1_CACATACAGTCTTGAA,GluN2
hft_ctx_w21_dc2r2_r1_CACATTAAGTGAACAG,nIPC/GluN1
hft_ctx_w21_dc2r2_r1_CACCGGTAGAGGAAGG,nIPC/GluN1
hft_ctx_w21_dc2r2_r1_CACCTGTTCCGTGACA,nIPC/GluN1
hft_ctx_w21_dc2r2_r1_CACCTGTTCCGTTATT,nIPC/GluN1
hft_ctx_w21_dc2r2_r1_CACGCTAAGGCCGGAA,nIPC/GluN1
hft_ctx_w21_dc2r2_r1_CACTAAGGTCGCAAAC,GluN4
hft_ctx_w21_dc2r2_r1_CACTAAGGTGCCTCAC,nIPC/GluN1
hft_ctx_w21_dc2r2_r1_CACTAAGGTGTGAGGA,GluN4
hft_ctx_w21_dc2r2_r1_CACTAGCCAGCGCTTG,SP
hft_ctx_w21_dc2r2_r1_CACTAGCCATGATTGT,GluN2
hft_ctx_w21_dc2r2_r1_CACTGACCAACGTGCT,Cyc. Prog.
hft_ctx_w21_dc2r2_r1_CACTGACCACGAATCC,nIPC/GluN1
hft_ctx_w21_dc2r2_r1_CACTGACCAGAATGAC,mGPC/OPC
hft_ctx_w21_dc2r2_r1_CACTGACCAGGCGATA,GluN2
hft_ctx_w21_dc2r2_r1_CACTGACCATAAGCAA,GluN2
hft_ctx_w21_dc2r2_r1_CACTGACCATTGTGAT,mGPC/OPC
hft_ctx_w21_dc2r2_r1_CACTTAAAGGACACTT,GluN4
hft_ctx_w21_dc2r2_r1_CACTTAAAGGTCGATT,nIPC/GluN1
hft_ctx_w21_dc2r2_r1_CACTTAAAGGTGCTGC,RG
hft_ctx_w21_dc2r2_r1_CAGAACCGTAATCACG,Cyc. Prog.
hft_ctx_w21_dc2r2_r1_CAGAACCGTCAAGTGC,GluN2
hft_ctx_w21_dc2r2_r1_CAGAACCGTCATCAAG,GluN2
hft_ctx_w21_dc2r2_r1_CAGAACCGTTAGACCA,SP
hft_ctx_w21_dc2r2_r1_CAGAATCTCCTTGTTG,nIPC/GluN1
hft_ctx_w21_dc2r2_r1_CAGAATCTCTTGCATT,GluN2
hft_ctx_w21_dc2r2_r1_CAGCAAGCAACAGGTG,GluN3
hft_ctx_w21_dc2r2_r1_CAGCAAGCAAGGTCCT,GluN2
hft_ctx_w21_dc2r2_r1_CAGCAAGCACCTGGTG,GluN2
hft_ctx_w21_dc2r2_r1_CAGCAAGCAGCACCAT,GluN3
hft_ctx_w21_dc2r2_r1_CAGCAAGCAGGTTAAA,GluN2
hft_ctx_w21_dc2r2_r1_CAGCATGTCACGAATC,nIPC/GluN1
hft_ctx_w21_dc2r2_r1_CAGCATGTCATAGACC,GluN2
hft_ctx_w21_dc2r2_r1_CAGCATGTCCTGGTCT,GluN2
hft_ctx_w21_dc2r2_r1_CAGCATGTCGATAACC,GluN3
hft_ctx_w21_dc2r2_r1_CAGCCTAAGCTCGCTT,nIPC/GluN1
hft_ctx_w21_dc2r2_r1_CAGCCTAAGGATGATG,mGPC/OPC
hft_ctx_w21_dc2r2_r1_CAGCTAAGTACCTTAC,nIPC/GluN1
hft_ctx_w21_dc2r2_r1_CAGCTATAGGAGGACT,GluN3
hft_ctx_w21_dc2r2_r1_CAGCTATAGTAAGTGG,RG
hft_ctx_w21_dc2r2_r1_CAGCTCAAGCCTAATA,mGPC/OPC
hft_ctx_w21_dc2r2_r1_CAGGAAGGTTATAGCG,RG
hft_ctx_w21_dc2r2_r1_CAGGACACAAGTTATC,mGPC/OPC
hft_ctx_w21_dc2r2_r1_CAGGACCTCTTGTCCA,GluN3
hft_ctx_w21_dc2r2_r1_CAGGGTGAGCTCGCTT,GluN2
hft_ctx_w21_dc2r2_r1_CAGGGTGAGTGAGGGT,SP
hft_ctx_w21_dc2r2_r1_CAGGTCCAGCTCCTAC,RG
hft_ctx_w21_dc2r2_r1_CAGGTGGAGCATTATG,GluN2
hft_ctx_w21_dc2r2_r1_CAGGTTAGTCGCAATA,nIPC/GluN1
hft_ctx_w21_dc2r2_r1_CAGGTTAGTTTGAGCA,GluN4
hft_ctx_w21_dc2r2_r1_CAGTACCCAAGGACCA,nIPC/GluN1
hft_ctx_w21_dc2r2_r1_CAGTACCCAAGGATTA,GluN2
hft_ctx_w21_dc2r2_r1_CATAACGGTTTACCGT,nIPC/GluN1
hft_ctx_w21_dc2r2_r1_CATAATCCATAGCAGG,GluN2
hft_ctx_w21_dc2r2_r1_CATAATCCATGTCAGC,nIPC/GluN1
hft_ctx_w21_dc2r2_r1_CATAATGTCGGCTAGC,GluN2
hft_ctx_w21_dc2r2_r1_CATAGACTCTGGTCCT,mGPC/OPC
hft_ctx_w21_dc2r2_r1_CATAGCTAGTAAAGGT,nIPC/GluN1
hft_ctx_w21_dc2r2_r1_CATAGCTAGTGAGGGT,GluN4
hft_ctx_w21_dc2r2_r1_CATAGGCGTGCTAGCG,mGPC/OPC
hft_ctx_w21_dc2r2_r1_CATAGGTTCTCGCCCA,nIPC/GluN1
hft_ctx_w21_dc2r2_r1_CATAGTCAGTTAGCCG,Cyc. Prog.
hft_ctx_w21_dc2r2_r1_CATATCGCATCGCTTT,GluN4
hft_ctx_w21_dc2r2_r1_CATCAATCAACCCTCC,GluN2
hft_ctx_w21_dc2r2_r1_CATCAATCAATAATGG,GluN3
hft_ctx_w21_dc2r2_r1_CATCAATCAATAGTCT,Cyc. Prog.
hft_ctx_w21_dc2r2_r1_CATCAATCAGTTTGGC,GluN2
hft_ctx_w21_dc2r2_r1_CATCACACACCTAATG,GluN4
hft_ctx_w21_dc2r2_r1_CATCATAAGCACTAGT,nIPC/GluN1
hft_ctx_w21_dc2r2_r1_CATCATGCAGATTCAT,GluN4
hft_ctx_w21_dc2r2_r1_CATCCCAGTATTGGTG,GluN2
hft_ctx_w21_dc2r2_r1_CATCCTCAGCTCCCTG,Cyc. Prog.
hft_ctx_w21_dc2r2_r1_CATCCTCAGGATAAAC,GluN2
hft_ctx_w21_dc2r2_r1_CATCCTGGTCCGGTTC,SP
hft_ctx_w21_dc2r2_r1_CATCCTTCATTAAGCT,nIPC/GluN1
hft_ctx_w21_dc2r2_r1_CATCGCTTCGTGCTTC,nIPC/GluN1
hft_ctx_w21_dc2r2_r1_CATGAGGCAGCCAGAA,nIPC/GluN1
hft_ctx_w21_dc2r2_r1_CATGAGGCAGGCATGA,nIPC/GluN1
hft_ctx_w21_dc2r2_r1_CATGCATAGCTCATAA,nIPC/GluN1
hft_ctx_w21_dc2r2_r1_CATGCGCAGGGTGAGT,nIPC/GluN1
hft_ctx_w21_dc2r2_r1_CATGCGGGTAATCACG,GluN2
hft_ctx_w21_dc2r2_r1_CATGCGGGTAGTTAAC,nIPC/GluN1
hft_ctx_w21_dc2r2_r1_CATGCGGGTCGCGCAA,nIPC/GluN1
hft_ctx_w21_dc2r2_r1_CATGGATTCAATAGCC,nIPC/GluN1
hft_ctx_w21_dc2r2_r1_CATGGATTCCCTCTAA,nIPC/GluN1
hft_ctx_w21_dc2r2_r1_CATGGATTCGCTCCAT,RG
hft_ctx_w21_dc2r2_r1_CATGGATTCTCCATAT,GluN3
hft_ctx_w21_dc2r2_r1_CATGGATTCTGTGCAG,GluN2
hft_ctx_w21_dc2r2_r1_CATGGCGGTTCGGTAA,GluN3
hft_ctx_w21_dc2r2_r1_CATTATCTCGAGGTGG,GluN4
hft_ctx_w21_dc2r2_r1_CATTATCTCGTTTCTG,GluN2
hft_ctx_w21_dc2r2_r1_CATTATGAGACAAAGT,GluN2
hft_ctx_w21_dc2r2_r1_CATTATGAGTGCTGTG,GluN2
hft_ctx_w21_dc2r2_r1_CATTCATTCCGTCCAT,nIPC/GluN1
hft_ctx_w21_dc2r2_r1_CATTCATTCGTCATTT,GluN2
hft_ctx_w21_dc2r2_r1_CATTCATTCGTTATCT,Cyc. Prog.
hft_ctx_w21_dc2r2_r1_CATTCATTCTGTGCCT,GluN3
hft_ctx_w21_dc2r2_r1_CATTGCGAGGTCTTGG,GluN2
hft_ctx_w21_dc2r2_r1_CATTGTAAGCTTTGTT,GluN3
hft_ctx_w21_dc2r2_r1_CATTGTAAGGCATGAA,nIPC/GluN1
hft_ctx_w21_dc2r2_r1_CATTGTGCAATTAAGG,GluN4
hft_ctx_w21_dc2r2_r1_CATTTGTTCAGTGAAG,nIPC/GluN1
hft_ctx_w21_dc2r2_r1_CCAAACTAGTCTTGAA,RG
hft_ctx_w21_dc2r2_r1_CCAACATAGCATGAAG,GluN2
hft_ctx_w21_dc2r2_r1_CCAACATAGCGTGCGT,mGPC/OPC
hft_ctx_w21_dc2r2_r1_CCAACATAGGCAAGTA,RG
hft_ctx_w21_dc2r2_r1_CCAACATAGGCCTTAG,RG
hft_ctx_w21_dc2r2_r1_CCAACCAAGTCATTAG,GluN3
hft_ctx_w21_dc2r2_r1_CCAAGGCTCGTTCACC,GluN2
hft_ctx_w21_dc2r2_r1_CCAATATCAACTAGAA,GluN2
hft_ctx_w21_dc2r2_r1_CCAATATCACTAAGAA,GluN2
hft_ctx_w21_dc2r2_r1_CCACACAAGCGCATTG,GluN2
hft_ctx_w21_dc2r2_r1_CCACACAAGGCTTAAC,nIPC/GluN1
hft_ctx_w21_dc2r2_r1_CCACACAAGTCACTCC,GluN3
hft_ctx_w21_dc2r2_r1_CCACAGGGTAGCTGGT,nIPC/GluN1
hft_ctx_w21_dc2r2_r1_CCACAGGGTGCTCACC,RG
hft_ctx_w21_dc2r2_r1_CCACATTGTTTCCGGC,GluN2
hft_ctx_w21_dc2r2_r1_CCACTTGGTCAAAGGG,GluN2
hft_ctx_w21_dc2r2_r1_CCAGCCTGTTGCGCGA,nIPC/GluN1
hft_ctx_w21_dc2r2_r1_CCAGCTAAGCGCAATT,RG
hft_ctx_w21_dc2r2_r1_CCAGCTAAGGCGAAAC,GluN4
hft_ctx_w21_dc2r2_r1_CCAGCTAAGTCCTTTG,Cyc. Prog.
hft_ctx_w21_dc2r2_r1_CCAGCTGCAAAGCGGC,nIPC/GluN1
hft_ctx_w21_dc2r2_r1_CCAGCTGCACTGACCG,nIPC/GluN1
hft_ctx_w21_dc2r2_r1_CCAGCTGCATCGCTTT,SP
hft_ctx_w21_dc2r2_r1_CCAGGATGTTGTTGTC,GluN3
hft_ctx_w21_dc2r2_r1_CCAGTTTGTAATGGAA,GluN4
hft_ctx_w21_dc2r2_r1_CCAGTTTGTCACAGCG,Cyc. Prog.
hft_ctx_w21_dc2r2_r1_CCAGTTTGTCGCAATA,SP
hft_ctx_w21_dc2r2_r1_CCAGTTTGTGCTTAGA,Cyc. Prog.
hft_ctx_w21_dc2r2_r1_CCATAAATCCTTGAGG,mGPC/OPC
hft_ctx_w21_dc2r2_r1_CCATAAGGTCATCCTG,nIPC/GluN1
hft_ctx_w21_dc2r2_r1_CCATAGCCACTAAATC,GluN2
hft_ctx_w21_dc2r2_r1_CCATATTTCAAGCTTA,nIPC/GluN1
hft_ctx_w21_dc2r2_r1_CCATCATGTTCCGGCT,nIPC/GluN1
hft_ctx_w21_dc2r2_r1_CCATTATTCATTTAGG,RG
hft_ctx_w21_dc2r2_r1_CCATTGTGTAGTTACG,nIPC/GluN1
hft_ctx_w21_dc2r2_r1_CCATTGTGTCGACTAA,GluN4
hft_ctx_w21_dc2r2_r1_CCCAAACCAAACTCAT,GluN2
hft_ctx_w21_dc2r2_r1_CCCAAACCACATGCTA,nIPC/GluN1
hft_ctx_w21_dc2r2_r1_CCCAAACCATCATGGC,GluN3
hft_ctx_w21_dc2r2_r1_CCCAAATAGCGAGTAA,GluN2
hft_ctx_w21_dc2r2_r1_CCCAACCGTTCCGCAC,nIPC/GluN1
hft_ctx_w21_dc2r2_r1_CCCAATTGTACCGAAC,GluN2
hft_ctx_w21_dc2r2_r1_CCCAATTGTCTTTGAC,RG
hft_ctx_w21_dc2r2_r1_CCCAATTGTTACAAAC,GluN4
hft_ctx_w21_dc2r2_r1_CCCAATTGTTTACGTC,nIPC/GluN1
hft_ctx_w21_dc2r2_r1_CCCAGCACACCAAAGG,GluN2
hft_ctx_w21_dc2r2_r1_CCCAGCACATCTAGCA,Cyc. Prog.
hft_ctx_w21_dc2r2_r1_CCCAGCACATTAAGCT,GluN2
hft_ctx_w21_dc2r2_r1_CCCATAACAGGCAAGC,GluN2
hft_ctx_w21_dc2r2_r1_CCCATAACATCCCTCA,RG
hft_ctx_w21_dc2r2_r1_CCCGCAACACGGTACT,Cyc. Prog.
hft_ctx_w21_dc2r2_r1_CCCGCAACATAGCTTG,SP
hft_ctx_w21_dc2r2_r1_CCCGCTTCAACTGGGA,nIPC/GluN1
hft_ctx_w21_dc2r2_r1_CCCGTTGTCACAGGAA,nIPC/GluN1
hft_ctx_w21_dc2r2_r1_CCCGTTGTCCGCCTCA,GluN2
hft_ctx_w21_dc2r2_r1_CCCTAATGTGATTTGG,nIPC/GluN1
hft_ctx_w21_dc2r2_r1_CCCTCACCAACCGCCA,Cyc. Prog.
hft_ctx_w21_dc2r2_r1_CCCTCACCAATGAATG,GluN3
hft_ctx_w21_dc2r2_r1_CCCTCACCAGGCTGTT,GluN2
hft_ctx_w21_dc2r2_r1_CCCTCACCATGTCAAT,mGPC/OPC
hft_ctx_w21_dc2r2_r1_CCCTCAGTCGCTAGTG,nIPC/GluN1
hft_ctx_w21_dc2r2_r1_CCCTCAGTCGTTAGTA,GluN4
hft_ctx_w21_dc2r2_r1_CCCTCAGTCTTGAGCG,RG
hft_ctx_w21_dc2r2_r1_CCCTCAGTCTTGGATA,GluN2
hft_ctx_w21_dc2r2_r1_CCCTCATAGTAACAGG,GluN2
hft_ctx_w21_dc2r2_r1_CCCTCATAGTTAGAGG,nIPC/GluN1
hft_ctx_w21_dc2r2_r1_CCCTCATAGTTGGATC,GluN2
hft_ctx_w21_dc2r2_r1_CCCTGGACAACACCTA,GluN2
hft_ctx_w21_dc2r2_r1_CCCTGTTAGTGGACAA,Cyc. Prog.
hft_ctx_w21_dc2r2_r1_CCCTTAATCGCTTGCT,nIPC/GluN1
hft_ctx_w21_dc2r2_r1_CCCTTAATCTCTAGCC,GluN2
hft_ctx_w21_dc2r2_r1_CCGATGCAGTTGTCAA,nIPC/GluN1
hft_ctx_w21_dc2r2_r1_CCGCAAGGTTCCGGGA,nIPC/GluN1
hft_ctx_w21_dc2r2_r1_CCGCACACAATATAGG,GluN2
hft_ctx_w21_dc2r2_r1_CCGCACACAGAAATTG,GluN4
hft_ctx_w21_dc2r2_r1_CCGCACACAGCACCAT,GluN2
hft_ctx_w21_dc2r2_r1_CCGCACACAGCTAATT,nIPC/GluN1
hft_ctx_w21_dc2r2_r1_CCGCCAACACCAACCG,nIPC/GluN1
hft_ctx_w21_dc2r2_r1_CCGCCAACAGCAAATA,GluN4
hft_ctx_w21_dc2r2_r1_CCGCCAACATTATGAC,mGPC/OPC
hft_ctx_w21_dc2r2_r1_CCGCTAGCAAACGCGA,GluN2
hft_ctx_w21_dc2r2_r1_CCGCTTAGTTGCCTCA,GluN3
hft_ctx_w21_dc2r2_r1_CCGGTAGGTGGGTGAA,nIPC/GluN1
hft_ctx_w21_dc2r2_r1_CCGTGCTGTTATCCGT,GluN3
hft_ctx_w21_dc2r2_r1_CCGTTAACAAACTCAT,GluN3
hft_ctx_w21_dc2r2_r1_CCGTTAACAGAACCGA,GluN3
hft_ctx_w21_dc2r2_r1_CCGTTACTCATAACCA,nIPC/GluN1
hft_ctx_w21_dc2r2_r1_CCGTTACTCATTATGG,GluN4
hft_ctx_w21_dc2r2_r1_CCGTTACTCATTCATC,GluN2
hft_ctx_w21_dc2r2_r1_CCGTTACTCGATTCTT,GluN3
hft_ctx_w21_dc2r2_r1_CCGTTATGTGTGCACG,nIPC/GluN1
hft_ctx_w21_dc2r2_r1_CCGTTATGTTGCGCGA,nIPC/GluN1
hft_ctx_w21_dc2r2_r1_CCGTTGCGTAATCACG,GluN4
hft_ctx_w21_dc2r2_r1_CCGTTGCGTAGTTAAC,nIPC/GluN1
hft_ctx_w21_dc2r2_r1_CCGTTGCGTCGCGCAA,GluN2
hft_ctx_w21_dc2r2_r1_CCGTTTGGTGCATTTC,nIPC/GluN1
hft_ctx_w21_dc2r2_r1_CCTAAAGGTAGCCTAA,nIPC/GluN1
hft_ctx_w21_dc2r2_r1_CCTAAGCCACAACAAA,nIPC/GluN1
hft_ctx_w21_dc2r2_r1_CCTAAGCCAGGACCAA,RG
hft_ctx_w21_dc2r2_r1_CCTAAGGTCATGCTTT,nIPC/GluN1
hft_ctx_w21_dc2r2_r1_CCTAAGTAGGAACACA,RG
hft_ctx_w21_dc2r2_r1_CCTAAGTAGTTATCCT,GluN2
hft_ctx_w21_dc2r2_r1_CCTAATAAGTGAGCGG,GluN3
hft_ctx_w21_dc2r2_r1_CCTAATCGTCCAAATG,GluN4
hft_ctx_w21_dc2r2_r1_CCTACTTCAAACGGGC,nIPC/GluN1
hft_ctx_w21_dc2r2_r1_CCTAGTTGTCACGGAT,RG
hft_ctx_w21_dc2r2_r1_CCTATATTCCATAATG,GluN2
hft_ctx_w21_dc2r2_r1_CCTATTTAGCCTTAAA,GluN3
hft_ctx_w21_dc2r2_r1_CCTATTTAGCGCTCAA,mGPC/OPC
hft_ctx_w21_dc2r2_r1_CCTATTTAGCTTCCCG,GluN2
hft_ctx_w21_dc2r2_r1_CCTCAATGTGTTTGTC,nIPC/GluN1
hft_ctx_w21_dc2r2_r1_CCTCAGTTCAAAGGCA,RG
hft_ctx_w21_dc2r2_r1_CCTCAGTTCCTAAATG,nIPC/GluN1
hft_ctx_w21_dc2r2_r1_CCTCCTCTCCGCAACA,GluN3
hft_ctx_w21_dc2r2_r1_CCTCCTCTCGCTATGG,nIPC/GluN1
hft_ctx_w21_dc2r2_r1_CCTGACTTCTGCAACG,GluN2
hft_ctx_w21_dc2r2_r1_CCTGAGTCACTATGGC,GluN2
hft_ctx_w21_dc2r2_r1_CCTGCTCCACATAACT,GluN2
hft_ctx_w21_dc2r2_r1_CCTGGATCAAAGCTAA,nIPC/GluN1
hft_ctx_w21_dc2r2_r1_CCTGGATCAAATGCCC,GluN2
hft_ctx_w21_dc2r2_r1_CCTGGATCATAGCGAG,GluN4
hft_ctx_w21_dc2r2_r1_CCTGGTAAGGAATAAC,GluN3
hft_ctx_w21_dc2r2_r1_CCTGGTAAGGCCGGAA,SP
hft_ctx_w21_dc2r2_r1_CCTGTAACAGAGAGCC,nIPC/GluN1
hft_ctx_w21_dc2r2_r1_CCTGTAACATAATGTC,nIPC/GluN1
hft_ctx_w21_dc2r2_r1_CCTGTATGTCATTGTC,Cyc. Prog.
hft_ctx_w21_dc2r2_r1_CCTTAACGTACTGATG,mGPC/OPC
hft_ctx_w21_dc2r2_r1_CCTTACTCAGTCTATG,nIPC/GluN1
hft_ctx_w21_dc2r2_r1_CCTTAGTGTGTTAGCA,GluN3
hft_ctx_w21_dc2r2_r1_CCTTATGTCAATCTAG,GluN3
hft_ctx_w21_dc2r2_r1_CCTTATGTCCCGAAGC,nIPC/GluN1
hft_ctx_w21_dc2r2_r1_CCTTATGTCTCAATAG,RG
hft_ctx_w21_dc2r2_r1_CCTTCAATCTTGCTAT,mGPC/OPC
hft_ctx_w21_dc2r2_r1_CCTTCGGTCACGAATC,GluN2
hft_ctx_w21_dc2r2_r1_CCTTCGGTCAGAAACG,nIPC/GluN1
hft_ctx_w21_dc2r2_r1_CCTTCGGTCGCCTGTT,GluN4
hft_ctx_w21_dc2r2_r1_CCTTCGTAGGATTGCT,Cyc. Prog.
hft_ctx_w21_dc2r2_r1_CCTTCGTAGGTAGCTT,GluN2
hft_ctx_w21_dc2r2_r1_CCTTGCGTCGCTTCTA,nIPC/GluN1
hft_ctx_w21_dc2r2_r1_CCTTGCGTCGGTTCCT,nIPC/GluN1
hft_ctx_w21_dc2r2_r1_CCTTGCGTCTAGCGAT,GluN2
hft_ctx_w21_dc2r2_r1_CCTTGTTCAGGAAGCC,RG
hft_ctx_w21_dc2r2_r1_CCTTTAGTCAATGTGC,nIPC/GluN1
hft_ctx_w21_dc2r2_r1_CCTTTAGTCCACCTGT,GluN5
hft_ctx_w21_dc2r2_r1_CCTTTAGTCGTTTCGC,GluN4
hft_ctx_w21_dc2r2_r1_CGAACAAAGTTGGGCC,GluN2
hft_ctx_w21_dc2r2_r1_CGAACCGGTGAGCGAA,nIPC/GluN1
hft_ctx_w21_dc2r2_r1_CGAACCGGTGTTGCTT,GluN2
hft_ctx_w21_dc2r2_r1_CGAACCGGTTCAAGAT,mGPC/OPC
hft_ctx_w21_dc2r2_r1_CGAAGAATCGTTACTT,nIPC/GluN1
hft_ctx_w21_dc2r2_r1_CGAAGCCTCACCTGTC,GluN2
hft_ctx_w21_dc2r2_r1_CGAAGCGAGTAGCCAT,SP
hft_ctx_w21_dc2r2_r1_CGAATATGTTAGCGTA,GluN2
hft_ctx_w21_dc2r2_r1_CGAATATGTTAGGCTA,GluN2
hft_ctx_w21_dc2r2_r1_CGAATATGTTCTTTAG,RG
hft_ctx_w21_dc2r2_r1_CGAATCTAGATACTTG,GluN4
hft_ctx_w21_dc2r2_r1_CGACTAAGTGGGTACT,RG
hft_ctx_w21_dc2r2_r1_CGAGCGAAGTCATCCC,GluN2
hft_ctx_w21_dc2r2_r1_CGAGCTGGTATTACCC,SP
hft_ctx_w21_dc2r2_r1_CGAGGAAGTGAGGTGA,nIPC/GluN1
hft_ctx_w21_dc2r2_r1_CGAGGAAGTTAATGAC,nIPC/GluN1
hft_ctx_w21_dc2r2_r1_CGAGGAAGTTTCAGGA,GluN2
hft_ctx_w21_dc2r2_r1_CGAGGCAAGCTTATGA,GluN2
hft_ctx_w21_dc2r2_r1_CGAGGCAAGTTAGAGG,GluN3
hft_ctx_w21_dc2r2_r1_CGATATTCACAACCTA,nIPC/GluN1
hft_ctx_w21_dc2r2_r1_CGATCCTTCAGCAAGA,GluN4
hft_ctx_w21_dc2r2_r1_CGATGTCCAACACTTG,nIPC/GluN1
hft_ctx_w21_dc2r2_r1_CGATGTCCAATAGTCT,GluN3
hft_ctx_w21_dc2r2_r1_CGATTATCAAAGCTCC,GluN2
hft_ctx_w21_dc2r2_r1_CGATTCCTCAGTATTG,nIPC/GluN1
hft_ctx_w21_dc2r2_r1_CGATTCCTCCGTTATT,Cyc. Prog.
hft_ctx_w21_dc2r2_r1_CGATTCCTCTAAGTGC,GluN3
hft_ctx_w21_dc2r2_r1_CGATTCCTCTTGATGA,GluN3
hft_ctx_w21_dc2r2_r1_CGATTGAGTACTGATG,GluN2
hft_ctx_w21_dc2r2_r1_CGATTGAGTAGCAGCT,GluN2
hft_ctx_w21_dc2r2_r1_CGATTTGCACCTCACC,GluN2
hft_ctx_w21_dc2r2_r1_CGATTTGCAGCAAGTG,nIPC/GluN1
hft_ctx_w21_dc2r2_r1_CGATTTGCATGACTAT,nIPC/GluN1
hft_ctx_w21_dc2r2_r1_CGCAAATTCAAGGACA,GluN4
hft_ctx_w21_dc2r2_r1_CGCAAATTCCTTGCGT,nIPC/GluN1
hft_ctx_w21_dc2r2_r1_CGCAATAGTCTTTGAC,nIPC/GluN1
hft_ctx_w21_dc2r2_r1_CGCAATCCAAACTGTT,SP
hft_ctx_w21_dc2r2_r1_CGCAATGTCGTGCTTC,nIPC/GluN1
hft_ctx_w21_dc2r2_r1_CGCAATTAGTAACAGG,nIPC/GluN1
hft_ctx_w21_dc2r2_r1_CGCACAATCAAGTGAG,nIPC/GluN1
hft_ctx_w21_dc2r2_r1_CGCACAATCACTCGCT,nIPC/GluN1
hft_ctx_w21_dc2r2_r1_CGCACAATCCCTGATC,RG
hft_ctx_w21_dc2r2_r1_CGCACACAGCACGTTG,RG
hft_ctx_w21_dc2r2_r1_CGCACACAGCTTACTT,nIPC/GluN1
hft_ctx_w21_dc2r2_r1_CGCACACAGTAGCGCC,SP
hft_ctx_w21_dc2r2_r1_CGCACCACAGCAAGAT,GluN2
hft_ctx_w21_dc2r2_r1_CGCACCACAGCTCAAC,GluN3
hft_ctx_w21_dc2r2_r1_CGCATATAGCTTTGGG,nIPC/GluN1
hft_ctx_w21_dc2r2_r1_CGCATATAGGCCTGGT,nIPC/GluN1
hft_ctx_w21_dc2r2_r1_CGCATATAGGGTTATC,nIPC/GluN1
hft_ctx_w21_dc2r2_r1_CGCATATAGTAAGAAC,nIPC/GluN1
hft_ctx_w21_dc2r2_r1_CGCATGATCAATCTAG,GluN4
hft_ctx_w21_dc2r2_r1_CGCATGATCAATGTGC,nIPC/GluN1
hft_ctx_w21_dc2r2_r1_CGCATGATCACAGACT,GluN3
hft_ctx_w21_dc2r2_r1_CGCATGATCCGCCTCA,nIPC/GluN1
hft_ctx_w21_dc2r2_r1_CGCATGATCTAAGGAG,GluN2
hft_ctx_w21_dc2r2_r1_CGCATTACACAGAAAC,GluN3
hft_ctx_w21_dc2r2_r1_CGCATTACAGTAAAGC,SP
hft_ctx_w21_dc2r2_r1_CGCATTACAGTCTAGC,GluN3
hft_ctx_w21_dc2r2_r1_CGCATTACATAATGAG,nIPC/GluN1
hft_ctx_w21_dc2r2_r1_CGCATTTGTATACTGG,nIPC/GluN1
hft_ctx_w21_dc2r2_r1_CGCATTTGTGCTGTAA,nIPC/GluN1
hft_ctx_w21_dc2r2_r1_CGCATTTGTTTGCGCC,nIPC/GluN1
hft_ctx_w21_dc2r2_r1_CGCCAAATCCCTCAAC,GluN2
hft_ctx_w21_dc2r2_r1_CGCCAAATCGTCATTT,nIPC/GluN1
hft_ctx_w21_dc2r2_r1_CGCCTGTGTTAATGCG,GluN4
hft_ctx_w21_dc2r2_r1_CGCTAACCAAGGGTTG,GluN2
hft_ctx_w21_dc2r2_r1_CGCTAACCAATCTCTC,GluN2
hft_ctx_w21_dc2r2_r1_CGCTAACCACCAACCG,GluN4
hft_ctx_w21_dc2r2_r1_CGCTAACCAGAAATGC,mGPC/OPC
hft_ctx_w21_dc2r2_r1_CGCTATGAGATGGAGC,GluN2
hft_ctx_w21_dc2r2_r1_CGCTATGAGGGATTAG,nIPC/GluN1
hft_ctx_w21_dc2r2_r1_CGCTCAGCATAAGCAA,nIPC/GluN1
hft_ctx_w21_dc2r2_r1_CGCTCCATCACTCGCT,GluN2
hft_ctx_w21_dc2r2_r1_CGCTCCATCTCCTCTT,GluN2
hft_ctx_w21_dc2r2_r1_CGCTGTGCACCAACCG,GluN2
hft_ctx_w21_dc2r2_r1_CGCTGTGCACTTAGGC,GluN2
hft_ctx_w21_dc2r2_r1_CGCTTAACACAGGAAT,GluN2
hft_ctx_w21_dc2r2_r1_CGCTTAACATCCCTCA,GluN4
hft_ctx_w21_dc2r2_r1_CGCTTAACATGATTGT,nIPC/GluN1
hft_ctx_w21_dc2r2_r1_CGCTTACTCACACAGT,nIPC/GluN1
hft_ctx_w21_dc2r2_r1_CGCTTACTCGAGGTGG,SP
hft_ctx_w21_dc2r2_r1_CGCTTACTCGTTACAA,nIPC/GluN1
hft_ctx_w21_dc2r2_r1_CGCTTACTCTCGCCTG,nIPC/GluN1
hft_ctx_w21_dc2r2_r1_CGCTTACTCTTGCTAT,Cyc. Prog.
hft_ctx_w21_dc2r2_r1_CGCTTCTAGCTTCCCG,mGPC/OPC
hft_ctx_w21_dc2r2_r1_CGCTTCTAGTTCCCGT,nIPC/GluN1
hft_ctx_w21_dc2r2_r1_CGCTTGCGTTAAGCGC,nIPC/GluN1
hft_ctx_w21_dc2r2_r1_CGGACCTAGCAGGTTT,nIPC/GluN1
hft_ctx_w21_dc2r2_r1_CGGACCTAGTAACCAC,nIPC/GluN1
hft_ctx_w21_dc2r2_r1_CGGAGCAAGCGGCTGT,GluN2
hft_ctx_w21_dc2r2_r1_CGGAGTCTCCGCAACA,GluN3
hft_ctx_w21_dc2r2_r1_CGGATAAAGTTCCCAC,nIPC/GluN1
hft_ctx_w21_dc2r2_r1_CGGCCATAGCAGGTGG,GluN2
hft_ctx_w21_dc2r2_r1_CGGCCATAGCGAGTAA,GluN2
hft_ctx_w21_dc2r2_r1_CGGCCATAGCTGTAAC,GluN4
hft_ctx_w21_dc2r2_r1_CGGCCATAGTTAGCCG,GluN2
hft_ctx_w21_dc2r2_r1_CGGCTCACACTTACAG,GluN2
hft_ctx_w21_dc2r2_r1_CGGGCTTAGGCTAATC,nIPC/GluN1
hft_ctx_w21_dc2r2_r1_CGGGCTTAGTGGACAA,RG
hft_ctx_w21_dc2r2_r1_CGGGTATGTGCTTACT,Cyc. Prog.
hft_ctx_w21_dc2r2_r1_CGGGTCTAGACAACGA,GluN2
hft_ctx_w21_dc2r2_r1_CGGGTCTAGCTATGAC,nIPC/GluN1
hft_ctx_w21_dc2r2_r1_CGGTAACGTTAGACCA,GluN4
hft_ctx_w21_dc2r2_r1_CGGTGAACACCCTCAC,GluN2
hft_ctx_w21_dc2r2_r1_CGGTGAACATCAGTAT,nIPC/GluN1
hft_ctx_w21_dc2r2_r1_CGGTGAGAGATGGAGC,GluN4
hft_ctx_w21_dc2r2_r1_CGGTGAGAGCTATATG,GluN2
hft_ctx_w21_dc2r2_r1_CGGTGAGAGGCGCTAC,GluN2
hft_ctx_w21_dc2r2_r1_CGGTGAGAGGGCTTAT,nIPC/GluN1
hft_ctx_w21_dc2r2_r1_CGGTTATAGTTAGTTG,GluN4
hft_ctx_w21_dc2r2_r1_CGGTTATAGTTTGGTA,GluN3
hft_ctx_w21_dc2r2_r1_CGGTTCCGTAGCCTAA,nIPC/GluN1
hft_ctx_w21_dc2r2_r1_CGGTTCCGTCCTTAGT,nIPC/GluN1
hft_ctx_w21_dc2r2_r1_CGGTTCCGTGAGACTC,GluN2
hft_ctx_w21_dc2r2_r1_CGGTTTGAGCAAGGGT,Cyc. Prog.
hft_ctx_w21_dc2r2_r1_CGGTTTGAGCTCATAA,GluN2
hft_ctx_w21_dc2r2_r1_CGTAACCCATAAACCT,nIPC/GluN1
hft_ctx_w21_dc2r2_r1_CGTAACCCATGGCCTG,mGPC/OPC
hft_ctx_w21_dc2r2_r1_CGTAACTAGGTAACGA,GluN2
hft_ctx_w21_dc2r2_r1_CGTAATGGTAAGGTCC,nIPC/GluN1
hft_ctx_w21_dc2r2_r1_CGTACGGGTAGCAGCT,nIPC/GluN1
hft_ctx_w21_dc2r2_r1_CGTACGGGTAGGTTGC,nIPC/GluN1
hft_ctx_w21_dc2r2_r1_CGTACGGGTGAACAAA,GluN2
hft_ctx_w21_dc2r2_r1_CGTACGGGTTACGCGG,nIPC/GluN1
hft_ctx_w21_dc2r2_r1_CGTAGCGGTCACCTAT,GluN2
hft_ctx_w21_dc2r2_r1_CGTAGTTAGCTGTCAG,GluN4
hft_ctx_w21_dc2r2_r1_CGTAGTTAGTCTTGAA,GluN3
hft_ctx_w21_dc2r2_r1_CGTCAATAGGGATGAC,nIPC/GluN1
hft_ctx_w21_dc2r2_r1_CGTCATTGTCCTCCAA,GluN3
hft_ctx_w21_dc2r2_r1_CGTCCTAGTTTCCTCC,GluN3
hft_ctx_w21_dc2r2_r1_CGTGACATCGCTAGCA,RG
hft_ctx_w21_dc2r2_r1_CGTGAGGAGCAAGATG,GluN4
hft_ctx_w21_dc2r2_r1_CGTGAGGAGCCTAACG,nIPC/GluN1
hft_ctx_w21_dc2r2_r1_CGTGCTGCAGCGCTTG,GluN2
hft_ctx_w21_dc2r2_r1_CGTGCTGCATAAGTCT,nIPC/GluN1
hft_ctx_w21_dc2r2_r1_CGTGCTTTCCGCATGA,GluN3
hft_ctx_w21_dc2r2_r1_CGTGCTTTCGAGGAGT,GluN3
hft_ctx_w21_dc2r2_r1_CGTGGTTCATTAAACC,GluN3
hft_ctx_w21_dc2r2_r1_CGTGTGTCAATTATGC,GluN2
hft_ctx_w21_dc2r2_r1_CGTGTTACAAACGCGA,nIPC/GluN1
hft_ctx_w21_dc2r2_r1_CGTGTTACAGTCTAAT,nIPC/GluN1
hft_ctx_w21_dc2r2_r1_CGTTAAATCCTTCGTA,nIPC/GluN1
hft_ctx_w21_dc2r2_r1_CGTTAACAGGCTGGCT,SP
hft_ctx_w21_dc2r2_r1_CGTTAGTAGAATCTCA,GluN2
hft_ctx_w21_dc2r2_r1_CGTTAGTAGTGAGAGC,nIPC/GluN1
hft_ctx_w21_dc2r2_r1_CGTTAGTAGTTTGGGT,GluN3
hft_ctx_w21_dc2r2_r1_CGTTATCGTAGGTTTG,GluN3
hft_ctx_w21_dc2r2_r1_CGTTATTTCCGTTAAA,nIPC/GluN1
hft_ctx_w21_dc2r2_r1_CGTTGCAAGCCGGTAC,nIPC/GluN1
hft_ctx_w21_dc2r2_r1_CGTTGCAAGTGCACGC,nIPC/GluN1
hft_ctx_w21_dc2r2_r1_CGTTGCGCAGGCAAGC,GluN2
hft_ctx_w21_dc2r2_r1_CGTTTCTCAAGTTATC,GluN3
hft_ctx_w21_dc2r2_r1_CGTTTCTCAATTAGGA,nIPC/GluN1
hft_ctx_w21_dc2r2_r1_CGTTTCTCACCAACCG,nIPC/GluN1
hft_ctx_w21_dc2r2_r1_CGTTTCTCACGAATCC,GluN2
hft_ctx_w21_dc2r2_r1_CGTTTCTCACTGGCTG,GluN2
hft_ctx_w21_dc2r2_r1_CGTTTGGAGCTCCTTA,GluN4
hft_ctx_w21_dc2r2_r1_CGTTTGTGTCATCATC,nIPC/GluN1
hft_ctx_w21_dc2r2_r1_CGTTTGTGTTCAAGCA,nIPC/GluN1
hft_ctx_w21_dc2r2_r1_CTAAAGCTCACGCATG,GluN5
hft_ctx_w21_dc2r2_r1_CTAAAGCTCGATAACC,GluN3
hft_ctx_w21_dc2r2_r1_CTAAAGCTCTCACATT,RG
hft_ctx_w21_dc2r2_r1_CTAAAGCTCTCTAGCC,nIPC/GluN1
hft_ctx_w21_dc2r2_r1_CTAAATGTCAGCCAAT,GluN3
hft_ctx_w21_dc2r2_r1_CTAACCACAACGTGCT,RG
hft_ctx_w21_dc2r2_r1_CTAACCACATAATGTC,GluN2
hft_ctx_w21_dc2r2_r1_CTAACCACATGTCGCG,RG
hft_ctx_w21_dc2r2_r1_CTAACCCTCACACAGT,GluN3
hft_ctx_w21_dc2r2_r1_CTAACCCTCGGCTATG,mGPC/OPC
hft_ctx_w21_dc2r2_r1_CTAACCTGTCAAAGAA,GluN2
hft_ctx_w21_dc2r2_r1_CTAACCTGTGCATTAG,GluN2
hft_ctx_w21_dc2r2_r1_CTAACCTGTTTGCAGA,GluN2
hft_ctx_w21_dc2r2_r1_CTAAGGTTCCTTCGTA,GluN2
hft_ctx_w21_dc2r2_r1_CTAAGGTTCGTTAGCG,GluN4
hft_ctx_w21_dc2r2_r1_CTAAGTCAGGCCTAAT,nIPC/GluN1
hft_ctx_w21_dc2r2_r1_CTAATAGTCATCCACC,RG
hft_ctx_w21_dc2r2_r1_CTAATCCGTGCTAGAC,GluN4
hft_ctx_w21_dc2r2_r1_CTAATCCGTGTCCAAA,GluN2
hft_ctx_w21_dc2r2_r1_CTAATCCGTGTCCAGG,RG
hft_ctx_w21_dc2r2_r1_CTAATCCGTGTTGCAA,nIPC/GluN1
hft_ctx_w21_dc2r2_r1_CTAATCCGTTGGATAT,GluN3
hft_ctx_w21_dc2r2_r1_CTAATCGCAGCATGTC,GluN4
hft_ctx_w21_dc2r2_r1_CTAATCGCATAATGTC,nIPC/GluN1
hft_ctx_w21_dc2r2_r1_CTAATCGCATACTCCT,nIPC/GluN1
hft_ctx_w21_dc2r2_r1_CTAATCTTCTACTAAG,mGPC/OPC
hft_ctx_w21_dc2r2_r1_CTAATGTCATCTTGAG,nIPC/GluN1
hft_ctx_w21_dc2r2_r1_CTAATTGAGGCTGTCA,GluN4
hft_ctx_w21_dc2r2_r1_CTAATTGAGGGATTAG,GluN2
hft_ctx_w21_dc2r2_r1_CTAATTGAGGGCCATC,GluN3
hft_ctx_w21_dc2r2_r1_CTACAACAGTAATCCA,mGPC/OPC
hft_ctx_w21_dc2r2_r1_CTACCGGCAATTGACT,GluN2
hft_ctx_w21_dc2r2_r1_CTACCGGCATTGTGAT,nIPC/GluN1
hft_ctx_w21_dc2r2_r1_CTACGAAGTGCATTTC,nIPC/GluN1
hft_ctx_w21_dc2r2_r1_CTACTAAAGCAGGTGG,GluN3
hft_ctx_w21_dc2r2_r1_CTACTAAAGGCTACAT,GluN2
hft_ctx_w21_dc2r2_r1_CTAGATTCACAAAGCG,GluN2
hft_ctx_w21_dc2r2_r1_CTAGATTCAGGTTATT,Cyc. Prog.
hft_ctx_w21_dc2r2_r1_CTAGATTCATTAAGCT,nIPC/GluN1
hft_ctx_w21_dc2r2_r1_CTAGATTCATTATGGT,GluN3
hft_ctx_w21_dc2r2_r1_CTAGCTGAGAATCGCT,GluN3
hft_ctx_w21_dc2r2_r1_CTAGCTGAGGCGCTTA,GluN3
hft_ctx_w21_dc2r2_r1_CTAGCTGAGTCCTTCA,GluN2
hft_ctx_w21_dc2r2_r1_CTAGCTTGTGATGATT,nIPC/GluN1
hft_ctx_w21_dc2r2_r1_CTAGCTTGTTGAGCCG,Cyc. Prog.
hft_ctx_w21_dc2r2_r1_CTAGGACGTAGGATTT,GluN2
hft_ctx_w21_dc2r2_r1_CTAGGACGTGTTTGTC,nIPC/GluN1
hft_ctx_w21_dc2r2_r1_CTAGGCGGTAAGCACC,nIPC/GluN1
hft_ctx_w21_dc2r2_r1_CTAGTAGGTGATGAGG,GluN2
hft_ctx_w21_dc2r2_r1_CTAGTAGGTTTACTTG,GluN2
hft_ctx_w21_dc2r2_r1_CTAGTCGAGACAGGCG,RG
hft_ctx_w21_dc2r2_r1_CTAGTCGAGCGGTTAT,GluN3
hft_ctx_w21_dc2r2_r1_CTAGTCGAGCTGTCAG,nIPC/GluN1
hft_ctx_w21_dc2r2_r1_CTAGTGAGTGCAATAT,nIPC/GluN1
hft_ctx_w21_dc2r2_r1_CTAGTTGCATCCTGAA,GluN3
hft_ctx_w21_dc2r2_r1_CTATAACCAATAACGA,GluN5
hft_ctx_w21_dc2r2_r1_CTATGATCAACTAACT,mGPC/OPC
hft_ctx_w21_dc2r2_r1_CTATGGCCAAATTCGT,nIPC/GluN1
hft_ctx_w21_dc2r2_r1_CTATGGCCAACTAGGG,GluN2
hft_ctx_w21_dc2r2_r1_CTATGGCCAATTAACC,GluN2
hft_ctx_w21_dc2r2_r1_CTATGGCCATAATGTC,nIPC/GluN1
hft_ctx_w21_dc2r2_r1_CTATTACTCAATCATG,GluN2
hft_ctx_w21_dc2r2_r1_CTATTACTCGCTATGG,GluN2
hft_ctx_w21_dc2r2_r1_CTATTCAGTAACGTGC,nIPC/GluN1
hft_ctx_w21_dc2r2_r1_CTATTCAGTAGGATTT,nIPC/GluN1
hft_ctx_w21_dc2r2_r1_CTATTCAGTATACTGG,GluN2
hft_ctx_w21_dc2r2_r1_CTATTCAGTTGTTCAC,nIPC/GluN1
hft_ctx_w21_dc2r2_r1_CTCACTCAGGCAACAA,GluN3
hft_ctx_w21_dc2r2_r1_CTCACTCAGTAACAGG,GluN4
hft_ctx_w21_dc2r2_r1_CTCAGGATCATAGACC,GluN2
hft_ctx_w21_dc2r2_r1_CTCATCATCACCAATA,GluN3
hft_ctx_w21_dc2r2_r1_CTCATCATCATGCCTC,RG
hft_ctx_w21_dc2r2_r1_CTCATCATCCCGCATT,RG
hft_ctx_w21_dc2r2_r1_CTCATCATCTTCAATC,nIPC/GluN1
hft_ctx_w21_dc2r2_r1_CTCATGACAACATAAG,nIPC/GluN1
hft_ctx_w21_dc2r2_r1_CTCATGACAGCACGAA,SP
hft_ctx_w21_dc2r2_r1_CTCATGACAGTAGGAT,nIPC/GluN1
hft_ctx_w21_dc2r2_r1_CTCATGACATTAGCGC,nIPC/GluN1
hft_ctx_w21_dc2r2_r1_CTCATTGTCTCACACC,nIPC/GluN1
hft_ctx_w21_dc2r2_r1_CTCATTTAGGACAACA,nIPC/GluN1
hft_ctx_w21_dc2r2_r1_CTCATTTAGTAAGTGG,SP
hft_ctx_w21_dc2r2_r1_CTCCAACTCACTCGCT,GluN3
hft_ctx_w21_dc2r2_r1_CTCCAACTCCTGGCTT,GluN4
hft_ctx_w21_dc2r2_r1_CTCCATCAGCAATAGG,nIPC/GluN1
hft_ctx_w21_dc2r2_r1_CTCCATCAGGGACGCA,RG
hft_ctx_w21_dc2r2_r1_CTCCCTGAGACAAACG,nIPC/GluN1
hft_ctx_w21_dc2r2_r1_CTCCGTCCAGCCTGCA,GluN3
hft_ctx_w21_dc2r2_r1_CTCCGTCCAGGAACCA,GluN2
hft_ctx_w21_dc2r2_r1_CTCCTAATCCCTTGCG,nIPC/GluN1
hft_ctx_w21_dc2r2_r1_CTCCTAATCGCAAACT,GluN2
hft_ctx_w21_dc2r2_r1_CTCCTAATCGGTTTGG,GluN4
hft_ctx_w21_dc2r2_r1_CTCCTAATCGTTTCGC,GluN3
hft_ctx_w21_dc2r2_r1_CTCCTCACAGGCTAGA,GluN4
hft_ctx_w21_dc2r2_r1_CTCCTCACAGTCTAGC,nIPC/GluN1
hft_ctx_w21_dc2r2_r1_CTCCTCACATCTTGAG,GluN4
hft_ctx_w21_dc2r2_r1_CTCCTCACATGCTCCC,GluN2
hft_ctx_w21_dc2r2_r1_CTCCTCACATTAAGCT,nIPC/GluN1
hft_ctx_w21_dc2r2_r1_CTCGACAAGGAGCAAC,GluN3
hft_ctx_w21_dc2r2_r1_CTCGCTAGTTAGCATG,GluN5
hft_ctx_w21_dc2r2_r1_CTCGCTCCATAGACCC,nIPC/GluN1
hft_ctx_w21_dc2r2_r1_CTCGTTATCAAAGGCA,GluN2
hft_ctx_w21_dc2r2_r1_CTCGTTATCAGCATTA,GluN2
hft_ctx_w21_dc2r2_r1_CTCGTTATCTGTGCCT,GluN3
hft_ctx_w21_dc2r2_r1_CTCTAAGCAAGGCCAA,Cyc. Prog.
hft_ctx_w21_dc2r2_r1_CTCTAGCTCAGCATTA,GluN3
hft_ctx_w21_dc2r2_r1_CTCTATGTCTAATCAG,nIPC/GluN1
hft_ctx_w21_dc2r2_r1_CTCTCACAGAGAGCCG,GluN2
hft_ctx_w21_dc2r2_r1_CTCTCACAGCCGCAAC,nIPC/GluN1
hft_ctx_w21_dc2r2_r1_CTCTGTTCAAAGGCCA,nIPC/GluN1
hft_ctx_w21_dc2r2_r1_CTCTGTTCACAGGGAC,nIPC/GluN1
hft_ctx_w21_dc2r2_r1_CTCTTGATCATCCTCA,GluN3
hft_ctx_w21_dc2r2_r1_CTGAAACTCATTAGGC,GluN2
hft_ctx_w21_dc2r2_r1_CTGAATATCAATGACC,GluN4
hft_ctx_w21_dc2r2_r1_CTGACATAGCCTAACG,mGPC/OPC
hft_ctx_w21_dc2r2_r1_CTGACCAAGAACCTGT,GluN2
hft_ctx_w21_dc2r2_r1_CTGACCAAGTGACCTG,nIPC/GluN1
hft_ctx_w21_dc2r2_r1_CTGCAATAGCACCACA,GluN2
hft_ctx_w21_dc2r2_r1_CTGCTACTCAAATCGC,GluN2
hft_ctx_w21_dc2r2_r1_CTGCTACTCTCCATGC,nIPC/GluN1
hft_ctx_w21_dc2r2_r1_CTGCTATGTAACCACA,mGPC/OPC
hft_ctx_w21_dc2r2_r1_CTGCTATGTCTTTGAC,GluN3
hft_ctx_w21_dc2r2_r1_CTGCTATGTGAACAAA,nIPC/GluN1
hft_ctx_w21_dc2r2_r1_CTGCTATGTGTCCTGC,mGPC/OPC
hft_ctx_w21_dc2r2_r1_CTGCTCCCATTCAGCA,nIPC/GluN1
hft_ctx_w21_dc2r2_r1_CTGGACCAGAATGACG,nIPC/GluN1
hft_ctx_w21_dc2r2_r1_CTGGACCAGCACAGGG,GluN4
hft_ctx_w21_dc2r2_r1_CTGGACCAGGCTTAGT,GluN2
hft_ctx_w21_dc2r2_r1_CTGGATGTCTTGCAGG,nIPC/GluN1
hft_ctx_w21_dc2r2_r1_CTGGCTAAGATAAAGC,RG
hft_ctx_w21_dc2r2_r1_CTGGCTAAGTTATCTC,RG
hft_ctx_w21_dc2r2_r1_CTGGTAAGTGCCGCAA,nIPC/GluN1
hft_ctx_w21_dc2r2_r1_CTGGTTACACCTCACC,GluN3
hft_ctx_w21_dc2r2_r1_CTGGTTTGTAACTACG,nIPC/GluN1
hft_ctx_w21_dc2r2_r1_CTGGTTTGTGCTGTAA,nIPC/GluN1
hft_ctx_w21_dc2r2_r1_CTGTAACAGAACAAGT,nIPC/GluN1
hft_ctx_w21_dc2r2_r1_CTGTAACAGCAAACCT,GluN3
hft_ctx_w21_dc2r2_r1_CTGTAACAGGGCCATC,nIPC/GluN1
hft_ctx_w21_dc2r2_r1_CTGTAACAGTGAACCT,GluN2
hft_ctx_w21_dc2r2_r1_CTGTACCTCCATCAGG,GluN4
hft_ctx_w21_dc2r2_r1_CTGTACCTCTTGCATT,nIPC/GluN1
hft_ctx_w21_dc2r2_r1_CTGTATTTCAGGTTTA,GluN2
hft_ctx_w21_dc2r2_r1_CTGTATTTCCTGTTCA,GluN3
hft_ctx_w21_dc2r2_r1_CTGTATTTCGAGGAGT,nIPC/GluN1
hft_ctx_w21_dc2r2_r1_CTGTGTGAGCACAGCC,Cyc. Prog.
hft_ctx_w21_dc2r2_r1_CTGTGTGAGTTATTCC,Cyc. Prog.
hft_ctx_w21_dc2r2_r1_CTGTTAAAGCAAGACA,nIPC/GluN1
hft_ctx_w21_dc2r2_r1_CTGTTAAAGGTCATTA,RG
hft_ctx_w21_dc2r2_r1_CTGTTCATCACTCGCT,RG
hft_ctx_w21_dc2r2_r1_CTGTTCATCGGTCAGC,RG
hft_ctx_w21_dc2r2_r1_CTGTTTAGTCACAAAT,GluN2
hft_ctx_w21_dc2r2_r1_CTGTTTAGTTATGTGG,RG
hft_ctx_w21_dc2r2_r1_CTTAACAAGTTCCTGC,nIPC/GluN1
hft_ctx_w21_dc2r2_r1_CTTAAGATCCTAATGA,nIPC/GluN1
hft_ctx_w21_dc2r2_r1_CTTAAGGGTAATAACC,Cyc. Prog.
hft_ctx_w21_dc2r2_r1_CTTAATGAGCTTAGCG,Cyc. Prog.
hft_ctx_w21_dc2r2_r1_CTTAATGAGGCAAGTA,GluN3
hft_ctx_w21_dc2r2_r1_CTTACCGGTATTGCAG,nIPC/GluN1
hft_ctx_w21_dc2r2_r1_CTTAGGAGTAATAACC,GluN4
hft_ctx_w21_dc2r2_r1_CTTAGGAGTATTGGAT,RG
hft_ctx_w21_dc2r2_r1_CTTATGTTCACCTGTC,RG
hft_ctx_w21_dc2r2_r1_CTTATGTTCATTGCGG,Cyc. Prog.
hft_ctx_w21_dc2r2_r1_CTTATGTTCGATTTGA,SP
hft_ctx_w21_dc2r2_r1_CTTCAAGCAATTGAAG,GluN3
hft_ctx_w21_dc2r2_r1_CTTCAAGCACTAGCGT,nIPC/GluN1
hft_ctx_w21_dc2r2_r1_CTTCAATTCGACAAAG,Cyc. Prog.
hft_ctx_w21_dc2r2_r1_CTTCACTCAATTAAGG,mGPC/OPC
hft_ctx_w21_dc2r2_r1_CTTCACTCACAGAACG,GluN2
hft_ctx_w21_dc2r2_r1_CTTCACTCAGCAACCT,nIPC/GluN1
hft_ctx_w21_dc2r2_r1_CTTCACTCATAATTGC,nIPC/GluN1
hft_ctx_w21_dc2r2_r1_CTTCAGGAGGATCACT,GluN2
hft_ctx_w21_dc2r2_r1_CTTCAGGAGTTATCCT,nIPC/GluN1
hft_ctx_w21_dc2r2_r1_CTTCATCCAAGCCACT,GluN4
hft_ctx_w21_dc2r2_r1_CTTCATCCATCATGGC,GluN2
hft_ctx_w21_dc2r2_r1_CTTCGCGTCCAAACAC,GluN3
hft_ctx_w21_dc2r2_r1_CTTCTAAGTACCGAAC,GluN3
hft_ctx_w21_dc2r2_r1_CTTCTAAGTAGTTGGC,GluN2
hft_ctx_w21_dc2r2_r1_CTTCTCAAGGCAGGTG,nIPC/GluN1
hft_ctx_w21_dc2r2_r1_CTTGAACAGCACAGAA,Cyc. Prog.
hft_ctx_w21_dc2r2_r1_CTTGAACAGCACAGCC,RG
hft_ctx_w21_dc2r2_r1_CTTGAACAGGCAGGTG,Cyc. Prog.
hft_ctx_w21_dc2r2_r1_CTTGAACAGGTAACGA,GluN2
hft_ctx_w21_dc2r2_r1_CTTGAACAGGTGAAAT,GluN4
hft_ctx_w21_dc2r2_r1_CTTGACGAGGATAAAC,GluN2
hft_ctx_w21_dc2r2_r1_CTTGCAACATAATGAG,nIPC/GluN1
hft_ctx_w21_dc2r2_r1_CTTGCATGTCAAGACC,GluN3
hft_ctx_w21_dc2r2_r1_CTTGCTCAGCCTGAGC,GluN3
hft_ctx_w21_dc2r2_r1_CTTGCTCAGGCATTAC,nIPC/GluN1
hft_ctx_w21_dc2r2_r1_CTTGCTCAGTAACGAG,nIPC/GluN1
hft_ctx_w21_dc2r2_r1_CTTGGACCAAACTGTT,Cyc. Prog.
hft_ctx_w21_dc2r2_r1_CTTGGACCAGCACCAT,nIPC/GluN1
hft_ctx_w21_dc2r2_r1_CTTGGACCAGCTAATT,GluN2
hft_ctx_w21_dc2r2_r1_CTTGTAAAGTATTGTG,SP
hft_ctx_w21_dc2r2_r1_CTTGTCCAGCTTCTCA,mGPC/OPC
hft_ctx_w21_dc2r2_r1_CTTGTCCAGGAACGCG,nIPC/GluN1
hft_ctx_w21_dc2r2_r1_CTTGTCCAGGCTTAGT,GluN2
hft_ctx_w21_dc2r2_r1_CTTGTCCAGGTTTACA,GluN3
hft_ctx_w21_dc2r2_r1_CTTTAGTTCAAATCGC,RG
hft_ctx_w21_dc2r2_r1_CTTTAGTTCACATTGA,nIPC/GluN1
hft_ctx_w21_dc2r2_r1_CTTTAGTTCATTATGG,nIPC/GluN1
hft_ctx_w21_dc2r2_r1_CTTTATCAGTATTGTG,nIPC/GluN1
hft_ctx_w21_dc2r2_r1_CTTTATCAGTCCTTTG,nIPC/GluN1
hft_ctx_w21_dc2r2_r1_CTTTATGGTAGGATTT,GluN2
hft_ctx_w21_dc2r2_r1_CTTTGAGCAAGTCGCT,nIPC/GluN1
hft_ctx_w21_dc2r2_r1_CTTTGAGCAATTAGGA,nIPC/GluN1
hft_ctx_w21_dc2r2_r1_CTTTGAGCAGCTACGT,GluN4
hft_ctx_w21_dc2r2_r1_CTTTGAGCATCGTTCT,mGPC/OPC
hft_ctx_w21_dc2r2_r1_CTTTGGGAGACTAAGG,GluN4
hft_ctx_w21_dc2r2_r1_CTTTGGGAGGAGTCTT,GluN2
hft_ctx_w21_dc2r2_r1_CTTTGGGAGTGGCGGA,mGPC/OPC
hft_ctx_w21_dc2r2_r1_CTTTGGTGTAATGGAA,GluN2
hft_ctx_w21_dc2r2_r1_GAAACCCGTAGGTTAT,Cyc. Prog.
hft_ctx_w21_dc2r2_r1_GAAACTGAGGCTGTCA,nIPC/GluN1
hft_ctx_w21_dc2r2_r1_GAAACTGAGGGCCACT,GluN5
hft_ctx_w21_dc2r2_r1_GAAACTGAGGTAACGA,GluN2
hft_ctx_w21_dc2r2_r1_GAAAGCCAGGGTCCAC,GluN2
hft_ctx_w21_dc2r2_r1_GAAAGCCAGTCACGAT,nIPC/GluN1
hft_ctx_w21_dc2r2_r1_GAAAGGCTCTCTAGCC,GluN2
hft_ctx_w21_dc2r2_r1_GAACACAAGCGAGTAA,nIPC/GluN1
hft_ctx_w21_dc2r2_r1_GAACACAAGTTAGCCG,GluN3
hft_ctx_w21_dc2r2_r1_GAACCAAAGCTTGCTC,nIPC/GluN1
hft_ctx_w21_dc2r2_r1_GAACCAAAGGCTAGAA,RG
hft_ctx_w21_dc2r2_r1_GAACCAGCATAGCTGC,nIPC/GluN1
hft_ctx_w21_dc2r2_r1_GAACCGCTCTTAGTCT,SP
hft_ctx_w21_dc2r2_r1_GAACCTTAGTAAGTGG,GluN3
hft_ctx_w21_dc2r2_r1_GAACGAATCTATGACA,nIPC/GluN1
hft_ctx_w21_dc2r2_r1_GAACTTATCCTTCTAG,nIPC/GluN1
hft_ctx_w21_dc2r2_r1_GAAGCCTGTACGGGTT,nIPC/GluN1
hft_ctx_w21_dc2r2_r1_GAAGCTAAGGAGTAAT,GluN2
hft_ctx_w21_dc2r2_r1_GAAGCTAAGGATTTGC,nIPC/GluN1
hft_ctx_w21_dc2r2_r1_GAAGCTAAGGCCCAGT,GluN3
hft_ctx_w21_dc2r2_r1_GAAGGAACACATACTG,GluN4
hft_ctx_w21_dc2r2_r1_GAAGGCCCAAGTGTCC,GluN3
hft_ctx_w21_dc2r2_r1_GAAGTAAGTTGTGACA,nIPC/GluN1
hft_ctx_w21_dc2r2_r1_GAAGTATAGGTACCGC,GluN3
hft_ctx_w21_dc2r2_r1_GAAGTCAAGCTCAATA,GluN3
hft_ctx_w21_dc2r2_r1_GAAGTGATCAATACGC,GluN3
hft_ctx_w21_dc2r2_r1_GAAGTGATCATGGTTA,nIPC/GluN1
hft_ctx_w21_dc2r2_r1_GAATTTGTCCTGATGG,GluN2
hft_ctx_w21_dc2r2_r1_GACAATACAGGTTTGC,GluN4
hft_ctx_w21_dc2r2_r1_GACACCGGTAGCTAGC,Cyc. Prog.
hft_ctx_w21_dc2r2_r1_GACATTATCATGGCTG,GluN2
hft_ctx_w21_dc2r2_r1_GACCGAACACGTAAGG,nIPC/GluN1
hft_ctx_w21_dc2r2_r1_GACCGTTCATCCCGCT,nIPC/GluN1
hft_ctx_w21_dc2r2_r1_GACCTAAGTCCAAGAC,mGPC/OPC
hft_ctx_w21_dc2r2_r1_GACCTAAGTTAGGCGT,RG
hft_ctx_w21_dc2r2_r1_GACCTAGTCATGCTCC,GluN2
hft_ctx_w21_dc2r2_r1_GACCTCAAGGTGAAAT,nIPC/GluN1
hft_ctx_w21_dc2r2_r1_GACCTGCAGCTGAGGG,GluN2
hft_ctx_w21_dc2r2_r1_GACCTGCAGGAGGACT,GluN2
hft_ctx_w21_dc2r2_r1_GACCTTTGTTGACTTC,GluN2
hft_ctx_w21_dc2r2_r1_GACGCAACATTATGGT,Cyc. Prog.
hft_ctx_w21_dc2r2_r1_GACGCCTAGCATTTCT,GluN3
hft_ctx_w21_dc2r2_r1_GACGCCTAGTAGGATG,GluN2
hft_ctx_w21_dc2r2_r1_GACGCCTAGTCATTAG,GluN2
hft_ctx_w21_dc2r2_r1_GACGCCTAGTCTATGA,GluN4
hft_ctx_w21_dc2r2_r1_GACGTAAAGAGGATAT,nIPC/GluN1
hft_ctx_w21_dc2r2_r1_GACGTAAAGCAACAAG,nIPC/GluN1
hft_ctx_w21_dc2r2_r1_GACTAATGTAATCGTG,GluN2
hft_ctx_w21_dc2r2_r1_GACTAATGTGTCCTGC,GluN3
hft_ctx_w21_dc2r2_r1_GACTAATGTTATGTGG,SP
hft_ctx_w21_dc2r2_r1_GACTATTCAGCTCATA,GluN4
hft_ctx_w21_dc2r2_r1_GACTATTCAGGAACAT,nIPC/GluN1
hft_ctx_w21_dc2r2_r1_GACTCACCACAATTAC,nIPC/GluN1
hft_ctx_w21_dc2r2_r1_GACTTACAGAATCTCA,GluN3
hft_ctx_w21_dc2r2_r1_GACTTACAGCACCACA,GluN3
hft_ctx_w21_dc2r2_r1_GACTTAGGTGTTTGAG,nIPC/GluN1
hft_ctx_w21_dc2r2_r1_GACTTAGGTTACAACG,GluN2
hft_ctx_w21_dc2r2_r1_GACTTGGTCGTTTCCA,GluN4
hft_ctx_w21_dc2r2_r1_GAGAAACGTGAGACTC,GluN3
hft_ctx_w21_dc2r2_r1_GAGAACCAGGTAACGA,nIPC/GluN1
hft_ctx_w21_dc2r2_r1_GAGAACCAGGTCATTA,GluN3
hft_ctx_w21_dc2r2_r1_GAGAACCAGTTTCCGC,GluN3
hft_ctx_w21_dc2r2_r1_GAGAGGCGTATCTGGA,nIPC/GluN1
hft_ctx_w21_dc2r2_r1_GAGAGGCGTGCCGCAA,mGPC/OPC
hft_ctx_w21_dc2r2_r1_GAGATAAGTGTCCAAA,GluN2
hft_ctx_w21_dc2r2_r1_GAGATAAGTTAAGCCA,nIPC/GluN1
hft_ctx_w21_dc2r2_r1_GAGATAAGTTACTTGC,RG
hft_ctx_w21_dc2r2_r1_GAGCAAATCGGCTATG,nIPC/GluN1
hft_ctx_w21_dc2r2_r1_GAGCATGCAAGGTACG,mGPC/OPC
hft_ctx_w21_dc2r2_r1_GAGCATGCAATGAAGC,nIPC/GluN1
hft_ctx_w21_dc2r2_r1_GAGCATGCACTGACCG,nIPC/GluN1
hft_ctx_w21_dc2r2_r1_GAGCCACTCTCCATGC,GluN3
hft_ctx_w21_dc2r2_r1_GAGCCTTCATGTCAGC,GluN3
hft_ctx_w21_dc2r2_r1_GAGCGAAGTCTATCGT,mGPC/OPC
hft_ctx_w21_dc2r2_r1_GAGCGATAGCCAGGTC,nIPC/GluN1
hft_ctx_w21_dc2r2_r1_GAGCGATAGGCGGGTA,nIPC/GluN1
hft_ctx_w21_dc2r2_r1_GAGCGATAGGTTACGT,GluN2
hft_ctx_w21_dc2r2_r1_GAGCGATAGTCACCTC,GluN3
hft_ctx_w21_dc2r2_r1_GAGCGATAGTGACCTG,nIPC/GluN1
hft_ctx_w21_dc2r2_r1_GAGCGGTCACCAGCAT,RG
hft_ctx_w21_dc2r2_r1_GAGCTAGCACCGGTAT,RG
hft_ctx_w21_dc2r2_r1_GAGCTTAGTAATGACT,nIPC/GluN1
hft_ctx_w21_dc2r2_r1_GAGCTTAGTACGCGCA,Cyc. Prog.
hft_ctx_w21_dc2r2_r1_GAGCTTAGTCGTAATG,nIPC/GluN1
hft_ctx_w21_dc2r2_r1_GAGCTTGTCGTCCTTA,nIPC/GluN1
hft_ctx_w21_dc2r2_r1_GAGGACTAGATTCCTT,nIPC/GluN1
hft_ctx_w21_dc2r2_r1_GAGGAGGCAATGCGCT,Cyc. Prog.
hft_ctx_w21_dc2r2_r1_GAGGCAAGTGTTTCAC,GluN2
hft_ctx_w21_dc2r2_r1_GAGGCCTTCCTAACGG,GluN2
hft_ctx_w21_dc2r2_r1_GAGGCTACAGCCAGTT,GluN2
hft_ctx_w21_dc2r2_r1_GAGGCTTGTGGCTTCC,GluN2
hft_ctx_w21_dc2r2_r1_GAGGGAGCAGGATAAC,mGPC/OPC
hft_ctx_w21_dc2r2_r1_GAGGGAGCATGTCGCG,RG
hft_ctx_w21_dc2r2_r1_GAGGGAGCATTAGCCA,RG
hft_ctx_w21_dc2r2_r1_GAGGTACAGGTGCTGC,Cyc. Prog.
hft_ctx_w21_dc2r2_r1_GAGGTAGGTTTCGCGC,GluN4
hft_ctx_w21_dc2r2_r1_GAGGTGAGTATTTGGG,GluN2
hft_ctx_w21_dc2r2_r1_GAGGTTAAGTATTGCA,GluN3
hft_ctx_w21_dc2r2_r1_GAGTAACCAACTGGCT,GluN2
hft_ctx_w21_dc2r2_r1_GAGTAACCAAGGTAAC,SP
hft_ctx_w21_dc2r2_r1_GAGTAACCAGTTTCTC,RG
hft_ctx_w21_dc2r2_r1_GAGTAATAGTGAACAG,GluN2
hft_ctx_w21_dc2r2_r1_GAGTCAAAGAAAGGAA,nIPC/GluN1
hft_ctx_w21_dc2r2_r1_GAGTCAAAGCATCCAG,GluN4
hft_ctx_w21_dc2r2_r1_GAGTCAAAGGACACTT,GluN2
hft_ctx_w21_dc2r2_r1_GAGTGAGGTTACTTGC,nIPC/GluN1
hft_ctx_w21_dc2r2_r1_GAGTGATCAATATACC,mGPC/OPC
hft_ctx_w21_dc2r2_r1_GAGTGATCACAATGCC,GluN2
hft_ctx_w21_dc2r2_r1_GAGTTACTCAAGGACA,nIPC/GluN1
hft_ctx_w21_dc2r2_r1_GAGTTGCGTGTTGCTT,GluN4
hft_ctx_w21_dc2r2_r1_GAGTTGCGTTCCATTA,Cyc. Prog.
hft_ctx_w21_dc2r2_r1_GAGTTGCGTTTGGCGG,GluN3
hft_ctx_w21_dc2r2_r1_GAGTTTGGTAAGCTCA,nIPC/GluN1
hft_ctx_w21_dc2r2_r1_GAGTTTGGTATTCGTC,GluN2
hft_ctx_w21_dc2r2_r1_GAGTTTGGTCGCATAA,GluN2
hft_ctx_w21_dc2r2_r1_GATAAAGGTATTGCAG,nIPC/GluN1
hft_ctx_w21_dc2r2_r1_GATAAAGGTCTTTGAC,nIPC/GluN1
hft_ctx_w21_dc2r2_r1_GATAAGCCAGGAACCA,mGPC/OPC
hft_ctx_w21_dc2r2_r1_GATAAGCCATCACAGC,GluN2
hft_ctx_w21_dc2r2_r1_GATAATCGTATTCGTC,GluN2
hft_ctx_w21_dc2r2_r1_GATAATCGTTCCTGTG,Cyc. Prog.
hft_ctx_w21_dc2r2_r1_GATAGACCAGCATGTC,nIPC/GluN1
hft_ctx_w21_dc2r2_r1_GATCAAGAGCATGTTA,GluN3
hft_ctx_w21_dc2r2_r1_GATCACTAGAAACTGG,nIPC/GluN1
hft_ctx_w21_dc2r2_r1_GATCACTAGCCGCTTT,nIPC/GluN1
hft_ctx_w21_dc2r2_r1_GATCAGGCATCATGGC,nIPC/GluN1
hft_ctx_w21_dc2r2_r1_GATCAGGCATGGCCCA,nIPC/GluN1
hft_ctx_w21_dc2r2_r1_GATCAGTTCAATTACG,GluN3
hft_ctx_w21_dc2r2_r1_GATCAGTTCATTTGCT,nIPC/GluN1
hft_ctx_w21_dc2r2_r1_GATCAGTTCCAACTGG,nIPC/GluN1
hft_ctx_w21_dc2r2_r1_GATCAGTTCCCGAAGC,nIPC/GluN1
hft_ctx_w21_dc2r2_r1_GATCCGTCACAATACT,GluN4
hft_ctx_w21_dc2r2_r1_GATCCGTCACCTGCTC,GluN3
hft_ctx_w21_dc2r2_r1_GATCGAGCAAGGTAAC,nIPC/GluN1
hft_ctx_w21_dc2r2_r1_GATCGATTCCGGTTGA,nIPC/GluN1
hft_ctx_w21_dc2r2_r1_GATCGCTCAGGTATTT,nIPC/GluN1
hft_ctx_w21_dc2r2_r1_GATCGCTCAGTCTAAT,nIPC/GluN1
hft_ctx_w21_dc2r2_r1_GATCGCTCATAGCAGG,GluN2
hft_ctx_w21_dc2r2_r1_GATCGCTCATTCAGCA,GluN2
hft_ctx_w21_dc2r2_r1_GATGAGGGTGTTGCTT,GluN4
hft_ctx_w21_dc2r2_r1_GATGCAGCAGGCTTGT,GluN4
hft_ctx_w21_dc2r2_r1_GATGCAGCATAATCCG,nIPC/GluN1
hft_ctx_w21_dc2r2_r1_GATGCGACACATAACT,nIPC/GluN1
hft_ctx_w21_dc2r2_r1_GATGCGACATTCCTGT,GluN2
hft_ctx_w21_dc2r2_r1_GATGCTTAGACAAGTG,nIPC/GluN1
hft_ctx_w21_dc2r2_r1_GATGCTTAGGCGAATA,GluN2
hft_ctx_w21_dc2r2_r1_GATGCTTAGTAACTCA,GluN2
hft_ctx_w21_dc2r2_r1_GATGCTTAGTTCCTCA,GluN2
hft_ctx_w21_dc2r2_r1_GATGCTTAGTTGTCCC,GluN3
hft_ctx_w21_dc2r2_r1_GATGGCTGTAACCACA,nIPC/GluN1
hft_ctx_w21_dc2r2_r1_GATTAAGCAAACCTAT,nIPC/GluN1
hft_ctx_w21_dc2r2_r1_GATTAAGCAACCCTCC,Cyc. Prog.
hft_ctx_w21_dc2r2_r1_GATTAAGCAGCATGAG,mGPC/OPC
hft_ctx_w21_dc2r2_r1_GATTAAGCAGTAGCCT,nIPC/GluN1
hft_ctx_w21_dc2r2_r1_GATTACGGTGCTGGTG,nIPC/GluN1
hft_ctx_w21_dc2r2_r1_GATTACTCACCGGTAT,GluN3
hft_ctx_w21_dc2r2_r1_GATTACTCATTCAGCA,nIPC/GluN1
hft_ctx_w21_dc2r2_r1_GATTAGCTCATTAGGC,nIPC/GluN1
hft_ctx_w21_dc2r2_r1_GATTAGTGTGTAATAC,GluN2
hft_ctx_w21_dc2r2_r1_GATTATGTCAAAGGCA,nIPC/GluN1
hft_ctx_w21_dc2r2_r1_GATTCAATCCTGGCTT,nIPC/GluN1
hft_ctx_w21_dc2r2_r1_GATTCAATCGATTATG,GluN3
hft_ctx_w21_dc2r2_r1_GATTCAATCTATTGTC,nIPC/GluN1
hft_ctx_w21_dc2r2_r1_GATTCATCAATCCTGA,RG
hft_ctx_w21_dc2r2_r1_GATTCATCACTGGCCA,nIPC/GluN1
hft_ctx_w21_dc2r2_r1_GATTCCTGTCAGTAAT,nIPC/GluN1
hft_ctx_w21_dc2r2_r1_GATTGATGTCTAACAG,RG
hft_ctx_w21_dc2r2_r1_GATTGCAGTAATAACC,Cyc. Prog.
hft_ctx_w21_dc2r2_r1_GATTGCAGTCACGGAT,nIPC/GluN1
hft_ctx_w21_dc2r2_r1_GATTGCAGTTTGGTTC,GluN5
hft_ctx_w21_dc2r2_r1_GATTGCGTCAGGAAGC,GluN4
hft_ctx_w21_dc2r2_r1_GATTGGCGTTGAGCCG,GluN2
hft_ctx_w21_dc2r2_r1_GATTGGTTCCTAACGG,mGPC/OPC
hft_ctx_w21_dc2r2_r1_GATTGTTCAATAATGG,GluN4
hft_ctx_w21_dc2r2_r1_GATTGTTCACAGAAAC,GluN4
hft_ctx_w21_dc2r2_r1_GATTGTTCACCCACCT,GluN3
hft_ctx_w21_dc2r2_r1_GATTGTTCATAGCTGC,nIPC/GluN1
hft_ctx_w21_dc2r2_r1_GATTTGCAGGACCGCT,GluN2
hft_ctx_w21_dc2r2_r1_GATTTGCAGGTTTGCG,nIPC/GluN1
hft_ctx_w21_dc2r2_r1_GCAAACAAGATGGACA,mGPC/OPC
hft_ctx_w21_dc2r2_r1_GCAAACAAGTAGCTTA,GluN4
hft_ctx_w21_dc2r2_r1_GCAAACAAGTTAGGCT,GluN4
hft_ctx_w21_dc2r2_r1_GCAAACCGTTAGGATT,mGPC/OPC
hft_ctx_w21_dc2r2_r1_GCAAACTTCTAATTGG,GluN3
hft_ctx_w21_dc2r2_r1_GCAACAGCATAGCGAG,GluN2
hft_ctx_w21_dc2r2_r1_GCAAGCCTCCCATAAA,GluN3
hft_ctx_w21_dc2r2_r1_GCAAGCCTCTAAGTCA,GluN3
hft_ctx_w21_dc2r2_r1_GCAAGTCGTGGATTGC,nIPC/GluN1
hft_ctx_w21_dc2r2_r1_GCAAGTGCAATTGACT,GluN4
hft_ctx_w21_dc2r2_r1_GCAAGTGCATTTAAGC,nIPC/GluN1
hft_ctx_w21_dc2r2_r1_GCAATAGAGCGCCTAA,GluN2
hft_ctx_w21_dc2r2_r1_GCAATAGAGTTCCCAC,nIPC/GluN1
hft_ctx_w21_dc2r2_r1_GCAATATGTGGATGTC,RG
hft_ctx_w21_dc2r2_r1_GCAATCTAGATTCCTT,nIPC/GluN1
hft_ctx_w21_dc2r2_r1_GCAATCTAGTGAACAG,GluN2
hft_ctx_w21_dc2r2_r1_GCAATCTAGTTGGATC,GluN2
hft_ctx_w21_dc2r2_r1_GCAATGAAGTATCGCG,mGPC/OPC
hft_ctx_w21_dc2r2_r1_GCAATGTTCAAACCTA,nIPC/GluN1
hft_ctx_w21_dc2r2_r1_GCAATGTTCCAACTGG,SP
hft_ctx_w21_dc2r2_r1_GCAATGTTCTGTGCCT,GluN2
hft_ctx_w21_dc2r2_r1_GCACCTAAGATAGACG,RG
hft_ctx_w21_dc2r2_r1_GCACGAACAATAGCAA,nIPC/GluN1
hft_ctx_w21_dc2r2_r1_GCACGCTAGGAAGCAC,GluN2
hft_ctx_w21_dc2r2_r1_GCACGCTAGGAGCACG,nIPC/GluN1
hft_ctx_w21_dc2r2_r1_GCACGCTAGTAGAGGC,RG
hft_ctx_w21_dc2r2_r1_GCACGGTTCATGCTCC,RG
hft_ctx_w21_dc2r2_r1_GCACTAAGTAAGCTCA,GluN3
hft_ctx_w21_dc2r2_r1_GCAGCAACAAATATCC,GluN4
hft_ctx_w21_dc2r2_r1_GCAGCCAGTGTCACGG,nIPC/GluN1
hft_ctx_w21_dc2r2_r1_GCAGCTATCCTGGTGA,nIPC/GluN1
hft_ctx_w21_dc2r2_r1_GCAGCTATCGAGCAAA,nIPC/GluN1
hft_ctx_w21_dc2r2_r1_GCAGGAAGTTCGCGCT,GluN2
hft_ctx_w21_dc2r2_r1_GCAGGACCAGCCAGAA,GluN3
hft_ctx_w21_dc2r2_r1_GCAGGCTTCATAGACC,GluN3
hft_ctx_w21_dc2r2_r1_GCAGGCTTCCGCAAGC,nIPC/GluN1
hft_ctx_w21_dc2r2_r1_GCAGGCTTCGAGCAAA,nIPC/GluN1
hft_ctx_w21_dc2r2_r1_GCAGGCTTCGGTTTCC,nIPC/GluN1
hft_ctx_w21_dc2r2_r1_GCAGGCTTCTTAAGTG,GluN3
hft_ctx_w21_dc2r2_r1_GCAGGTGAGACACCGC,nIPC/GluN1
hft_ctx_w21_dc2r2_r1_GCAGGTGAGGCGCTAC,GluN2
hft_ctx_w21_dc2r2_r1_GCAGGTGAGGCGGGTA,nIPC/GluN1
hft_ctx_w21_dc2r2_r1_GCAGGTGAGGTCTTGG,nIPC/GluN1
hft_ctx_w21_dc2r2_r1_GCAGGTTGTGAGGTGA,GluN2
hft_ctx_w21_dc2r2_r1_GCATCCTTCAGGAACA,nIPC/GluN1
hft_ctx_w21_dc2r2_r1_GCATCCTTCCTCGATC,RG
hft_ctx_w21_dc2r2_r1_GCATCCTTCGGTTAGT,RG
hft_ctx_w21_dc2r2_r1_GCATGAAAGGCCGGAA,GluN2
hft_ctx_w21_dc2r2_r1_GCATGAGCAATTTGGT,GluN3
hft_ctx_w21_dc2r2_r1_GCATTAGGTCAAAGGG,nIPC/GluN1
hft_ctx_w21_dc2r2_r1_GCATTAGGTCACGAAC,GluN2
hft_ctx_w21_dc2r2_r1_GCATTAGGTTTCGCCA,GluN4
hft_ctx_w21_dc2r2_r1_GCCAATAGTTCACTGT,nIPC/GluN1
hft_ctx_w21_dc2r2_r1_GCCAATTAGCCAAATC,mGPC/OPC
hft_ctx_w21_dc2r2_r1_GCCACAATCCCATAGG,GluN2
hft_ctx_w21_dc2r2_r1_GCCAGGAAGGCATGTT,nIPC/GluN1
hft_ctx_w21_dc2r2_r1_GCCAGGAAGTGAGCGG,Cyc. Prog.
hft_ctx_w21_dc2r2_r1_GCCATGATCGCAACAT,RG
hft_ctx_w21_dc2r2_r1_GCCATGATCGCTCACT,Cyc. Prog.
hft_ctx_w21_dc2r2_r1_GCCATTACATAGCGGA,nIPC/GluN1
hft_ctx_w21_dc2r2_r1_GCCATTACATTGTCAG,GluN2
hft_ctx_w21_dc2r2_r1_GCCCAAATCGGGATTT,Cyc. Prog.
hft_ctx_w21_dc2r2_r1_GCCCAAATCTGTTCAT,GluN3
hft_ctx_w21_dc2r2_r1_GCCCATAAGCAGCTAT,GluN3
hft_ctx_w21_dc2r2_r1_GCCCATAAGCTAATCA,nIPC/GluN1
hft_ctx_w21_dc2r2_r1_GCCCATAAGTAACTCA,GluN3
hft_ctx_w21_dc2r2_r1_GCCCATAAGTTAGCCG,GluN2
hft_ctx_w21_dc2r2_r1_GCCCGTTGTCATCATC,mGPC/OPC
hft_ctx_w21_dc2r2_r1_GCCGTGAGTACCAGGT,GluN2
hft_ctx_w21_dc2r2_r1_GCCGTGAGTCGTAAAT,GluN2
hft_ctx_w21_dc2r2_r1_GCCGTGAGTGGACATC,GluN4
hft_ctx_w21_dc2r2_r1_GCCGTGAGTTTGTCTA,nIPC/GluN1
hft_ctx_w21_dc2r2_r1_GCCTAATAGAGAGCCG,nIPC/GluN1
hft_ctx_w21_dc2r2_r1_GCCTAATAGCATGGTT,GluN2
hft_ctx_w21_dc2r2_r1_GCCTAATAGCTTACTT,Cyc. Prog.
hft_ctx_w21_dc2r2_r1_GCCTACTTCGGGATTT,GluN2
hft_ctx_w21_dc2r2_r1_GCCTATTGTACCTTAC,nIPC/GluN1
hft_ctx_w21_dc2r2_r1_GCCTATTGTGCTGTAA,GluN2
hft_ctx_w21_dc2r2_r1_GCCTATTGTTTGTCTA,GluN2
hft_ctx_w21_dc2r2_r1_GCCTCAAAGACTTATG,GluN2
hft_ctx_w21_dc2r2_r1_GCCTGTGCAACAGGTG,RG
hft_ctx_w21_dc2r2_r1_GCCTTACTCAGCACGC,nIPC/GluN1
hft_ctx_w21_dc2r2_r1_GCCTTGCGTATGGTGC,nIPC/GluN1
hft_ctx_w21_dc2r2_r1_GCCTTGCGTTACTTCA,GluN4
hft_ctx_w21_dc2r2_r1_GCCTTTATCCCAGTAG,GluN4
hft_ctx_w21_dc2r2_r1_GCCTTTATCCCGCATT,nIPC/GluN1
hft_ctx_w21_dc2r2_r1_GCGAAGCCAGGTCCTG,RG
hft_ctx_w21_dc2r2_r1_GCGAAGCCAGTTTCTC,Cyc. Prog.
hft_ctx_w21_dc2r2_r1_GCGAGTGAGGCACAGG,nIPC/GluN1
hft_ctx_w21_dc2r2_r1_GCGATATTCGATATTG,nIPC/GluN1
hft_ctx_w21_dc2r2_r1_GCGATTTAGGAAGCAC,GluN4
hft_ctx_w21_dc2r2_r1_GCGATTTAGGAGTAAT,GluN2
hft_ctx_w21_dc2r2_r1_GCGATTTAGGCTGTGC,SP
hft_ctx_w21_dc2r2_r1_GCGCAAACAAACTGCC,nIPC/GluN1
hft_ctx_w21_dc2r2_r1_GCGCAATGTCAAGTGC,nIPC/GluN1
hft_ctx_w21_dc2r2_r1_GCGCAATGTGACCTGG,mGPC/OPC
hft_ctx_w21_dc2r2_r1_GCGCAATGTTGCATCT,RG
hft_ctx_w21_dc2r2_r1_GCGCCTTGTGCAACTA,GluN2
hft_ctx_w21_dc2r2_r1_GCGCCTTGTTTCCACG,nIPC/GluN1
hft_ctx_w21_dc2r2_r1_GCGCTAGGTACTTAGG,GluN2
hft_ctx_w21_dc2r2_r1_GCGCTTGCAAGGTATA,Cyc. Prog.
hft_ctx_w21_dc2r2_r1_GCGCTTGCAAGGTGGC,GluN2
hft_ctx_w21_dc2r2_r1_GCGCTTGCACTAGCGT,GluN5
hft_ctx_w21_dc2r2_r1_GCGCTTGCATGTGGGA,nIPC/GluN1
hft_ctx_w21_dc2r2_r1_GCGGAACCAATTATGC,nIPC/GluN1
hft_ctx_w21_dc2r2_r1_GCGGAACCATCCTGAA,nIPC/GluN1
hft_ctx_w21_dc2r2_r1_GCGGATACACGAATTT,nIPC/GluN1
hft_ctx_w21_dc2r2_r1_GCGGATACAGCTTAAT,GluN2
hft_ctx_w21_dc2r2_r1_GCGGGTTTCCCTGTTA,nIPC/GluN1
hft_ctx_w21_dc2r2_r1_GCGGTTATCAAACCGT,GluN2
hft_ctx_w21_dc2r2_r1_GCGGTTGGTATTGGTG,GluN2
hft_ctx_w21_dc2r2_r1_GCGGTTGGTTACATCC,nIPC/GluN1
hft_ctx_w21_dc2r2_r1_GCGTAACGTTTCAGGA,nIPC/GluN1
hft_ctx_w21_dc2r2_r1_GCGTAACGTTTGTGGA,GluN2
hft_ctx_w21_dc2r2_r1_GCGTGCTAGCCACATG,RG
hft_ctx_w21_dc2r2_r1_GCGTGCTAGTTGTCAA,nIPC/GluN1
hft_ctx_w21_dc2r2_r1_GCTAACAGTCCCGGAA,GluN2
hft_ctx_w21_dc2r2_r1_GCTAAGAAGACAAGTG,nIPC/GluN1
hft_ctx_w21_dc2r2_r1_GCTAAGAAGGGTTATC,nIPC/GluN1
hft_ctx_w21_dc2r2_r1_GCTAATATCTCACATT,GluN2
hft_ctx_w21_dc2r2_r1_GCTAGCGGTAATGGAA,GluN2
hft_ctx_w21_dc2r2_r1_GCTAGCGGTTGGTTGA,nIPC/GluN1
hft_ctx_w21_dc2r2_r1_GCTAGCTCAGAAATGC,SP
hft_ctx_w21_dc2r2_r1_GCTAGTGTCATTTGCT,GluN4
hft_ctx_w21_dc2r2_r1_GCTATAGGTCGCGCAA,nIPC/GluN1
hft_ctx_w21_dc2r2_r1_GCTATCCTCCTTCTAG,mGPC/OPC
hft_ctx_w21_dc2r2_r1_GCTATTGCATCCATCT,nIPC/GluN1
hft_ctx_w21_dc2r2_r1_GCTATTGCATTAGGCC,GluN3
hft_ctx_w21_dc2r2_r1_GCTCAACCAACTGGCT,GluN2
hft_ctx_w21_dc2r2_r1_GCTCAACCACAAACTT,nIPC/GluN1
hft_ctx_w21_dc2r2_r1_GCTCACAAGAGAAGGG,GluN3
hft_ctx_w21_dc2r2_r1_GCTCATTGTAACGTGC,GluN4
hft_ctx_w21_dc2r2_r1_GCTCATTGTTAGCATG,GluN2
hft_ctx_w21_dc2r2_r1_GCTCATTGTTTGAGGC,GluN2
hft_ctx_w21_dc2r2_r1_GCTCCTTAGGACCTCA,GluN4
hft_ctx_w21_dc2r2_r1_GCTCGATCAAACAACA,nIPC/GluN1
hft_ctx_w21_dc2r2_r1_GCTCGATCAACAACAA,nIPC/GluN1
hft_ctx_w21_dc2r2_r1_GCTCGATCACCTCACC,RG
hft_ctx_w21_dc2r2_r1_GCTCTGGCAAACCTTG,GluN2
hft_ctx_w21_dc2r2_r1_GCTCTGGCAAAGCCTC,nIPC/GluN1
hft_ctx_w21_dc2r2_r1_GCTCTGGCACAATACT,nIPC/GluN1
hft_ctx_w21_dc2r2_r1_GCTCTGGCATAAGCAA,GluN3
hft_ctx_w21_dc2r2_r1_GCTCTGTTCAATCTCT,nIPC/GluN1
hft_ctx_w21_dc2r2_r1_GCTCTGTTCAATTGGC,GluN5
hft_ctx_w21_dc2r2_r1_GCTGACATCCTTGAGG,Cyc. Prog.
hft_ctx_w21_dc2r2_r1_GCTGAGGAGATGGACA,GluN4
hft_ctx_w21_dc2r2_r1_GCTGAGGAGTCACCTC,RG
hft_ctx_w21_dc2r2_r1_GCTGATCCAACCGCCA,GluN4
hft_ctx_w21_dc2r2_r1_GCTGATCCAGCTAATT,GluN2
hft_ctx_w21_dc2r2_r1_GCTGATCCATTGGGAG,GluN2
hft_ctx_w21_dc2r2_r1_GCTGCACAGCCAGTAT,GluN2
hft_ctx_w21_dc2r2_r1_GCTGCATCAAGGTACG,GluN2
hft_ctx_w21_dc2r2_r1_GCTGCATCACTCGCTC,mGPC/OPC
hft_ctx_w21_dc2r2_r1_GCTGGATGTGCATTAG,GluN2
hft_ctx_w21_dc2r2_r1_GCTGGTTCAGTAGCCT,nIPC/GluN1
hft_ctx_w21_dc2r2_r1_GCTGGTTCATAGCTGC,RG
hft_ctx_w21_dc2r2_r1_GCTGTAAGTTTATCTG,GluN2
hft_ctx_w21_dc2r2_r1_GCTGTACCATAATGAG,GluN2
hft_ctx_w21_dc2r2_r1_GCTGTACCATGATTGT,nIPC/GluN1
hft_ctx_w21_dc2r2_r1_GCTGTGATCCAGGTTG,GluN3
hft_ctx_w21_dc2r2_r1_GCTGTGATCCATCAGG,nIPC/GluN1
hft_ctx_w21_dc2r2_r1_GCTGTGCAGAACCTGT,nIPC/GluN1
hft_ctx_w21_dc2r2_r1_GCTGTGCAGTCATGCG,GluN2
hft_ctx_w21_dc2r2_r1_GCTTAAATCAGGCTAT,nIPC/GluN1
hft_ctx_w21_dc2r2_r1_GCTTAAATCCTCCCTC,nIPC/GluN1
hft_ctx_w21_dc2r2_r1_GCTTACCTCCTTGAGG,GluN2
hft_ctx_w21_dc2r2_r1_GCTTGACCAATTAGCT,GluN2
hft_ctx_w21_dc2r2_r1_GCTTGACCACAGAACG,nIPC/GluN1
hft_ctx_w21_dc2r2_r1_GCTTGACCATAAGTTC,nIPC/GluN1
hft_ctx_w21_dc2r2_r1_GCTTTACGTTTATGGG,GluN4
hft_ctx_w21_dc2r2_r1_GCTTTATTCTGTGCAG,GluN4
hft_ctx_w21_dc2r2_r1_GCTTTCATCGATTTAG,GluN2
hft_ctx_w21_dc2r2_r1_GCTTTGTGTAAATTGC,nIPC/GluN1
hft_ctx_w21_dc2r2_r1_GGAAACTCACTCAACA,nIPC/GluN1
hft_ctx_w21_dc2r2_r1_GGAAACTCACTCGCTC,GluN3
hft_ctx_w21_dc2r2_r1_GGAACAATCGTTACAA,RG
hft_ctx_w21_dc2r2_r1_GGAACAATCTGCAAGT,nIPC/GluN1
hft_ctx_w21_dc2r2_r1_GGAACCACACTAAATC,nIPC/GluN1
hft_ctx_w21_dc2r2_r1_GGAACGGTCATAACCA,GluN2
hft_ctx_w21_dc2r2_r1_GGAACGGTCCTAGTCC,GluN3
hft_ctx_w21_dc2r2_r1_GGAACGGTCCTCATGC,nIPC/GluN1
hft_ctx_w21_dc2r2_r1_GGAACGGTCGAAGCGG,nIPC/GluN1
hft_ctx_w21_dc2r2_r1_GGAAGTATCCCGAAGC,GluN3
hft_ctx_w21_dc2r2_r1_GGAATCTTCGTTAAGC,GluN3
hft_ctx_w21_dc2r2_r1_GGACAGCCACCCTCAC,RG
hft_ctx_w21_dc2r2_r1_GGACATAAGCATGTTA,GluN4
hft_ctx_w21_dc2r2_r1_GGACATAAGGTCTTGG,GluN2
hft_ctx_w21_dc2r2_r1_GGACCGAAGACAACGA,nIPC/GluN1
hft_ctx_w21_dc2r2_r1_GGACCGAAGGAACGCG,mGPC/OPC
hft_ctx_w21_dc2r2_r1_GGACCGAAGGTTAGCT,GluN2
hft_ctx_w21_dc2r2_r1_GGACCGAAGTCGCAAT,nIPC/GluN1
hft_ctx_w21_dc2r2_r1_GGACCTCAGGATAAAC,nIPC/GluN1
hft_ctx_w21_dc2r2_r1_GGACGAAGTACCGTTT,GluN2
hft_ctx_w21_dc2r2_r1_GGACTAAAGGCTTAGT,nIPC/GluN1
hft_ctx_w21_dc2r2_r1_GGACTAAAGGGACTAA,Cyc. Prog.
hft_ctx_w21_dc2r2_r1_GGAGCAAGTCATTGTC,nIPC/GluN1
hft_ctx_w21_dc2r2_r1_GGAGCAAGTCGCATAA,nIPC/GluN1
hft_ctx_w21_dc2r2_r1_GGAGCAAGTGCGCGTA,GluN3
hft_ctx_w21_dc2r2_r1_GGAGCAAGTTACCGGG,GluN2
hft_ctx_w21_dc2r2_r1_GGAGCAAGTTCTTTAG,RG
hft_ctx_w21_dc2r2_r1_GGAGCATAGAACCTAC,nIPC/GluN1
hft_ctx_w21_dc2r2_r1_GGAGCATAGACAAGTG,RG
hft_ctx_w21_dc2r2_r1_GGAGCATAGCAGGTTT,GluN2
hft_ctx_w21_dc2r2_r1_GGATAACCACTGACTA,RG
hft_ctx_w21_dc2r2_r1_GGATAACCATAATGTC,nIPC/GluN1
hft_ctx_w21_dc2r2_r1_GGATATTGTAAGGTCC,nIPC/GluN1
hft_ctx_w21_dc2r2_r1_GGATGAATCACACAGT,nIPC/GluN1
hft_ctx_w21_dc2r2_r1_GGATGAATCCACAATA,nIPC/GluN1
hft_ctx_w21_dc2r2_r1_GGATGAATCCCATAAA,SP
hft_ctx_w21_dc2r2_r1_GGATGAATCCTCAGTC,GluN3
hft_ctx_w21_dc2r2_r1_GGATGAATCTTGCTAT,nIPC/GluN1
hft_ctx_w21_dc2r2_r1_GGATGGCCAACCCTCC,nIPC/GluN1
hft_ctx_w21_dc2r2_r1_GGATGGCCAATCATGT,SP
hft_ctx_w21_dc2r2_r1_GGATTATGTAAGCTTG,GluN3
hft_ctx_w21_dc2r2_r1_GGATTATGTCACAGAC,GluN4
hft_ctx_w21_dc2r2_r1_GGATTGCGTTGCACGG,nIPC/GluN1
hft_ctx_w21_dc2r2_r1_GGCAAGCCAGTTAGCC,GluN2
hft_ctx_w21_dc2r2_r1_GGCAAGCCATTCCTGT,mGPC/OPC
hft_ctx_w21_dc2r2_r1_GGCAATCGTTAATGAC,mGPC/OPC
hft_ctx_w21_dc2r2_r1_GGCATGGAGGGACCTC,nIPC/GluN1
hft_ctx_w21_dc2r2_r1_GGCCAACTCCCAGTAG,GluN4
hft_ctx_w21_dc2r2_r1_GGCCAACTCCTGCGAA,mGPC/OPC
hft_ctx_w21_dc2r2_r1_GGCCATCAGTGTTGCG,RG
hft_ctx_w21_dc2r2_r1_GGCCGTTAGGCGAAAC,Cyc. Prog.
hft_ctx_w21_dc2r2_r1_GGCCGTTAGTTGCGTG,GluN2
hft_ctx_w21_dc2r2_r1_GGCCTAATCGGTTACG,nIPC/GluN1
hft_ctx_w21_dc2r2_r1_GGCCTCTGTCACCTAT,nIPC/GluN1
hft_ctx_w21_dc2r2_r1_GGCCTTAAGTGAACGA,RG
hft_ctx_w21_dc2r2_r1_GGCCTTCGTACTGAAT,GluN3
hft_ctx_w21_dc2r2_r1_GGCCTTCGTGATGATT,GluN3
hft_ctx_w21_dc2r2_r1_GGCCTTCGTTAGCGTA,RG
hft_ctx_w21_dc2r2_r1_GGCCTTCGTTGTAAAC,GluN4
hft_ctx_w21_dc2r2_r1_GGCGATACAAGACTCC,nIPC/GluN1
hft_ctx_w21_dc2r2_r1_GGCGATACAAGTTATC,GluN2
hft_ctx_w21_dc2r2_r1_GGCGATACACATAACT,GluN2
hft_ctx_w21_dc2r2_r1_GGCGATACAGCTAACC,RG
hft_ctx_w21_dc2r2_r1_GGCGATACATCCCGCT,GluN2
hft_ctx_w21_dc2r2_r1_GGCGCTAGTTAGCTGA,RG
hft_ctx_w21_dc2r2_r1_GGCGGTAAGATGCCTG,GluN2
hft_ctx_w21_dc2r2_r1_GGCGGTAAGGAATAAC,GluN2
hft_ctx_w21_dc2r2_r1_GGCGGTTTCCTCGATC,Cyc. Prog.
hft_ctx_w21_dc2r2_r1_GGCGGTTTCCTTTACG,GluN2
hft_ctx_w21_dc2r2_r1_GGCGTTATCATGCATA,nIPC/GluN1
hft_ctx_w21_dc2r2_r1_GGCGTTATCATTGCAA,GluN2
hft_ctx_w21_dc2r2_r1_GGCTAGACATAGACTT,RG
hft_ctx_w21_dc2r2_r1_GGCTAGTGTGTTGTGA,GluN4
hft_ctx_w21_dc2r2_r1_GGCTATGTCATTGTTC,GluN3
hft_ctx_w21_dc2r2_r1_GGCTATTAGTTTGCGG,RG
hft_ctx_w21_dc2r2_r1_GGCTCAATCCAATTAG,nIPC/GluN1
hft_ctx_w21_dc2r2_r1_GGCTCAATCCTAAGTA,mGPC/OPC
hft_ctx_w21_dc2r2_r1_GGCTCAATCCTGATTT,GluN2
hft_ctx_w21_dc2r2_r1_GGCTCACAGACAAACG,GluN2
hft_ctx_w21_dc2r2_r1_GGCTCACAGCTTAACA,GluN4
hft_ctx_w21_dc2r2_r1_GGCTGAGAGCTTACTT,nIPC/GluN1
hft_ctx_w21_dc2r2_r1_GGCTGAGAGGAGTCGG,nIPC/GluN1
hft_ctx_w21_dc2r2_r1_GGCTGGTTCAAGGACA,GluN4
hft_ctx_w21_dc2r2_r1_GGCTGGTTCGCTATAA,GluN4
hft_ctx_w21_dc2r2_r1_GGCTGTCAGTTTGGTA,SP
hft_ctx_w21_dc2r2_r1_GGCTTAAGTGGGAACA,GluN4
hft_ctx_w21_dc2r2_r1_GGCTTAAGTTATGTGG,RG
hft_ctx_w21_dc2r2_r1_GGCTTCAAGCGAGTAA,RG
hft_ctx_w21_dc2r2_r1_GGGAGTAGTATTGGTG,GluN3
hft_ctx_w21_dc2r2_r1_GGGATAATCAAAGGCA,Cyc. Prog.
hft_ctx_w21_dc2r2_r1_GGGCAATAGGGATGAC,mGPC/OPC
hft_ctx_w21_dc2r2_r1_GGGCAATAGGGTCTAT,nIPC/GluN1
hft_ctx_w21_dc2r2_r1_GGGCAATAGTCATGCG,SP
hft_ctx_w21_dc2r2_r1_GGGCATGAGGCATGTT,GluN4
hft_ctx_w21_dc2r2_r1_GGGCATTGTTACTTCA,nIPC/GluN1
hft_ctx_w21_dc2r2_r1_GGGCCTAGTGTAATAC,nIPC/GluN1
hft_ctx_w21_dc2r2_r1_GGGCCTAGTTGCAGTA,RG
hft_ctx_w21_dc2r2_r1_GGGCGAATCACGCCAA,GluN2
hft_ctx_w21_dc2r2_r1_GGGCGAATCCAGGTCA,GluN2
hft_ctx_w21_dc2r2_r1_GGGTATTTCTTGAGGT,mGPC/OPC
hft_ctx_w21_dc2r2_r1_GGGTCAACACGGTTTA,nIPC/GluN1
hft_ctx_w21_dc2r2_r1_GGGTCACTCCCTCAGT,nIPC/GluN1
hft_ctx_w21_dc2r2_r1_GGGTCACTCCTAATGA,GluN4
hft_ctx_w21_dc2r2_r1_GGGTGAAGTAACTACG,nIPC/GluN1
hft_ctx_w21_dc2r2_r1_GGGTGTTGTGATGAGG,GluN2
hft_ctx_w21_dc2r2_r1_GGGTTATTCCCGCCTA,nIPC/GluN1
hft_ctx_w21_dc2r2_r1_GGGTTTGTCCCGAAGC,SP
hft_ctx_w21_dc2r2_r1_GGTAAACCAACAGGAT,RG
hft_ctx_w21_dc2r2_r1_GGTAACCGTCACTCGC,GluN3
hft_ctx_w21_dc2r2_r1_GGTAACTTCACCTGCT,mGPC/OPC
hft_ctx_w21_dc2r2_r1_GGTAAGGGTATACTGG,GluN2
hft_ctx_w21_dc2r2_r1_GGTAATTGTCATAAGT,GluN3
hft_ctx_w21_dc2r2_r1_GGTAATTGTGCTTAGA,nIPC/GluN1
hft_ctx_w21_dc2r2_r1_GGTACAAAGCAGGTTT,RG
hft_ctx_w21_dc2r2_r1_GGTACAAAGTTTCCGC,GluN3
hft_ctx_w21_dc2r2_r1_GGTACCGGTGACCTGG,GluN2
hft_ctx_w21_dc2r2_r1_GGTACTAGTGACATAT,GluN2
hft_ctx_w21_dc2r2_r1_GGTACTAGTTGAGCCG,Cyc. Prog.
hft_ctx_w21_dc2r2_r1_GGTACTAGTTGCATCT,nIPC/GluN1
hft_ctx_w21_dc2r2_r1_GGTATGTTCTCCATAT,nIPC/GluN1
hft_ctx_w21_dc2r2_r1_GGTATTTCAAACAACA,nIPC/GluN1
hft_ctx_w21_dc2r2_r1_GGTATTTCAAGGTCCT,nIPC/GluN1
hft_ctx_w21_dc2r2_r1_GGTATTTCATGAAGTA,GluN4
hft_ctx_w21_dc2r2_r1_GGTATTTCATTGCGGT,GluN4
hft_ctx_w21_dc2r2_r1_GGTCAAGCAAGGTATA,GluN2
hft_ctx_w21_dc2r2_r1_GGTCAATTCATTAGGC,RG
hft_ctx_w21_dc2r2_r1_GGTCAATTCTAGCTAA,nIPC/GluN1
hft_ctx_w21_dc2r2_r1_GGTCATTAGTTAACCA,GluN2
hft_ctx_w21_dc2r2_r1_GGTCATTAGTTGGATC,nIPC/GluN1
hft_ctx_w21_dc2r2_r1_GGTCCATCAAGTGTTT,nIPC/GluN1
hft_ctx_w21_dc2r2_r1_GGTCCGTAGTCATGCG,GluN3
hft_ctx_w21_dc2r2_r1_GGTCTTTGTTCAAGCA,mGPC/OPC
hft_ctx_w21_dc2r2_r1_GGTGAGGTCAATAGCC,RG
hft_ctx_w21_dc2r2_r1_GGTGAGGTCAGTTCCC,RG
hft_ctx_w21_dc2r2_r1_GGTGAGGTCCTCACAC,nIPC/GluN1
hft_ctx_w21_dc2r2_r1_GGTGAGTAGCAAGGTA,nIPC/GluN1
hft_ctx_w21_dc2r2_r1_GGTGATTTCCGCACAA,nIPC/GluN1
hft_ctx_w21_dc2r2_r1_GGTGATTTCCGGAACC,SP
hft_ctx_w21_dc2r2_r1_GGTGATTTCTGTAATG,RG
hft_ctx_w21_dc2r2_r1_GGTGATTTCTTAAGTG,RG
hft_ctx_w21_dc2r2_r1_GGTGCTGGTCAAAGAA,Cyc. Prog.
hft_ctx_w21_dc2r2_r1_GGTGCTGGTCCGTGAG,mGPC/OPC
hft_ctx_w21_dc2r2_r1_GGTGCTTCACTTAGGC,GluN3
hft_ctx_w21_dc2r2_r1_GGTGCTTCATGTTGCA,mGPC/OPC
hft_ctx_w21_dc2r2_r1_GGTGTCCAGTTATGTG,RG
hft_ctx_w21_dc2r2_r1_GGTGTGACAAACTAAG,GluN2
hft_ctx_w21_dc2r2_r1_GGTGTGACAAAGCGGC,GluN2
hft_ctx_w21_dc2r2_r1_GGTGTGACATAAGTCT,RG
hft_ctx_w21_dc2r2_r1_GGTGTGACATCCATCT,GluN2
hft_ctx_w21_dc2r2_r1_GGTGTGACATGTCAAT,GluN3
hft_ctx_w21_dc2r2_r1_GGTTACCCAAAGCGCA,GluN3
hft_ctx_w21_dc2r2_r1_GGTTATATCATCCTGC,GluN4
hft_ctx_w21_dc2r2_r1_GGTTATGGTTCGGGAT,RG
hft_ctx_w21_dc2r2_r1_GGTTATGGTTGCTTCG,nIPC/GluN1
hft_ctx_w21_dc2r2_r1_GGTTCCCGTAACCAGC,nIPC/GluN1
hft_ctx_w21_dc2r2_r1_GGTTCCCGTACAAAGA,nIPC/GluN1
hft_ctx_w21_dc2r2_r1_GGTTCCCGTGATTTGG,nIPC/GluN1
hft_ctx_w21_dc2r2_r1_GGTTCCCGTTACGCGG,GluN2
hft_ctx_w21_dc2r2_r1_GGTTCCCGTTTCCGGC,nIPC/GluN1
hft_ctx_w21_dc2r2_r1_GGTTCTTGTGCCTCAC,RG
hft_ctx_w21_dc2r2_r1_GGTTCTTGTTGGCCGA,RG
hft_ctx_w21_dc2r2_r1_GGTTGACGTATCTGGA,nIPC/GluN1
hft_ctx_w21_dc2r2_r1_GGTTGACGTTGCACAA,mGPC/OPC
hft_ctx_w21_dc2r2_r1_GGTTGAGCAAGCCACT,GluN4
hft_ctx_w21_dc2r2_r1_GGTTGAGCAATCCTGA,GluN2
hft_ctx_w21_dc2r2_r1_GGTTGAGCAGCAAGTG,GluN2
hft_ctx_w21_dc2r2_r1_GGTTGAGCAGCTAATT,GluN4
hft_ctx_w21_dc2r2_r1_GGTTGCATCGATTCTT,SP
hft_ctx_w21_dc2r2_r1_GGTTGCATCGCTAGCA,nIPC/GluN1
hft_ctx_w21_dc2r2_r1_GGTTGCGGTATTGAGT,nIPC/GluN1
hft_ctx_w21_dc2r2_r1_GGTTGGTGTGCCTCAC,nIPC/GluN1
hft_ctx_w21_dc2r2_r1_GGTTGGTGTGCTGTAA,GluN3
hft_ctx_w21_dc2r2_r1_GGTTGGTGTTTCGCGC,SP
hft_ctx_w21_dc2r2_r1_GGTTTAATCGCAGGCT,GluN2
hft_ctx_w21_dc2r2_r1_GGTTTCCTCCAAGTGT,RG
hft_ctx_w21_dc2r2_r1_GGTTTCCTCTCACTAT,nIPC/GluN1
hft_ctx_w21_dc2r2_r1_GGTTTCCTCTTGCATT,nIPC/GluN1
hft_ctx_w21_dc2r2_r1_GGTTTCTGTGCTTTAC,nIPC/GluN1
hft_ctx_w21_dc2r2_r1_GTAAAGCCACCAGGTT,nIPC/GluN1
hft_ctx_w21_dc2r2_r1_GTAAAGCCACCTGTAA,nIPC/GluN1
hft_ctx_w21_dc2r2_r1_GTAAAGCCATAATCGT,GluN2
hft_ctx_w21_dc2r2_r1_GTAAGCAAGAAACTGG,nIPC/GluN1
hft_ctx_w21_dc2r2_r1_GTAAGCGCAATTAGCT,nIPC/GluN1
hft_ctx_w21_dc2r2_r1_GTAAGCTTCCTGGTCT,mGPC/OPC
hft_ctx_w21_dc2r2_r1_GTAAGGTCAGTTTCTC,GluN3
hft_ctx_w21_dc2r2_r1_GTAATAGCACCACAAC,GluN2
hft_ctx_w21_dc2r2_r1_GTAATAGCAGCTTAGC,nIPC/GluN1
hft_ctx_w21_dc2r2_r1_GTAATAGCATCATGTG,nIPC/GluN1
hft_ctx_w21_dc2r2_r1_GTACAATGTACCTTAC,nIPC/GluN1
hft_ctx_w21_dc2r2_r1_GTACAATGTGATTACG,RG
hft_ctx_w21_dc2r2_r1_GTACACCCAAACTAAG,GluN2
hft_ctx_w21_dc2r2_r1_GTACCGGGTCACTCGC,nIPC/GluN1
hft_ctx_w21_dc2r2_r1_GTACCGGGTTATTGCC,GluN2
hft_ctx_w21_dc2r2_r1_GTACCGGGTTCCGGCT,GluN2
hft_ctx_w21_dc2r2_r1_GTACCTTGTGAGAAAC,nIPC/GluN1
hft_ctx_w21_dc2r2_r1_GTACCTTGTGAGGTGA,RG
hft_ctx_w21_dc2r2_r1_GTACGTAGTAATCACG,mGPC/OPC
hft_ctx_w21_dc2r2_r1_GTACGTAGTGGATGTC,GluN4
hft_ctx_w21_dc2r2_r1_GTACTAATCCGGAACC,nIPC/GluN1
hft_ctx_w21_dc2r2_r1_GTACTAATCGATAACC,nIPC/GluN1
hft_ctx_w21_dc2r2_r1_GTACTAATCTAATTGG,nIPC/GluN1
hft_ctx_w21_dc2r2_r1_GTACTAATCTGTAAGC,nIPC/GluN1
hft_ctx_w21_dc2r2_r1_GTACTAGGTTAATGAC,GluN2
hft_ctx_w21_dc2r2_r1_GTACTGGTCGGGACCT,RG
hft_ctx_w21_dc2r2_r1_GTACTTAAGTTAGCCG,nIPC/GluN1
hft_ctx_w21_dc2r2_r1_GTACTTCGTACCGTTT,GluN4
hft_ctx_w21_dc2r2_r1_GTACTTCGTAGCCTAA,mGPC/OPC
hft_ctx_w21_dc2r2_r1_GTACTTCGTCATAGAT,GluN2
hft_ctx_w21_dc2r2_r1_GTAGCGCTCGTCAAGT,nIPC/GluN1
hft_ctx_w21_dc2r2_r1_GTAGGATCAATCTCTC,nIPC/GluN1
hft_ctx_w21_dc2r2_r1_GTAGGATCAATTGAGA,RG
hft_ctx_w21_dc2r2_r1_GTAGGATCATGAAGTA,GluN4
hft_ctx_w21_dc2r2_r1_GTAGGTGCAGGACCAA,RG
hft_ctx_w21_dc2r2_r1_GTAGTTATCAGCCAAT,GluN3
hft_ctx_w21_dc2r2_r1_GTAGTTTCAAGATTCT,GluN2
hft_ctx_w21_dc2r2_r1_GTATCGCCACAGGAAT,nIPC/GluN1
hft_ctx_w21_dc2r2_r1_GTATCGCCAGGCGAGT,GluN2
hft_ctx_w21_dc2r2_r1_GTATGTGGTGTGTCCC,GluN2
hft_ctx_w21_dc2r2_r1_GTATGTTCAACAACAA,nIPC/GluN1
hft_ctx_w21_dc2r2_r1_GTATGTTCACAAACTT,GluN2
hft_ctx_w21_dc2r2_r1_GTATGTTCAGCAATAA,GluN2
hft_ctx_w21_dc2r2_r1_GTATGTTCAGCCGCTA,GluN4
hft_ctx_w21_dc2r2_r1_GTATGTTCAGTAATAG,nIPC/GluN1
hft_ctx_w21_dc2r2_r1_GTATGTTCAGTTTGGC,GluN2
hft_ctx_w21_dc2r2_r1_GTATGTTCATGCTCCC,mGPC/OPC
hft_ctx_w21_dc2r2_r1_GTATTCAAGATTCCTT,nIPC/GluN1
hft_ctx_w21_dc2r2_r1_GTATTCAAGGCTAAGA,nIPC/GluN1
hft_ctx_w21_dc2r2_r1_GTATTGATCAAGCTTA,Cyc. Prog.
hft_ctx_w21_dc2r2_r1_GTATTGCAGCACAGAA,nIPC/GluN1
hft_ctx_w21_dc2r2_r1_GTATTGCAGCACGTTG,nIPC/GluN1
hft_ctx_w21_dc2r2_r1_GTATTGCAGCCTTAAA,mGPC/OPC
hft_ctx_w21_dc2r2_r1_GTATTGTCACATAACT,RG
hft_ctx_w21_dc2r2_r1_GTCAAACTCGCGACAC,GluN2
hft_ctx_w21_dc2r2_r1_GTCAGGCTCTGGCATG,RG
hft_ctx_w21_dc2r2_r1_GTCATCACATTAAAGG,RG
hft_ctx_w21_dc2r2_r1_GTCATGAGTATACTGG,GluN4
hft_ctx_w21_dc2r2_r1_GTCATGAGTTTGTCTA,mGPC/OPC
hft_ctx_w21_dc2r2_r1_GTCATTAAGAACAAGT,nIPC/GluN1
hft_ctx_w21_dc2r2_r1_GTCCAAGTCAATCTAG,RG
hft_ctx_w21_dc2r2_r1_GTCCAGGGTGGATTCA,GluN2
hft_ctx_w21_dc2r2_r1_GTCCAGGGTTAGTACG,GluN2
hft_ctx_w21_dc2r2_r1_GTCCGTAAGTCGCAAT,nIPC/GluN1
hft_ctx_w21_dc2r2_r1_GTCCTAGAGAGGGACT,mGPC/OPC
hft_ctx_w21_dc2r2_r1_GTCCTAGAGATAAAGC,nIPC/GluN1
hft_ctx_w21_dc2r2_r1_GTCCTAGAGGCTTAAC,nIPC/GluN1
hft_ctx_w21_dc2r2_r1_GTCCTCAGTGACATGC,GluN2
hft_ctx_w21_dc2r2_r1_GTCCTCCCAAGGAATC,Cyc. Prog.
hft_ctx_w21_dc2r2_r1_GTCCTCCCAATCCTAG,RG
hft_ctx_w21_dc2r2_r1_GTCCTCCCACCACAAC,RG
hft_ctx_w21_dc2r2_r1_GTCCTCCCAGTAGGTG,GluN3
hft_ctx_w21_dc2r2_r1_GTCCTCCCATTGTGAT,GluN2
hft_ctx_w21_dc2r2_r1_GTCGAAGCAGCTTACA,RG
hft_ctx_w21_dc2r2_r1_GTCGAAGCATTCAGCA,GluN3
hft_ctx_w21_dc2r2_r1_GTCGAGGAGAGAAGGG,Cyc. Prog.
hft_ctx_w21_dc2r2_r1_GTCGCAATCAAAGGCA,RG
hft_ctx_w21_dc2r2_r1_GTCGCAATCCTAATAG,RG
hft_ctx_w21_dc2r2_r1_GTCGGTTCATCGCTCC,nIPC/GluN1
hft_ctx_w21_dc2r2_r1_GTCGGTTCATTTGCTC,GluN2
hft_ctx_w21_dc2r2_r1_GTCTAACAGCTTTGTT,nIPC/GluN1
hft_ctx_w21_dc2r2_r1_GTCTAGCCAACAGGTG,GluN4
hft_ctx_w21_dc2r2_r1_GTCTAGCCACAGGGAC,nIPC/GluN1
hft_ctx_w21_dc2r2_r1_GTCTATGCAATTAGGA,mGPC/OPC
hft_ctx_w21_dc2r2_r1_GTCTCACTCGAGGAAC,nIPC/GluN1
hft_ctx_w21_dc2r2_r1_GTCTTGCTCCAGCACA,RG
hft_ctx_w21_dc2r2_r1_GTCTTGCTCCGCTAGA,GluN4
hft_ctx_w21_dc2r2_r1_GTCTTTAGTCAGTAAT,nIPC/GluN1
hft_ctx_w21_dc2r2_r1_GTCTTTAGTTGTTGCT,GluN2
hft_ctx_w21_dc2r2_r1_GTCTTTGTCATAACTG,nIPC/GluN1
hft_ctx_w21_dc2r2_r1_GTCTTTGTCCCGTTGT,nIPC/GluN1
hft_ctx_w21_dc2r2_r1_GTGAACAAGATGGAGC,nIPC/GluN1
hft_ctx_w21_dc2r2_r1_GTGAGGAGTTATAGCG,mGPC/OPC
hft_ctx_w21_dc2r2_r1_GTGCAAGCACCTACGG,Cyc. Prog.
hft_ctx_w21_dc2r2_r1_GTGCACGGTCATTAGG,GluN2
hft_ctx_w21_dc2r2_r1_GTGCACGGTGCGCATG,GluN3
hft_ctx_w21_dc2r2_r1_GTGCACGGTGGTTAGC,GluN4
hft_ctx_w21_dc2r2_r1_GTGCACGGTTATCCGT,RG
hft_ctx_w21_dc2r2_r1_GTGCATTAGTACTGGT,GluN2
hft_ctx_w21_dc2r2_r1_GTGCATTAGTCGCTAG,Cyc. Prog.
hft_ctx_w21_dc2r2_r1_GTGCGCAGTGATTACG,nIPC/GluN1
hft_ctx_w21_dc2r2_r1_GTGCGCAGTTTCGCGC,nIPC/GluN1
hft_ctx_w21_dc2r2_r1_GTGCGGTTCAGCTAAC,GluN2
hft_ctx_w21_dc2r2_r1_GTGCGGTTCGTACCGA,GluN2
hft_ctx_w21_dc2r2_r1_GTGCGGTTCTTGAGCG,RG
hft_ctx_w21_dc2r2_r1_GTGCTCAAGGCCCAGT,nIPC/GluN1
hft_ctx_w21_dc2r2_r1_GTGCTCCGTCAAGTAT,Cyc. Prog.
hft_ctx_w21_dc2r2_r1_GTGCTCCGTCGTAAAT,nIPC/GluN1
hft_ctx_w21_dc2r2_r1_GTGCTGGGTTTAAAGC,Cyc. Prog.
hft_ctx_w21_dc2r2_r1_GTGCTTCTCCGTCCAT,RG
hft_ctx_w21_dc2r2_r1_GTGGACACACGTGCTG,GluN3
hft_ctx_w21_dc2r2_r1_GTGGCTTCAATAAGCA,nIPC/GluN1
hft_ctx_w21_dc2r2_r1_GTGGCTTCACCCACAG,RG
hft_ctx_w21_dc2r2_r1_GTGGCTTCATGCTATG,GluN3
hft_ctx_w21_dc2r2_r1_GTGGCTTCATTATGAC,nIPC/GluN1
hft_ctx_w21_dc2r2_r1_GTGGTTAGTAAAGCGG,nIPC/GluN1
hft_ctx_w21_dc2r2_r1_GTGTAACTCGAGCTAT,Cyc. Prog.
hft_ctx_w21_dc2r2_r1_GTGTCCAAGGCGCACT,GluN2
hft_ctx_w21_dc2r2_r1_GTGTCCAAGTCACGAT,mGPC/OPC
hft_ctx_w21_dc2r2_r1_GTGTGCGGTAGCAGCT,nIPC/GluN1
hft_ctx_w21_dc2r2_r1_GTGTGCGGTTTGTGGA,GluN2
hft_ctx_w21_dc2r2_r1_GTGTTCCTCATTACAG,GluN4
hft_ctx_w21_dc2r2_r1_GTTAAACGTTCAAGCA,GluN2
hft_ctx_w21_dc2r2_r1_GTTAAACGTTGTGATG,RG
hft_ctx_w21_dc2r2_r1_GTTAACGGTCGCGCAA,GluN3
hft_ctx_w21_dc2r2_r1_GTTAACGGTTCCAGGG,GluN4
hft_ctx_w21_dc2r2_r1_GTTAACGGTTCCGGCT,nIPC/GluN1
hft_ctx_w21_dc2r2_r1_GTTAAGTGTAGTTAAC,nIPC/GluN1
hft_ctx_w21_dc2r2_r1_GTTAAGTGTATGGTGC,GluN2
hft_ctx_w21_dc2r2_r1_GTTAAGTGTCATAACG,mGPC/OPC
hft_ctx_w21_dc2r2_r1_GTTAAGTGTTGCGCGA,GluN2
hft_ctx_w21_dc2r2_r1_GTTAAGTGTTGGTTGA,nIPC/GluN1
hft_ctx_w21_dc2r2_r1_GTTAATGTCATCCTGC,SP
hft_ctx_w21_dc2r2_r1_GTTAATGTCGTTTCGC,Cyc. Prog.
hft_ctx_w21_dc2r2_r1_GTTACAGGTAGGTGTC,GluN4
hft_ctx_w21_dc2r2_r1_GTTACCTGTTTGACCT,GluN3
hft_ctx_w21_dc2r2_r1_GTTACGCCAAATACCT,GluN3
hft_ctx_w21_dc2r2_r1_GTTACGCCAATATGGA,GluN2
hft_ctx_w21_dc2r2_r1_GTTACGCCATTGTCAG,GluN4
hft_ctx_w21_dc2r2_r1_GTTACGTAGACTCGCA,GluN2
hft_ctx_w21_dc2r2_r1_GTTACGTAGCGGATTT,GluN3
hft_ctx_w21_dc2r2_r1_GTTACGTAGTTAGACC,RG
hft_ctx_w21_dc2r2_r1_GTTACTAAGGAGGTTA,GluN3
hft_ctx_w21_dc2r2_r1_GTTACTAAGGTGAAGC,GluN4
hft_ctx_w21_dc2r2_r1_GTTAGACTCATAATCG,nIPC/GluN1
hft_ctx_w21_dc2r2_r1_GTTCACCTCATAATCG,Cyc. Prog.
hft_ctx_w21_dc2r2_r1_GTTCATTTCTTACTCG,SP
hft_ctx_w21_dc2r2_r1_GTTCCCAGTCCTTTAA,GluN4
hft_ctx_w21_dc2r2_r1_GTTCCCAGTTAGCATG,nIPC/GluN1
hft_ctx_w21_dc2r2_r1_GTTCCTGGTCACTCGC,nIPC/GluN1
hft_ctx_w21_dc2r2_r1_GTTCCTGGTTAGTACG,nIPC/GluN1
hft_ctx_w21_dc2r2_r1_GTTCCTTCAAGCCACT,GluN3
hft_ctx_w21_dc2r2_r1_GTTCCTTCACCGGCTA,nIPC/GluN1
hft_ctx_w21_dc2r2_r1_GTTCCTTCACTTACAG,nIPC/GluN1
hft_ctx_w21_dc2r2_r1_GTTCCTTCATCCGTAA,GluN2
hft_ctx_w21_dc2r2_r1_GTTCGCGCAATCGCAC,nIPC/GluN1
hft_ctx_w21_dc2r2_r1_GTTCGCGCAGTCTATG,GluN2
hft_ctx_w21_dc2r2_r1_GTTCGCGCAGTTTACG,GluN2
hft_ctx_w21_dc2r2_r1_GTTCGCGCATTGTCCT,GluN3
hft_ctx_w21_dc2r2_r1_GTTCGCTTCGGTCAAT,nIPC/GluN1
hft_ctx_w21_dc2r2_r1_GTTCTCATCAACCAAC,GluN2
hft_ctx_w21_dc2r2_r1_GTTCTCATCTAGCTAA,nIPC/GluN1
hft_ctx_w21_dc2r2_r1_GTTCTTAGTTAACGGC,GluN2
hft_ctx_w21_dc2r2_r1_GTTCTTGTCAAGTGAG,Cyc. Prog.
hft_ctx_w21_dc2r2_r1_GTTCTTGTCATTGTTC,GluN4
hft_ctx_w21_dc2r2_r1_GTTCTTGTCCAATAGC,nIPC/GluN1
hft_ctx_w21_dc2r2_r1_GTTGCATAGCCTGATG,GluN2
hft_ctx_w21_dc2r2_r1_GTTGCATAGTTAACCA,GluN3
hft_ctx_w21_dc2r2_r1_GTTGCGGGTAATCGGC,GluN4
hft_ctx_w21_dc2r2_r1_GTTGGCCAGGTGTCCA,GluN2
hft_ctx_w21_dc2r2_r1_GTTGGCCAGTTTGGGT,nIPC/GluN1
hft_ctx_w21_dc2r2_r1_GTTGGCGGTAGTTGGC,RG
hft_ctx_w21_dc2r2_r1_GTTGGCGGTTATCGAG,GluN2
hft_ctx_w21_dc2r2_r1_GTTGTGAGTACTTAGG,GluN2
hft_ctx_w21_dc2r2_r1_GTTGTGAGTTAGGATT,nIPC/GluN1
hft_ctx_w21_dc2r2_r1_GTTGTTGCAAACAACA,GluN2
hft_ctx_w21_dc2r2_r1_GTTGTTGCAACGTGCT,nIPC/GluN1
hft_ctx_w21_dc2r2_r1_GTTGTTGCACTGGCTG,GluN2
hft_ctx_w21_dc2r2_r1_GTTTAACCAACAGGTG,nIPC/GluN1
hft_ctx_w21_dc2r2_r1_GTTTAACCAGAAATTG,GluN3
hft_ctx_w21_dc2r2_r1_GTTTAACCAGGCCAAA,nIPC/GluN1
hft_ctx_w21_dc2r2_r1_GTTTAACCATTTAAGC,nIPC/GluN1
hft_ctx_w21_dc2r2_r1_GTTTACCGTCCTAAGA,mGPC/OPC
hft_ctx_w21_dc2r2_r1_GTTTAGCAGCTCAAAC,SP
hft_ctx_w21_dc2r2_r1_GTTTATCTCAAACACC,nIPC/GluN1
hft_ctx_w21_dc2r2_r1_GTTTATCTCCCTGATC,GluN2
hft_ctx_w21_dc2r2_r1_GTTTATCTCGGCCATA,GluN2
hft_ctx_w21_dc2r2_r1_GTTTATCTCTGTAATG,mGPC/OPC
hft_ctx_w21_dc2r2_r1_GTTTCAGCAAAGCGGC,GluN2
hft_ctx_w21_dc2r2_r1_GTTTCAGCAGCTAACC,nIPC/GluN1
hft_ctx_w21_dc2r2_r1_GTTTCCTCAATGAAGC,GluN2
hft_ctx_w21_dc2r2_r1_GTTTCCTCAATGAGGT,nIPC/GluN1
hft_ctx_w21_dc2r2_r1_GTTTCCTCATAATCAC,nIPC/GluN1
hft_ctx_w21_dc2r2_r1_GTTTCTAGTATTGAGT,nIPC/GluN1
hft_ctx_w21_dc2r2_r1_GTTTCTAGTTCCTCCT,GluN2
hft_ctx_w21_dc2r2_r1_GTTTGCTGTTAGCATG,nIPC/GluN1
hft_ctx_w21_dc2r2_r1_GTTTGTTTCCAAGTTA,SP
hft_ctx_w21_dc2r2_r1_TAAACAGCATAATGAG,RG
hft_ctx_w21_dc2r2_r1_TAAACAGCATGCTATG,GluN2
hft_ctx_w21_dc2r2_r1_TAAACAGCATTGCGGT,GluN2
hft_ctx_w21_dc2r2_r1_TAAAGCCTCAAAGGCA,RG
hft_ctx_w21_dc2r2_r1_TAACCGGTCATGCCTC,GluN2
hft_ctx_w21_dc2r2_r1_TAACCTAAGATAAAGC,RG
hft_ctx_w21_dc2r2_r1_TAACCTAAGGCCCAGT,nIPC/GluN1
hft_ctx_w21_dc2r2_r1_TAACCTAAGTTATGGC,nIPC/GluN1
hft_ctx_w21_dc2r2_r1_TAAGCCAGTAGGTTGC,nIPC/GluN1
hft_ctx_w21_dc2r2_r1_TAAGCCAGTTCAAGCA,nIPC/GluN1
hft_ctx_w21_dc2r2_r1_TAAGCCAGTTGCAATG,GluN3
hft_ctx_w21_dc2r2_r1_TAAGCCTAGGATCACT,nIPC/GluN1
hft_ctx_w21_dc2r2_r1_TAAGCTATCCCGCAAA,RG
hft_ctx_w21_dc2r2_r1_TAAGCTATCGCTATAA,GluN3
hft_ctx_w21_dc2r2_r1_TAAGCTGGTTGAAGCC,mGPC/OPC
hft_ctx_w21_dc2r2_r1_TAAGGACCAGGACACA,GluN2
hft_ctx_w21_dc2r2_r1_TAAGGACCAGGCTAAG,GluN3
hft_ctx_w21_dc2r2_r1_TAAGGCTTCTTGGACG,GluN3
hft_ctx_w21_dc2r2_r1_TAAGTAGCACCTCAGG,GluN3
hft_ctx_w21_dc2r2_r1_TAAGTAGCAGGTTAAA,nIPC/GluN1
hft_ctx_w21_dc2r2_r1_TAAGTAGCATGTTGCA,Cyc. Prog.
hft_ctx_w21_dc2r2_r1_TAAGTGCTCTATCGCC,GluN4
hft_ctx_w21_dc2r2_r1_TAATCACCACTAAATC,RG
hft_ctx_w21_dc2r2_r1_TAATCACCACTTACAG,GluN3
hft_ctx_w21_dc2r2_r1_TAATCACCATCATGGC,nIPC/GluN1
hft_ctx_w21_dc2r2_r1_TAATCACCATCCTGAA,GluN4
hft_ctx_w21_dc2r2_r1_TAATCACCATCGCTCC,nIPC/GluN1
hft_ctx_w21_dc2r2_r1_TAATCCGCACGTAAGG,nIPC/GluN1
hft_ctx_w21_dc2r2_r1_TAATCCGCATATAACC,GluN3
hft_ctx_w21_dc2r2_r1_TAATGCATCCGCAACA,nIPC/GluN1
hft_ctx_w21_dc2r2_r1_TAATGGACACAAACTT,GluN2
hft_ctx_w21_dc2r2_r1_TAATTGCCAGCCTGCA,GluN3
hft_ctx_w21_dc2r2_r1_TACAAGCTCCTCACTA,GluN2
hft_ctx_w21_dc2r2_r1_TACAGCTAGGTGAGAC,RG
hft_ctx_w21_dc2r2_r1_TACAGGTTCCCGTTGT,RG
hft_ctx_w21_dc2r2_r1_TACCAGGTCATGGTTA,Cyc. Prog.
hft_ctx_w21_dc2r2_r1_TACCCGGCACCTGCTC,GluN2
hft_ctx_w21_dc2r2_r1_TACCGAAGTAGTTGGC,GluN4
hft_ctx_w21_dc2r2_r1_TACCGCAAGCGGATAA,nIPC/GluN1
hft_ctx_w21_dc2r2_r1_TACCGCAAGTCATTTC,GluN4
hft_ctx_w21_dc2r2_r1_TACCGCAAGTCCTTTG,RG
hft_ctx_w21_dc2r2_r1_TACCGTTGTCACACCC,GluN2
hft_ctx_w21_dc2r2_r1_TACCGTTGTCGCAAAC,SP
hft_ctx_w21_dc2r2_r1_TACCGTTGTGAGCAAG,nIPC/GluN1
hft_ctx_w21_dc2r2_r1_TACCGTTGTTCAAGAT,GluN3
hft_ctx_w21_dc2r2_r1_TACCTCATCGCAGGCT,SP
hft_ctx_w21_dc2r2_r1_TACCTCATCTTGCAAA,nIPC/GluN1
hft_ctx_w21_dc2r2_r1_TACCTGCTCAAACACC,nIPC/GluN1
hft_ctx_w21_dc2r2_r1_TACCTGCTCTTTGAGA,nIPC/GluN1
hft_ctx_w21_dc2r2_r1_TACCTTTAGCCGGTAC,nIPC/GluN1
hft_ctx_w21_dc2r2_r1_TACCTTTAGGTTTGCG,GluN2
hft_ctx_w21_dc2r2_r1_TACCTTTAGTTATCCT,GluN5
hft_ctx_w21_dc2r2_r1_TACGCACCAATGAAGC,Cyc. Prog.
hft_ctx_w21_dc2r2_r1_TACGCTTGTCCTAACT,GluN4
hft_ctx_w21_dc2r2_r1_TACGGATTCACGAATC,nIPC/GluN1
hft_ctx_w21_dc2r2_r1_TACGGATTCCCGAACA,nIPC/GluN1
hft_ctx_w21_dc2r2_r1_TACGGATTCGTACCGA,GluN4
hft_ctx_w21_dc2r2_r1_TACGGTTAGATGGACA,GluN2
hft_ctx_w21_dc2r2_r1_TACGGTTAGGGACCTC,RG
hft_ctx_w21_dc2r2_r1_TACGTAATCAAATCGC,Cyc. Prog.
hft_ctx_w21_dc2r2_r1_TACGTAATCCGTCCAT,nIPC/GluN1
hft_ctx_w21_dc2r2_r1_TACGTAATCTCTAGCC,nIPC/GluN1
hft_ctx_w21_dc2r2_r1_TACGTTAAGAGAGCCG,nIPC/GluN1
hft_ctx_w21_dc2r2_r1_TACGTTAAGCAACAAG,nIPC/GluN1
hft_ctx_w21_dc2r2_r1_TACGTTAAGCATGAAG,nIPC/GluN1
hft_ctx_w21_dc2r2_r1_TACGTTAAGCGAGGTG,nIPC/GluN1
hft_ctx_w21_dc2r2_r1_TACTAAGTCATGCAAC,GluN4
hft_ctx_w21_dc2r2_r1_TACTAAGTCCTGTTCA,mGPC/OPC
hft_ctx_w21_dc2r2_r1_TACTCAAAGATAGACG,GluN2
hft_ctx_w21_dc2r2_r1_TACTCAAAGGATAAAC,RG
hft_ctx_w21_dc2r2_r1_TACTCGCTCAATCATG,GluN2
hft_ctx_w21_dc2r2_r1_TACTCGCTCTTAGGGT,GluN2
hft_ctx_w21_dc2r2_r1_TACTGACAGCACAGAA,GluN2
hft_ctx_w21_dc2r2_r1_TACTGACAGGGATGAC,GluN3
hft_ctx_w21_dc2r2_r1_TACTGACAGTTAGCCG,GluN3
hft_ctx_w21_dc2r2_r1_TACTGGCCAACCCTAA,Cyc. Prog.
hft_ctx_w21_dc2r2_r1_TACTGGCCAATAATGG,GluN2
hft_ctx_w21_dc2r2_r1_TACTGGCCATTCAGCA,nIPC/GluN1
hft_ctx_w21_dc2r2_r1_TACTTCGTCCTCATCA,nIPC/GluN1
hft_ctx_w21_dc2r2_r1_TACTTGTTCCTAAGGT,GluN2
hft_ctx_w21_dc2r2_r1_TAGACCAGTAGGTTTG,nIPC/GluN1
hft_ctx_w21_dc2r2_r1_TAGCAGGCAGGCTACT,nIPC/GluN1
hft_ctx_w21_dc2r2_r1_TAGCAGGCATTTAAGC,GluN2
hft_ctx_w21_dc2r2_r1_TAGCCTCTCGCTAGCA,nIPC/GluN1
hft_ctx_w21_dc2r2_r1_TAGCCTTGTTTATGGG,nIPC/GluN1
hft_ctx_w21_dc2r2_r1_TAGCCTTGTTTCAGGA,SP
hft_ctx_w21_dc2r2_r1_TAGCGCGGTCCTTAGT,Cyc. Prog.
hft_ctx_w21_dc2r2_r1_TAGCGGACAATAGCCC,nIPC/GluN1
hft_ctx_w21_dc2r2_r1_TAGCGGACATGAGCAG,nIPC/GluN1
hft_ctx_w21_dc2r2_r1_TAGCGGACATTGCGAC,nIPC/GluN1
hft_ctx_w21_dc2r2_r1_TAGCGGCTCAATGTCA,nIPC/GluN1
hft_ctx_w21_dc2r2_r1_TAGCTAATCATCCACC,GluN2
hft_ctx_w21_dc2r2_r1_TAGCTAATCTTAGCCC,GluN3
hft_ctx_w21_dc2r2_r1_TAGCTAGGTGAATCGC,GluN2
hft_ctx_w21_dc2r2_r1_TAGCTTAAGCCACAAT,GluN4
hft_ctx_w21_dc2r2_r1_TAGCTTAAGGACAACA,RG
hft_ctx_w21_dc2r2_r1_TAGCTTAAGGCCGGAA,GluN2
hft_ctx_w21_dc2r2_r1_TAGCTTAAGTTTCCTG,GluN2
hft_ctx_w21_dc2r2_r1_TAGGAACCAGTAGGTG,mGPC/OPC
hft_ctx_w21_dc2r2_r1_TAGGAACCATTAAGCT,Cyc. Prog.
hft_ctx_w21_dc2r2_r1_TAGGAGGGTAACGTGC,GluN2
hft_ctx_w21_dc2r2_r1_TAGGAGTCACCGGTAT,nIPC/GluN1
hft_ctx_w21_dc2r2_r1_TAGGCTAGTCATGAGC,Cyc. Prog.
hft_ctx_w21_dc2r2_r1_TAGGCTGTCCAGGTTG,SP
hft_ctx_w21_dc2r2_r1_TAGGCTGTCGGTTCCT,GluN2
hft_ctx_w21_dc2r2_r1_TAGGCTTAGCGCCTAA,RG
hft_ctx_w21_dc2r2_r1_TAGGGTTTCGGGACTC,GluN4
hft_ctx_w21_dc2r2_r1_TAGGTGCGTTACTAGG,nIPC/GluN1
hft_ctx_w21_dc2r2_r1_TAGGTTATCCGCAAAT,RG
hft_ctx_w21_dc2r2_r1_TAGGTTATCCGGTATG,GluN3
hft_ctx_w21_dc2r2_r1_TAGGTTATCCTAAGAC,GluN3
hft_ctx_w21_dc2r2_r1_TAGTAAGCAAACTGTT,mGPC/OPC
hft_ctx_w21_dc2r2_r1_TAGTAAGCAAAGCTAA,RG
hft_ctx_w21_dc2r2_r1_TAGTAAGCATTAGGTT,nIPC/GluN1
hft_ctx_w21_dc2r2_r1_TAGTACGGTAGCTGGT,nIPC/GluN1
hft_ctx_w21_dc2r2_r1_TAGTAGGAGCCGCTAA,nIPC/GluN1
hft_ctx_w21_dc2r2_r1_TAGTCAATCATGAAGG,GluN2
hft_ctx_w21_dc2r2_r1_TAGTCAATCGCTAGTG,nIPC/GluN1
hft_ctx_w21_dc2r2_r1_TAGTCAATCGGCTAGC,mGPC/OPC
hft_ctx_w21_dc2r2_r1_TAGTGGCGTTATCCGT,nIPC/GluN1
hft_ctx_w21_dc2r2_r1_TAGTGTGGTCTTTATG,Cyc. Prog.
hft_ctx_w21_dc2r2_r1_TAGTGTGGTGATCAGC,nIPC/GluN1
hft_ctx_w21_dc2r2_r1_TAGTGTGGTGCTCACC,RG
hft_ctx_w21_dc2r2_r1_TAGTGTGGTTACGCAA,GluN2
hft_ctx_w21_dc2r2_r1_TAGTTTGAGCACTAGT,Cyc. Prog.
hft_ctx_w21_dc2r2_r1_TAGTTTGAGTTGGGCC,GluN2
hft_ctx_w21_dc2r2_r1_TATAACCCAACTAACT,GluN3
hft_ctx_w21_dc2r2_r1_TATAGCCAGGCTACTG,GluN2
hft_ctx_w21_dc2r2_r1_TATAGCCAGGTCCGTA,GluN3
hft_ctx_w21_dc2r2_r1_TATAGCCAGTATGTGC,nIPC/GluN1
hft_ctx_w21_dc2r2_r1_TATAGCCAGTTAGCTA,nIPC/GluN1
hft_ctx_w21_dc2r2_r1_TATAGGTGTAGCTGCG,RG
hft_ctx_w21_dc2r2_r1_TATAGGTGTCTTACTA,GluN2
hft_ctx_w21_dc2r2_r1_TATAGGTGTGGAAACG,GluN3
hft_ctx_w21_dc2r2_r1_TATAGGTGTGTTTCAC,nIPC/GluN1
hft_ctx_w21_dc2r2_r1_TATATCCTCCTAGTTT,GluN4
hft_ctx_w21_dc2r2_r1_TATCACGCACCAACCG,SP
hft_ctx_w21_dc2r2_r1_TATCACGCAGATTCAT,GluN3
hft_ctx_w21_dc2r2_r1_TATCACGCAGCTTACA,nIPC/GluN1
hft_ctx_w21_dc2r2_r1_TATCACGCATTGCAGC,GluN2
hft_ctx_w21_dc2r2_r1_TATCCGGAGCCTCTCG,GluN3
hft_ctx_w21_dc2r2_r1_TATCGAGGTCATCATC,nIPC/GluN1
hft_ctx_w21_dc2r2_r1_TATCGCACACAACAGG,RG
hft_ctx_w21_dc2r2_r1_TATCGCACAGGCAAGC,GluN2
hft_ctx_w21_dc2r2_r1_TATCGCGAGCGCTCAA,SP
hft_ctx_w21_dc2r2_r1_TATCGCGAGGCTTAAC,nIPC/GluN1
hft_ctx_w21_dc2r2_r1_TATCGCGAGTGAAGTG,GluN4
hft_ctx_w21_dc2r2_r1_TATGACATCGAAGTGA,nIPC/GluN1
hft_ctx_w21_dc2r2_r1_TATGACTCAGGAATCG,RG
hft_ctx_w21_dc2r2_r1_TATGACTCATAGACCC,SP
hft_ctx_w21_dc2r2_r1_TATGACTCATATTGAC,GluN2
hft_ctx_w21_dc2r2_r1_TATGCATCAATAATCC,RG
hft_ctx_w21_dc2r2_r1_TATGCATCAATTAGGA,GluN5
hft_ctx_w21_dc2r2_r1_TATGCATCAGTTATGT,mGPC/OPC
hft_ctx_w21_dc2r2_r1_TATGCATCATGAGCAG,nIPC/GluN1
hft_ctx_w21_dc2r2_r1_TATGGATGTACAATGT,mGPC/OPC
hft_ctx_w21_dc2r2_r1_TATGGGCGTAAGTCGC,RG
hft_ctx_w21_dc2r2_r1_TATGGGCGTAGCCTAA,nIPC/GluN1
hft_ctx_w21_dc2r2_r1_TATTACCTCATTGCAA,GluN2
hft_ctx_w21_dc2r2_r1_TATTAGCCAGCGCTTG,GluN2
hft_ctx_w21_dc2r2_r1_TATTAGCCATTCCTCG,mGPC/OPC
hft_ctx_w21_dc2r2_r1_TATTAGGTCGTTTCTG,RG
hft_ctx_w21_dc2r2_r1_TATTCGTTCTGTTGCC,nIPC/GluN1
hft_ctx_w21_dc2r2_r1_TATTGACCAGTTTACG,nIPC/GluN1
hft_ctx_w21_dc2r2_r1_TATTGACCAGTTTGTG,GluN3
hft_ctx_w21_dc2r2_r1_TATTGACCATTGGGAG,GluN4
hft_ctx_w21_dc2r2_r1_TATTTGCTCCCGAACA,GluN2
hft_ctx_w21_dc2r2_r1_TATTTGCTCGCTATGG,GluN4
hft_ctx_w21_dc2r2_r1_TATTTGGAGCGATACT,GluN2
hft_ctx_w21_dc2r2_r1_TATTTGGAGGCATTGT,GluN2
hft_ctx_w21_dc2r2_r1_TATTTGGAGTGAACAG,GluN3
hft_ctx_w21_dc2r2_r1_TCAAACCAGCTATATG,nIPC/GluN1
hft_ctx_w21_dc2r2_r1_TCAACAATCGCTAGCA,GluN2
hft_ctx_w21_dc2r2_r1_TCAAGAACAACTAGCC,nIPC/GluN1
hft_ctx_w21_dc2r2_r1_TCAAGAACAAGCTTTG,GluN3
hft_ctx_w21_dc2r2_r1_TCAAGACTCACTCAAA,nIPC/GluN1
hft_ctx_w21_dc2r2_r1_TCAAGGAAGACACCGC,nIPC/GluN1
hft_ctx_w21_dc2r2_r1_TCAAGGAAGCCTCTGT,GluN4
hft_ctx_w21_dc2r2_r1_TCAAGGAAGGCGCACT,nIPC/GluN1
hft_ctx_w21_dc2r2_r1_TCAAGTATCAGGGCCT,GluN2
hft_ctx_w21_dc2r2_r1_TCAAGTATCCTTGCGT,GluN2
hft_ctx_w21_dc2r2_r1_TCAATCGCACAGAAAC,SP
hft_ctx_w21_dc2r2_r1_TCACATAAGGCCAATT,GluN4
hft_ctx_w21_dc2r2_r1_TCACATAAGTAACCAC,mGPC/OPC
hft_ctx_w21_dc2r2_r1_TCACATAAGTGTGATC,RG
hft_ctx_w21_dc2r2_r1_TCACCGGCAATGCCCG,GluN4
hft_ctx_w21_dc2r2_r1_TCACCGGCACTTCATC,Cyc. Prog.
hft_ctx_w21_dc2r2_r1_TCACCGGCATCACTTC,nIPC/GluN1
hft_ctx_w21_dc2r2_r1_TCACCTCAGAATCGCT,GluN4
hft_ctx_w21_dc2r2_r1_TCACCTGGTGCGCGTA,GluN2
hft_ctx_w21_dc2r2_r1_TCACCTGGTTAGAGGG,GluN2
hft_ctx_w21_dc2r2_r1_TCACGGATCAGTTCCC,GluN2
hft_ctx_w21_dc2r2_r1_TCACTGACAGCCTTGG,GluN3
hft_ctx_w21_dc2r2_r1_TCAGCAAGTCAAGACC,GluN4
hft_ctx_w21_dc2r2_r1_TCAGCAAGTCAGGAAG,nIPC/GluN1
hft_ctx_w21_dc2r2_r1_TCAGCCTTCTGGCAAT,GluN4
hft_ctx_w21_dc2r2_r1_TCAGCGATCATAACCA,Cyc. Prog.
hft_ctx_w21_dc2r2_r1_TCAGGAGCAAGCTTTG,nIPC/GluN1
hft_ctx_w21_dc2r2_r1_TCAGGAGCACCAAAGG,nIPC/GluN1
hft_ctx_w21_dc2r2_r1_TCAGGTCCAAGCCAGA,GluN3
hft_ctx_w21_dc2r2_r1_TCAGTAATCTTGATGA,RG
hft_ctx_w21_dc2r2_r1_TCAGTGAGTTATTGCC,GluN2
hft_ctx_w21_dc2r2_r1_TCATAACCAACAGGAT,RG
hft_ctx_w21_dc2r2_r1_TCATAACCAGGGAGGA,nIPC/GluN1
hft_ctx_w21_dc2r2_r1_TCATACTTCATCCACC,nIPC/GluN1
hft_ctx_w21_dc2r2_r1_TCATACTTCCGGAACC,nIPC/GluN1
hft_ctx_w21_dc2r2_r1_TCATACTTCGCTCCAT,nIPC/GluN1
hft_ctx_w21_dc2r2_r1_TCATCCATCGGTACGC,nIPC/GluN1
hft_ctx_w21_dc2r2_r1_TCATCCATCTTGATGA,GluN2
hft_ctx_w21_dc2r2_r1_TCATGAGGTCAATAGT,nIPC/GluN1
hft_ctx_w21_dc2r2_r1_TCATGAGGTCAGTAAT,GluN3
hft_ctx_w21_dc2r2_r1_TCATGAGGTCATAACG,nIPC/GluN1
hft_ctx_w21_dc2r2_r1_TCATGAGGTTTGTCTA,GluN2
hft_ctx_w21_dc2r2_r1_TCATGCCTCACTAATG,GluN2
hft_ctx_w21_dc2r2_r1_TCATGCCTCCTGGTCT,RG
hft_ctx_w21_dc2r2_r1_TCATGCCTCGCAAACT,nIPC/GluN1
hft_ctx_w21_dc2r2_r1_TCATGTTTCAATCTAG,nIPC/GluN1
hft_ctx_w21_dc2r2_r1_TCATGTTTCCTTCTAG,RG
hft_ctx_w21_dc2r2_r1_TCATGTTTCGCGCTAA,GluN3
hft_ctx_w21_dc2r2_r1_TCATTACTCAGGATGA,nIPC/GluN1
hft_ctx_w21_dc2r2_r1_TCATTACTCTCCATAT,GluN2
hft_ctx_w21_dc2r2_r1_TCATTTGGTAGCCTAA,nIPC/GluN1
hft_ctx_w21_dc2r2_r1_TCATTTGGTCACGAAC,nIPC/GluN1
hft_ctx_w21_dc2r2_r1_TCATTTGGTCCTAAGA,nIPC/GluN1
hft_ctx_w21_dc2r2_r1_TCATTTGGTGCAACTA,nIPC/GluN1
hft_ctx_w21_dc2r2_r1_TCATTTGGTGTCCAAA,GluN2
hft_ctx_w21_dc2r2_r1_TCATTTGGTTGCAATG,nIPC/GluN1
hft_ctx_w21_dc2r2_r1_TCCACAACACAACCTA,GluN2
hft_ctx_w21_dc2r2_r1_TCCAGGATCGGTCAGC,GluN3
hft_ctx_w21_dc2r2_r1_TCCAGGATCTTGGATA,nIPC/GluN1
hft_ctx_w21_dc2r2_r1_TCCATATTCCTCGATC,nIPC/GluN1
hft_ctx_w21_dc2r2_r1_TCCATATTCGAGCAAA,nIPC/GluN1
hft_ctx_w21_dc2r2_r1_TCCATATTCTTGTTCG,GluN2
hft_ctx_w21_dc2r2_r1_TCCATCATCACAGCCA,nIPC/GluN1
hft_ctx_w21_dc2r2_r1_TCCATCATCACTTTAC,nIPC/GluN1
hft_ctx_w21_dc2r2_r1_TCCATTGTCATGCTCC,nIPC/GluN1
hft_ctx_w21_dc2r2_r1_TCCCGTTAGAAAGCAT,GluN3
hft_ctx_w21_dc2r2_r1_TCCCGTTAGGGATGAC,RG
hft_ctx_w21_dc2r2_r1_TCCCGTTAGTTGTCCC,RG
hft_ctx_w21_dc2r2_r1_TCCCTGGTCTATGACA,RG
hft_ctx_w21_dc2r2_r1_TCCCTGGTCTTTGAGA,nIPC/GluN1
hft_ctx_w21_dc2r2_r1_TCCGCCATCGTTAGTA,RG
hft_ctx_w21_dc2r2_r1_TCCGGAATCGATTTAG,GluN2
hft_ctx_w21_dc2r2_r1_TCCGGAATCGCACACA,GluN4
hft_ctx_w21_dc2r2_r1_TCCGGAATCGGTCATG,GluN2
hft_ctx_w21_dc2r2_r1_TCCGGAATCTTGCTAT,GluN2
hft_ctx_w21_dc2r2_r1_TCCGGTAAGCTTTGGG,nIPC/GluN1
hft_ctx_w21_dc2r2_r1_TCCGGTAAGTTGTCTT,GluN3
hft_ctx_w21_dc2r2_r1_TCCGGTTTCATGCCTC,nIPC/GluN1
hft_ctx_w21_dc2r2_r1_TCCGGTTTCCTGGTGA,GluN2
hft_ctx_w21_dc2r2_r1_TCCTAGTGTAATAACC,GluN2
hft_ctx_w21_dc2r2_r1_TCCTAGTGTTTATCGC,mGPC/OPC
hft_ctx_w21_dc2r2_r1_TCCTCAATCCTTCTAG,nIPC/GluN1
hft_ctx_w21_dc2r2_r1_TCCTCACAGCATTATG,GluN2
hft_ctx_w21_dc2r2_r1_TCCTCACAGGTAACGA,GluN3
hft_ctx_w21_dc2r2_r1_TCCTGGTTCCAAGTGT,mGPC/OPC
hft_ctx_w21_dc2r2_r1_TCCTGGTTCCCTCGCA,Cyc. Prog.
hft_ctx_w21_dc2r2_r1_TCCTGGTTCTTGAGGT,nIPC/GluN1
hft_ctx_w21_dc2r2_r1_TCCTTAGTCTCGCCCA,GluN2
hft_ctx_w21_dc2r2_r1_TCCTTAGTCTTTGAGA,nIPC/GluN1
hft_ctx_w21_dc2r2_r1_TCCTTCAAGTCACCAG,GluN3
hft_ctx_w21_dc2r2_r1_TCCTTGCAGACCATAC,nIPC/GluN1
hft_ctx_w21_dc2r2_r1_TCCTTGCAGACTATTG,GluN3
hft_ctx_w21_dc2r2_r1_TCCTTGCAGCTTCCCG,Cyc. Prog.
hft_ctx_w21_dc2r2_r1_TCCTTGCAGGTCCAAT,GluN2
hft_ctx_w21_dc2r2_r1_TCCTTGCAGTCATTTC,Cyc. Prog.
hft_ctx_w21_dc2r2_r1_TCCTTTACACACAATT,GluN4
hft_ctx_w21_dc2r2_r1_TCCTTTACAGGATAAC,nIPC/GluN1
hft_ctx_w21_dc2r2_r1_TCCTTTACAGTAATAG,GluN3
hft_ctx_w21_dc2r2_r1_TCCTTTACATCAGTAT,nIPC/GluN1
hft_ctx_w21_dc2r2_r1_TCGACAAGTCCTAATC,GluN2
hft_ctx_w21_dc2r2_r1_TCGATTAAGCTAAGTC,GluN2
hft_ctx_w21_dc2r2_r1_TCGATTAAGGACGTAA,GluN2
hft_ctx_w21_dc2r2_r1_TCGATTAAGGCGCTTA,RG
hft_ctx_w21_dc2r2_r1_TCGCATTGTCATAGAT,GluN3
hft_ctx_w21_dc2r2_r1_TCGCGAGGTTGACTTC,GluN3
hft_ctx_w21_dc2r2_r1_TCGCTAACAAGCTAAA,GluN2
hft_ctx_w21_dc2r2_r1_TCGCTAACAGTAAAGC,GluN2
hft_ctx_w21_dc2r2_r1_TCGGTAAGTACGGGTT,mGPC/OPC
hft_ctx_w21_dc2r2_r1_TCGGTAAGTAGCTAAT,Cyc. Prog.
hft_ctx_w21_dc2r2_r1_TCGGTAAGTCGCATAA,RG
hft_ctx_w21_dc2r2_r1_TCGGTAAGTGATCATG,GluN3
hft_ctx_w21_dc2r2_r1_TCGGTTACAAAGCTCC,GluN4
hft_ctx_w21_dc2r2_r1_TCGGTTACAGGCCAAA,nIPC/GluN1
hft_ctx_w21_dc2r2_r1_TCGGTTACATGAGCAG,RG
hft_ctx_w21_dc2r2_r1_TCGGTTACATGGCCTG,nIPC/GluN1
hft_ctx_w21_dc2r2_r1_TCGGTTCTCATCCACC,GluN4
hft_ctx_w21_dc2r2_r1_TCGGTTCTCATGCTAA,GluN2
hft_ctx_w21_dc2r2_r1_TCGGTTTGTTAAGCTG,GluN4
hft_ctx_w21_dc2r2_r1_TCGGTTTGTTAGACCA,nIPC/GluN1
hft_ctx_w21_dc2r2_r1_TCGGTTTGTTAGGTTG,nIPC/GluN1
hft_ctx_w21_dc2r2_r1_TCGTAATCAAGCTTAT,nIPC/GluN1
hft_ctx_w21_dc2r2_r1_TCGTAATCACCTATAG,SP
hft_ctx_w21_dc2r2_r1_TCGTCAACACATAGCC,GluN4
hft_ctx_w21_dc2r2_r1_TCGTGCTTCCTAATAG,nIPC/GluN1
hft_ctx_w21_dc2r2_r1_TCGTGCTTCGGCCAGT,RG
hft_ctx_w21_dc2r2_r1_TCGTTACGTCATAACG,nIPC/GluN1
hft_ctx_w21_dc2r2_r1_TCGTTAGCATGTCAAT,nIPC/GluN1
hft_ctx_w21_dc2r2_r1_TCGTTATTCCGCAAAT,GluN2
hft_ctx_w21_dc2r2_r1_TCTAACCGTATTGAGT,Cyc. Prog.
hft_ctx_w21_dc2r2_r1_TCTAAGGGTTTGGCGG,GluN2
hft_ctx_w21_dc2r2_r1_TCTAATCTCTCGCCTG,nIPC/GluN1
hft_ctx_w21_dc2r2_r1_TCTACCTCAGGGAGGA,nIPC/GluN1
hft_ctx_w21_dc2r2_r1_TCTACCTCATGCAACC,GluN4
hft_ctx_w21_dc2r2_r1_TCTACTAGTATTGAGT,GluN4
hft_ctx_w21_dc2r2_r1_TCTACTAGTATTGGAT,GluN2
hft_ctx_w21_dc2r2_r1_TCTACTAGTTCAAGCA,nIPC/GluN1
hft_ctx_w21_dc2r2_r1_TCTACTAGTTTACTTG,GluN4
hft_ctx_w21_dc2r2_r1_TCTAGCACAATGCCTA,nIPC/GluN1
hft_ctx_w21_dc2r2_r1_TCTAGCCTCATGCTAA,GluN3
hft_ctx_w21_dc2r2_r1_TCTAGCCTCGCTATGG,Cyc. Prog.
hft_ctx_w21_dc2r2_r1_TCTAGCGAGCATGTTA,GluN2
hft_ctx_w21_dc2r2_r1_TCTAGCGAGGCGGATG,RG
hft_ctx_w21_dc2r2_r1_TCTAGCGAGTTATTCC,GluN2
hft_ctx_w21_dc2r2_r1_TCTATGTTCTAAGTCA,Cyc. Prog.
hft_ctx_w21_dc2r2_r1_TCTATGTTCTCAATAG,GluN3
hft_ctx_w21_dc2r2_r1_TCTATGTTCTGCAACG,GluN3
hft_ctx_w21_dc2r2_r1_TCTCAAGCACGGTTTA,GluN2
hft_ctx_w21_dc2r2_r1_TCTCAAGCATCTTGAG,GluN4
hft_ctx_w21_dc2r2_r1_TCTCCTCGTACGCGCA,nIPC/GluN1
hft_ctx_w21_dc2r2_r1_TCTCCTCGTTGCGGAT,GluN3
hft_ctx_w21_dc2r2_r1_TCTCGCCCACCTGGTG,GluN4
hft_ctx_w21_dc2r2_r1_TCTGGCTTCATGCTCC,Cyc. Prog.
hft_ctx_w21_dc2r2_r1_TCTGGCTTCATGGTGT,RG
hft_ctx_w21_dc2r2_r1_TCTGGCTTCCGTGACA,GluN2
hft_ctx_w21_dc2r2_r1_TCTGGCTTCGTTACAA,GluN2
hft_ctx_w21_dc2r2_r1_TCTGGCTTCTGTAATG,RG
hft_ctx_w21_dc2r2_r1_TCTGTGACAGGTTTGC,GluN4
hft_ctx_w21_dc2r2_r1_TCTGTGACATGTTGCA,GluN3
hft_ctx_w21_dc2r2_r1_TCTTAGCGTTAGCAGC,nIPC/GluN1
hft_ctx_w21_dc2r2_r1_TCTTGACGTCTTGCTG,GluN4
hft_ctx_w21_dc2r2_r1_TCTTGACGTGCTCCAC,GluN2
hft_ctx_w21_dc2r2_r1_TCTTTGTAGCTTTGTT,GluN4
hft_ctx_w21_dc2r2_r1_TGAAACTGTAACCAGC,nIPC/GluN1
hft_ctx_w21_dc2r2_r1_TGAAACTGTGCTTAGA,GluN2
hft_ctx_w21_dc2r2_r1_TGAAACTGTGTGTGGT,GluN4
hft_ctx_w21_dc2r2_r1_TGAACAACAGTATGTT,nIPC/GluN1
hft_ctx_w21_dc2r2_r1_TGAACAACAGTTTGGC,nIPC/GluN1
hft_ctx_w21_dc2r2_r1_TGAACAGAGGATCACT,mGPC/OPC
hft_ctx_w21_dc2r2_r1_TGAAGCAAGAACCTGT,RG
hft_ctx_w21_dc2r2_r1_TGAAGCAAGGTCCTGA,GluN2
hft_ctx_w21_dc2r2_r1_TGAAGGATCCCTCACG,nIPC/GluN1
hft_ctx_w21_dc2r2_r1_TGAAGGATCCGGCTAA,nIPC/GluN1
hft_ctx_w21_dc2r2_r1_TGAAGTGAGAATCGCT,nIPC/GluN1
hft_ctx_w21_dc2r2_r1_TGACCAAGTAGTTAAC,nIPC/GluN1
hft_ctx_w21_dc2r2_r1_TGACCTTGTCACCAAA,nIPC/GluN1
hft_ctx_w21_dc2r2_r1_TGACCTTGTGGATTGC,RG
hft_ctx_w21_dc2r2_r1_TGACCTTGTTGTTGTC,nIPC/GluN1
hft_ctx_w21_dc2r2_r1_TGACTCCTCAGCATTA,RG
hft_ctx_w21_dc2r2_r1_TGACTCCTCTGTAATG,nIPC/GluN1
hft_ctx_w21_dc2r2_r1_TGACTTCGTCAAAGGG,GluN2
hft_ctx_w21_dc2r2_r1_TGAGAACCAAGTTATC,GluN2
hft_ctx_w21_dc2r2_r1_TGAGAACCATAAGTTC,GluN3
hft_ctx_w21_dc2r2_r1_TGAGCAAAGTAACAGG,GluN3
hft_ctx_w21_dc2r2_r1_TGAGCAAAGTTACTTC,GluN2
hft_ctx_w21_dc2r2_r1_TGAGCAAAGTTCCTGC,GluN4
hft_ctx_w21_dc2r2_r1_TGAGCACGTTGTGACA,GluN2
hft_ctx_w21_dc2r2_r1_TGAGCCGGTGTCCAAA,GluN2
hft_ctx_w21_dc2r2_r1_TGAGCTTAGCCTGAGC,GluN2
hft_ctx_w21_dc2r2_r1_TGAGCTTAGGAAGCTA,GluN2
hft_ctx_w21_dc2r2_r1_TGAGCTTAGTTTGAGC,GluN2
hft_ctx_w21_dc2r2_r1_TGAGGAGGTGCACGCA,GluN3
hft_ctx_w21_dc2r2_r1_TGAGGGAGTAAACAAG,nIPC/GluN1
hft_ctx_w21_dc2r2_r1_TGAGGGAGTACCGGAT,GluN3
hft_ctx_w21_dc2r2_r1_TGAGGGAGTGTTGTAG,RG
hft_ctx_w21_dc2r2_r1_TGAGGGAGTTGCGGAT,mGPC/OPC
hft_ctx_w21_dc2r2_r1_TGAGGGCCACAATACT,GluN4
hft_ctx_w21_dc2r2_r1_TGAGGGCCAGCCAGTT,mGPC/OPC
hft_ctx_w21_dc2r2_r1_TGAGGGCCAGCTAATT,nIPC/GluN1
hft_ctx_w21_dc2r2_r1_TGAGGGCCATTGTGCA,GluN2
hft_ctx_w21_dc2r2_r1_TGAGGTGCATATTGAC,GluN3
hft_ctx_w21_dc2r2_r1_TGAGTGAAGAGGGACT,nIPC/GluN1
hft_ctx_w21_dc2r2_r1_TGAGTGAAGGATAAAC,Cyc. Prog.
hft_ctx_w21_dc2r2_r1_TGAGTTTCAAGCTACC,GluN2
hft_ctx_w21_dc2r2_r1_TGAGTTTCAGGACCAA,GluN2
hft_ctx_w21_dc2r2_r1_TGATCACAGGAGGCAT,nIPC/GluN1
hft_ctx_w21_dc2r2_r1_TGATCACAGTTAGTTG,Cyc. Prog.
hft_ctx_w21_dc2r2_r1_TGATCAGGTCCAAATG,nIPC/GluN1
hft_ctx_w21_dc2r2_r1_TGATCCTGTAATAGCT,SP
hft_ctx_w21_dc2r2_r1_TGATCCTGTAGGTTTG,Cyc. Prog.
hft_ctx_w21_dc2r2_r1_TGATCCTGTGCGCGTA,nIPC/GluN1
hft_ctx_w21_dc2r2_r1_TGATCGAGTACGTTTC,GluN2
hft_ctx_w21_dc2r2_r1_TGATCGAGTTGGATCA,GluN2
hft_ctx_w21_dc2r2_r1_TGATGACTCAAACCGT,GluN2
hft_ctx_w21_dc2r2_r1_TGATGACTCATAAGCC,nIPC/GluN1
hft_ctx_w21_dc2r2_r1_TGATGACTCCCTCAGT,GluN2
hft_ctx_w21_dc2r2_r1_TGATGATGTGCCTCAC,GluN3
hft_ctx_w21_dc2r2_r1_TGATTAGTCTTGCTAT,GluN2
hft_ctx_w21_dc2r2_r1_TGATTCAAGAAAGGAA,GluN4
hft_ctx_w21_dc2r2_r1_TGATTCAAGCGCTAAT,mGPC/OPC
hft_ctx_w21_dc2r2_r1_TGATTCAAGGAAGTAT,GluN2
hft_ctx_w21_dc2r2_r1_TGATTGCAGCAGCTCA,GluN4
hft_ctx_w21_dc2r2_r1_TGATTGCAGGAACACA,GluN3
hft_ctx_w21_dc2r2_r1_TGCAAGCGTGGGTGAA,SP
hft_ctx_w21_dc2r2_r1_TGCAATATCGCAGGCT,GluN2
hft_ctx_w21_dc2r2_r1_TGCACCTTCCAAATCA,GluN2
hft_ctx_w21_dc2r2_r1_TGCACCTTCCCTCATA,GluN4
hft_ctx_w21_dc2r2_r1_TGCAGGCTCCGCATGA,GluN3
hft_ctx_w21_dc2r2_r1_TGCAGGCTCCTAAGGT,SP
hft_ctx_w21_dc2r2_r1_TGCATCCTCCATTACT,nIPC/GluN1
hft_ctx_w21_dc2r2_r1_TGCATGAGTGTTAAAC,nIPC/GluN1
hft_ctx_w21_dc2r2_r1_TGCCGGTAGCTCCTTA,nIPC/GluN1
hft_ctx_w21_dc2r2_r1_TGCCGGTAGGGTGAAC,nIPC/GluN1
hft_ctx_w21_dc2r2_r1_TGCCTGTTCAACCAAC,GluN3
hft_ctx_w21_dc2r2_r1_TGCCTGTTCCCGCATT,GluN2
hft_ctx_w21_dc2r2_r1_TGCGCAGGTCAAAGGG,mGPC/OPC
hft_ctx_w21_dc2r2_r1_TGCGCAGGTTTCAGGA,nIPC/GluN1
hft_ctx_w21_dc2r2_r1_TGCGCGAGTAACAGGG,GluN3
hft_ctx_w21_dc2r2_r1_TGCGGTTCAGCCGCTA,GluN4
hft_ctx_w21_dc2r2_r1_TGCGGTTCAGGGAGGA,nIPC/GluN1
hft_ctx_w21_dc2r2_r1_TGCTAACAGCATTATG,GluN3
hft_ctx_w21_dc2r2_r1_TGCTAGCCACCACAAC,nIPC/GluN1
hft_ctx_w21_dc2r2_r1_TGCTAGCCATTAAGCT,mGPC/OPC
hft_ctx_w21_dc2r2_r1_TGCTAGCCATTAAGTC,mGPC/OPC
hft_ctx_w21_dc2r2_r1_TGCTATGCAGCAAGAT,GluN2
hft_ctx_w21_dc2r2_r1_TGCTATGCAGCCTGCA,nIPC/GluN1
hft_ctx_w21_dc2r2_r1_TGCTATGCATAATCAC,mGPC/OPC
hft_ctx_w21_dc2r2_r1_TGCTCAACATTATGAC,SP
hft_ctx_w21_dc2r2_r1_TGCTCCGTCCTGATGG,SP
hft_ctx_w21_dc2r2_r1_TGCTCCGTCTAGCTTT,nIPC/GluN1
hft_ctx_w21_dc2r2_r1_TGCTCTCAGCCGCTTT,GluN3
hft_ctx_w21_dc2r2_r1_TGCTCTCAGTCATTTC,nIPC/GluN1
hft_ctx_w21_dc2r2_r1_TGCTCTCAGTCTTGAA,nIPC/GluN1
hft_ctx_w21_dc2r2_r1_TGCTCTCAGTTAGGCT,GluN3
hft_ctx_w21_dc2r2_r1_TGCTGGATCATGCTTT,nIPC/GluN1
hft_ctx_w21_dc2r2_r1_TGCTGGATCTACCTAT,GluN4
hft_ctx_w21_dc2r2_r1_TGCTTAAAGGGTCCAC,GluN2
hft_ctx_w21_dc2r2_r1_TGCTTAAAGGTCCTGA,GluN2
hft_ctx_w21_dc2r2_r1_TGCTTCATCAACAAGG,GluN2
hft_ctx_w21_dc2r2_r1_TGCTTCATCATCCTGC,RG
hft_ctx_w21_dc2r2_r1_TGCTTCATCCACCTGT,nIPC/GluN1
hft_ctx_w21_dc2r2_r1_TGCTTCCAGCGCTAAT,GluN4
hft_ctx_w21_dc2r2_r1_TGCTTCCAGGCAAGTA,GluN2
hft_ctx_w21_dc2r2_r1_TGCTTCCAGGCCGGAA,GluN2
hft_ctx_w21_dc2r2_r1_TGCTTCCAGGTAAGCA,RG
hft_ctx_w21_dc2r2_r1_TGCTTCCAGTAGAGGC,GluN2
hft_ctx_w21_dc2r2_r1_TGCTTGCTCATAACTG,GluN2
hft_ctx_w21_dc2r2_r1_TGCTTGCTCTGTAATG,GluN2
hft_ctx_w21_dc2r2_r1_TGCTTGTGTAAGGTTT,nIPC/GluN1
hft_ctx_w21_dc2r2_r1_TGCTTGTGTGACATAT,GluN2
hft_ctx_w21_dc2r2_r1_TGCTTGTGTTATCGAG,nIPC/GluN1
hft_ctx_w21_dc2r2_r1_TGGACAAAGGATTTGC,nIPC/GluN1
hft_ctx_w21_dc2r2_r1_TGGACAAAGTGAGCGG,GluN3
hft_ctx_w21_dc2r2_r1_TGGACCGGTACTTCAC,GluN3
hft_ctx_w21_dc2r2_r1_TGGACCGGTTCCGGGA,Cyc. Prog.
hft_ctx_w21_dc2r2_r1_TGGACGGAGCTATATG,nIPC/GluN1
hft_ctx_w21_dc2r2_r1_TGGACGGAGCTGTAAC,nIPC/GluN1
hft_ctx_w21_dc2r2_r1_TGGACGGAGTAATCCA,GluN3
hft_ctx_w21_dc2r2_r1_TGGACGGAGTATGTGC,RG
hft_ctx_w21_dc2r2_r1_TGGACTAGTTTACTTG,Cyc. Prog.
hft_ctx_w21_dc2r2_r1_TGGATTCAGGAGTAAT,nIPC/GluN1
hft_ctx_w21_dc2r2_r1_TGGATTCAGTGAACGA,GluN2
hft_ctx_w21_dc2r2_r1_TGGATTGGTTGTAAAC,nIPC/GluN1
hft_ctx_w21_dc2r2_r1_TGGCCAATCGGCCATA,mGPC/OPC
hft_ctx_w21_dc2r2_r1_TGGCCATCAAGGGTTG,mGPC/OPC
hft_ctx_w21_dc2r2_r1_TGGCCTGCAACCTAAT,nIPC/GluN1
hft_ctx_w21_dc2r2_r1_TGGCCTGCAAGGTACG,nIPC/GluN1
hft_ctx_w21_dc2r2_r1_TGGCCTGCAGGCGAGT,GluN3
hft_ctx_w21_dc2r2_r1_TGGCCTGCATAGACCC,nIPC/GluN1
hft_ctx_w21_dc2r2_r1_TGGCCTGCATAGCGGA,nIPC/GluN1
hft_ctx_w21_dc2r2_r1_TGGCCTGCATGAGTTT,RG
hft_ctx_w21_dc2r2_r1_TGGCCTTTCACATTGA,nIPC/GluN1
hft_ctx_w21_dc2r2_r1_TGGCCTTTCGTGCCTT,GluN2
hft_ctx_w21_dc2r2_r1_TGGCGGTTCCCGCCTA,RG
hft_ctx_w21_dc2r2_r1_TGGCTAAGTGGACATC,SP
hft_ctx_w21_dc2r2_r1_TGGCTAAGTGTGCACG,GluN2
hft_ctx_w21_dc2r2_r1_TGGCTATAGATAACCC,GluN3
hft_ctx_w21_dc2r2_r1_TGGCTATAGCTTATGA,mGPC/OPC
hft_ctx_w21_dc2r2_r1_TGGCTATAGTAGGATG,GluN3
hft_ctx_w21_dc2r2_r1_TGGCTATAGTCACGAT,GluN2
hft_ctx_w21_dc2r2_r1_TGGCTTTGTAATGGCC,GluN3
hft_ctx_w21_dc2r2_r1_TGGGCATGTTGCGGAT,RG
hft_ctx_w21_dc2r2_r1_TGGTAAACAACTAGAA,nIPC/GluN1
hft_ctx_w21_dc2r2_r1_TGGTCAAGTTGGTTGA,nIPC/GluN1
hft_ctx_w21_dc2r2_r1_TGGTCAGTCATCCTCA,GluN3
hft_ctx_w21_dc2r2_r1_TGGTCATAGGACGTAA,nIPC/GluN1
hft_ctx_w21_dc2r2_r1_TGGTGATTCATGCATA,nIPC/GluN1
hft_ctx_w21_dc2r2_r1_TGGTGCATCCACCTTA,nIPC/GluN1
hft_ctx_w21_dc2r2_r1_TGGTTAATCGTCATTT,GluN3
hft_ctx_w21_dc2r2_r1_TGGTTAATCTACTAAG,SP
hft_ctx_w21_dc2r2_r1_TGGTTCCTCATGGTGT,RG
hft_ctx_w21_dc2r2_r1_TGGTTCTGTACGTTTC,GluN3
hft_ctx_w21_dc2r2_r1_TGGTTCTGTGAAGCCT,nIPC/GluN1
hft_ctx_w21_dc2r2_r1_TGGTTCTGTTTGAGGC,nIPC/GluN1
hft_ctx_w21_dc2r2_r1_TGTAATGTCAGCCAAT,GluN2
hft_ctx_w21_dc2r2_r1_TGTATCCGTCAAACTG,nIPC/GluN1
hft_ctx_w21_dc2r2_r1_TGTATCGCAACCCTCC,nIPC/GluN1
hft_ctx_w21_dc2r2_r1_TGTATCGCACCTATAG,GluN3
hft_ctx_w21_dc2r2_r1_TGTCAATCACCTACGG,Cyc. Prog.
hft_ctx_w21_dc2r2_r1_TGTCAGTAGGTCCTGA,Cyc. Prog.
hft_ctx_w21_dc2r2_r1_TGTCAGTAGTGATTCA,GluN3
hft_ctx_w21_dc2r2_r1_TGTCCTGGTGAGCACT,GluN2
hft_ctx_w21_dc2r2_r1_TGTCCTTCACGAATTT,nIPC/GluN1
hft_ctx_w21_dc2r2_r1_TGTGAAACATAGCGAG,nIPC/GluN1
hft_ctx_w21_dc2r2_r1_TGTGCAAGTACAATGT,GluN2
hft_ctx_w21_dc2r2_r1_TGTGCAAGTGCTCCAC,GluN2
hft_ctx_w21_dc2r2_r1_TGTGCGGGTTATAGCG,Cyc. Prog.
hft_ctx_w21_dc2r2_r1_TGTGGCCAGCTGTAAC,GluN2
hft_ctx_w21_dc2r2_r1_TGTGGCCAGTAAGTGG,GluN2
hft_ctx_w21_dc2r2_r1_TGTGGCGGTTCCAGGG,GluN2
hft_ctx_w21_dc2r2_r1_TGTGGCTCAACAGCCT,nIPC/GluN1
hft_ctx_w21_dc2r2_r1_TGTGTGAGTCATTGTC,GluN4
hft_ctx_w21_dc2r2_r1_TGTGTGAGTGGGAACA,GluN3
hft_ctx_w21_dc2r2_r1_TGTGTTAAGTAACCCG,GluN4
hft_ctx_w21_dc2r2_r1_TGTTACTTCATTGACA,GluN2
hft_ctx_w21_dc2r2_r1_TGTTACTTCCAGGAAA,GluN2
hft_ctx_w21_dc2r2_r1_TGTTAGCAGGCGCTTA,nIPC/GluN1
hft_ctx_w21_dc2r2_r1_TGTTATGAGGCGCTTA,GluN4
hft_ctx_w21_dc2r2_r1_TGTTATGAGTAGAGGC,nIPC/GluN1
hft_ctx_w21_dc2r2_r1_TGTTCATTCGCTAAAC,GluN2
hft_ctx_w21_dc2r2_r1_TGTTCATTCGGTCATG,GluN2
hft_ctx_w21_dc2r2_r1_TGTTGCACACATGCTA,nIPC/GluN1
hft_ctx_w21_dc2r2_r1_TGTTGCACAGGAACCA,nIPC/GluN1
hft_ctx_w21_dc2r2_r1_TGTTGCACAGGCGATA,GluN2
hft_ctx_w21_dc2r2_r1_TGTTGCACATAGACCC,GluN2
hft_ctx_w21_dc2r2_r1_TGTTGCACATGACTAT,nIPC/GluN1
hft_ctx_w21_dc2r2_r1_TGTTGGCCACATAGCC,GluN2
hft_ctx_w21_dc2r2_r1_TGTTGGCCAGGCCATT,GluN2
hft_ctx_w21_dc2r2_r1_TGTTGGCCAGGTTTGC,mGPC/OPC
hft_ctx_w21_dc2r2_r1_TGTTGTAAGAAGGTGC,nIPC/GluN1
hft_ctx_w21_dc2r2_r1_TGTTGTAAGCACCACA,GluN2
hft_ctx_w21_dc2r2_r1_TGTTGTAAGCTGTAAC,GluN2
hft_ctx_w21_dc2r2_r1_TGTTGTAAGGACAACA,GluN2
hft_ctx_w21_dc2r2_r1_TGTTGTGCAGTTGCGT,GluN2
hft_ctx_w21_dc2r2_r1_TGTTGTTTCAGGCCTA,GluN4
hft_ctx_w21_dc2r2_r1_TGTTTGTTCGTACCGA,GluN4
hft_ctx_w21_dc2r2_r1_TGTTTGTTCTGCAAAC,nIPC/GluN1
hft_ctx_w21_dc2r2_r1_TTAAAGGCAACTAACT,mGPC/OPC
hft_ctx_w21_dc2r2_r1_TTAAAGGCATCGCTTT,nIPC/GluN1
hft_ctx_w21_dc2r2_r1_TTAACCAAGCCTCTCG,RG
hft_ctx_w21_dc2r2_r1_TTAACCAAGGCGAAAC,GluN2
hft_ctx_w21_dc2r2_r1_TTAACCAAGGGACCTC,GluN2
hft_ctx_w21_dc2r2_r1_TTAACTGAGTCAGGCC,SP
hft_ctx_w21_dc2r2_r1_TTAAGCCAGGACTTAC,SP
hft_ctx_w21_dc2r2_r1_TTAAGGACACCGGCTA,nIPC/GluN1
hft_ctx_w21_dc2r2_r1_TTAAGGACAGCTTACA,nIPC/GluN1
hft_ctx_w21_dc2r2_r1_TTAAGGACAGGCTAAG,GluN2
hft_ctx_w21_dc2r2_r1_TTAAGGACAGTCTAGC,GluN2
hft_ctx_w21_dc2r2_r1_TTAAGGTGTAGCCTAA,RG
hft_ctx_w21_dc2r2_r1_TTAAGGTGTTAATGCG,RG
hft_ctx_w21_dc2r2_r1_TTAAGTGTCCAAATCA,GluN3
hft_ctx_w21_dc2r2_r1_TTAATCGAGCCGCAAC,mGPC/OPC
hft_ctx_w21_dc2r2_r1_TTAATCGAGCCTGAGC,nIPC/GluN1
hft_ctx_w21_dc2r2_r1_TTAATCGAGGCTGTCA,nIPC/GluN1
hft_ctx_w21_dc2r2_r1_TTACACCGTACAATGT,nIPC/GluN1
hft_ctx_w21_dc2r2_r1_TTACCGTGTCATTGTC,nIPC/GluN1
hft_ctx_w21_dc2r2_r1_TTACCGTGTTCCTCCT,nIPC/GluN1
hft_ctx_w21_dc2r2_r1_TTACCTGTCCTTCGTA,Cyc. Prog.
hft_ctx_w21_dc2r2_r1_TTACGTTTCATTGTTC,nIPC/GluN1
hft_ctx_w21_dc2r2_r1_TTACGTTTCGTTAACA,GluN3
hft_ctx_w21_dc2r2_r1_TTACGTTTCTCACTAT,nIPC/GluN1
hft_ctx_w21_dc2r2_r1_TTAGAAGCAGCATGTC,RG
hft_ctx_w21_dc2r2_r1_TTAGAAGCATGTTTGG,Cyc. Prog.
hft_ctx_w21_dc2r2_r1_TTAGAAGCATTAAGCT,Cyc. Prog.
hft_ctx_w21_dc2r2_r1_TTAGAAGCATTGTGGC,RG
hft_ctx_w21_dc2r2_r1_TTAGACTCAAATGCCC,nIPC/GluN1
hft_ctx_w21_dc2r2_r1_TTAGACTCACACCAAC,mGPC/OPC
hft_ctx_w21_dc2r2_r1_TTAGCCTGTCGACTCC,nIPC/GluN1
hft_ctx_w21_dc2r2_r1_TTAGCCTGTTACATCC,RG
hft_ctx_w21_dc2r2_r1_TTAGCCTGTTCACTGT,RG
hft_ctx_w21_dc2r2_r1_TTAGCCTGTTTAACCC,GluN4
hft_ctx_w21_dc2r2_r1_TTAGCGGTCAAGCTTA,RG
hft_ctx_w21_dc2r2_r1_TTAGCGGTCCCTGACT,nIPC/GluN1
hft_ctx_w21_dc2r2_r1_TTAGCGGTCGGTCATG,nIPC/GluN1
hft_ctx_w21_dc2r2_r1_TTAGCTGCACATTGCA,mGPC/OPC
hft_ctx_w21_dc2r2_r1_TTAGCTGCAGGCGAGT,GluN4
hft_ctx_w21_dc2r2_r1_TTAGCTGCATAGCGAG,RG
hft_ctx_w21_dc2r2_r1_TTAGGAACATAGCTGC,mGPC/OPC
hft_ctx_w21_dc2r2_r1_TTAGGATGTTAGTGAT,GluN2
hft_ctx_w21_dc2r2_r1_TTAGGCCCACCTGCCT,nIPC/GluN1
hft_ctx_w21_dc2r2_r1_TTAGGCCCACGGTTTA,nIPC/GluN1
hft_ctx_w21_dc2r2_r1_TTAGGCCCATAGCGAG,nIPC/GluN1
hft_ctx_w21_dc2r2_r1_TTAGGCGTCCTCCCTC,GluN2
hft_ctx_w21_dc2r2_r1_TTAGGCGTCGAGCAAA,mGPC/OPC
hft_ctx_w21_dc2r2_r1_TTAGGCTAGCCGCAGT,nIPC/GluN1
hft_ctx_w21_dc2r2_r1_TTAGTCAAGGCTGTGC,nIPC/GluN1
hft_ctx_w21_dc2r2_r1_TTATCCGTCAATGTGC,nIPC/GluN1
hft_ctx_w21_dc2r2_r1_TTATCCGTCCTAAGGT,GluN3
hft_ctx_w21_dc2r2_r1_TTATCCGTCGCTTCTA,nIPC/GluN1
hft_ctx_w21_dc2r2_r1_TTATCCTAGTGAGCAA,GluN2
hft_ctx_w21_dc2r2_r1_TTATGACCAGTAGGAT,GluN2
hft_ctx_w21_dc2r2_r1_TTATGACCATCAATCG,GluN4
hft_ctx_w21_dc2r2_r1_TTATGACCATCTTGAG,GluN2
hft_ctx_w21_dc2r2_r1_TTATGACCATTCAGCA,GluN3
hft_ctx_w21_dc2r2_r1_TTATGCGCACCTGCTC,GluN2
hft_ctx_w21_dc2r2_r1_TTATGCGCATAGACTT,GluN3
hft_ctx_w21_dc2r2_r1_TTATTGCTCACGAATC,nIPC/GluN1
hft_ctx_w21_dc2r2_r1_TTATTGCTCGAAGTGA,RG
hft_ctx_w21_dc2r2_r1_TTCAACCGTAGACAAA,nIPC/GluN1
hft_ctx_w21_dc2r2_r1_TTCAACCGTGGATTAT,GluN4
hft_ctx_w21_dc2r2_r1_TTCAGCACACCTAAGC,RG
hft_ctx_w21_dc2r2_r1_TTCAGCACACTCGCTC,nIPC/GluN1
hft_ctx_w21_dc2r2_r1_TTCAGGTAGAAACTGG,nIPC/GluN1
hft_ctx_w21_dc2r2_r1_TTCAGGTAGAATGACG,nIPC/GluN1
hft_ctx_w21_dc2r2_r1_TTCAGGTAGGAAGCTA,GluN3
hft_ctx_w21_dc2r2_r1_TTCAGTTTCACTAAGC,SP
hft_ctx_w21_dc2r2_r1_TTCATCCCATGACTAT,GluN4
hft_ctx_w21_dc2r2_r1_TTCATCCCATTAGCCA,nIPC/GluN1
hft_ctx_w21_dc2r2_r1_TTCCACGGTCGCGCAA,GluN4
hft_ctx_w21_dc2r2_r1_TTCCCACAGAGGAAGG,Cyc. Prog.
hft_ctx_w21_dc2r2_r1_TTCCCACAGAGGATAT,GluN2
hft_ctx_w21_dc2r2_r1_TTCCCACAGAGGCTAA,nIPC/GluN1
hft_ctx_w21_dc2r2_r1_TTCCCACAGCAAGGTA,nIPC/GluN1
hft_ctx_w21_dc2r2_r1_TTCCCACAGCACTAAC,nIPC/GluN1
hft_ctx_w21_dc2r2_r1_TTCCCGCCAGGTTATT,GluN2
hft_ctx_w21_dc2r2_r1_TTCCTCAAGGGCTAAA,GluN2
hft_ctx_w21_dc2r2_r1_TTCCTCAAGGTAACGA,nIPC/GluN1
hft_ctx_w21_dc2r2_r1_TTCCTTGAGCCGCTAA,GluN2
hft_ctx_w21_dc2r2_r1_TTCCTTGAGTTCCTCA,GluN2
hft_ctx_w21_dc2r2_r1_TTCGCAACAAACGGGC,GluN4
hft_ctx_w21_dc2r2_r1_TTCGCAACAGCTTACA,GluN2
hft_ctx_w21_dc2r2_r1_TTCGCAACAGGCTACT,GluN2
hft_ctx_w21_dc2r2_r1_TTCGCAACATAGCGGA,RG
hft_ctx_w21_dc2r2_r1_TTCGGTACAGTTTGGC,GluN2
hft_ctx_w21_dc2r2_r1_TTCTTAGGTGGCTTCC,nIPC/GluN1
hft_ctx_w21_dc2r2_r1_TTGACATCAGCCGCTA,GluN4
hft_ctx_w21_dc2r2_r1_TTGACGTAGGAGGTTA,nIPC/GluN1
hft_ctx_w21_dc2r2_r1_TTGACGTAGGTTTGCG,GluN3
hft_ctx_w21_dc2r2_r1_TTGATGTCAAAGCCTC,GluN2
hft_ctx_w21_dc2r2_r1_TTGATGTCATGAATCT,nIPC/GluN1
hft_ctx_w21_dc2r2_r1_TTGCAACAGCTCCTTA,GluN3
hft_ctx_w21_dc2r2_r1_TTGCAACAGCTTAGCG,GluN2
hft_ctx_w21_dc2r2_r1_TTGCAACAGGTGAAAT,nIPC/GluN1
hft_ctx_w21_dc2r2_r1_TTGCAAGGTGATGAGG,nIPC/GluN1
hft_ctx_w21_dc2r2_r1_TTGCAGCCACCTATAG,GluN3
hft_ctx_w21_dc2r2_r1_TTGCAGCCAGCACCAT,GluN2
hft_ctx_w21_dc2r2_r1_TTGCAGCCAGGCTAAG,GluN2
hft_ctx_w21_dc2r2_r1_TTGCAGCCATTGACAT,GluN4
hft_ctx_w21_dc2r2_r1_TTGCCCGTCGGGATTT,GluN2
hft_ctx_w21_dc2r2_r1_TTGCCCGTCTGCAACG,GluN4
hft_ctx_w21_dc2r2_r1_TTGCGAGTCAATAGCC,GluN3
hft_ctx_w21_dc2r2_r1_TTGCGAGTCTGTGCCT,Cyc. Prog.
hft_ctx_w21_dc2r2_r1_TTGCGTCTCCGGGACT,nIPC/GluN1
hft_ctx_w21_dc2r2_r1_TTGCGTCTCGAGCTAT,RG
hft_ctx_w21_dc2r2_r1_TTGCTTAGTCCTTCAG,Cyc. Prog.
hft_ctx_w21_dc2r2_r1_TTGCTTAGTTTAGCTC,GluN3
hft_ctx_w21_dc2r2_r1_TTGCTTTAGAACCTAC,nIPC/GluN1
hft_ctx_w21_dc2r2_r1_TTGCTTTAGGACCTCA,nIPC/GluN1
hft_ctx_w21_dc2r2_r1_TTGCTTTAGGATTTGC,nIPC/GluN1
hft_ctx_w21_dc2r2_r1_TTGGAGGCAAGGTATA,GluN2
hft_ctx_w21_dc2r2_r1_TTGGAGGCACAGGAAT,GluN2
hft_ctx_w21_dc2r2_r1_TTGGAGGCAGGCCATT,GluN3
hft_ctx_w21_dc2r2_r1_TTGGATATCAAGCGCC,RG
hft_ctx_w21_dc2r2_r1_TTGGATATCCTGTTCA,nIPC/GluN1
hft_ctx_w21_dc2r2_r1_TTGGATCAGGAGGACT,GluN2
hft_ctx_w21_dc2r2_r1_TTGGCGGGTTGTTGGA,Cyc. Prog.
hft_ctx_w21_dc2r2_r1_TTGGCTACAACTAACT,nIPC/GluN1
hft_ctx_w21_dc2r2_r1_TTGGCTGAGCGCAATT,RG
hft_ctx_w21_dc2r2_r1_TTGGCTTGTGTGCAAC,Cyc. Prog.
hft_ctx_w21_dc2r2_r1_TTGGGCCAGAACAAGT,RG
hft_ctx_w21_dc2r2_r1_TTGGGCCAGGACCTGC,GluN2
hft_ctx_w21_dc2r2_r1_TTGGGCCAGTTAGTGC,nIPC/GluN1
hft_ctx_w21_dc2r2_r1_TTGGGTTAGAACCTGT,GluN2
hft_ctx_w21_dc2r2_r1_TTGGGTTAGCCTCTGT,nIPC/GluN1
hft_ctx_w21_dc2r2_r1_TTGTCAAAGTGAGCGG,nIPC/GluN1
hft_ctx_w21_dc2r2_r1_TTGTCAAAGTTAGCCG,nIPC/GluN1
hft_ctx_w21_dc2r2_r1_TTGTCCATCACACAGT,mGPC/OPC
hft_ctx_w21_dc2r2_r1_TTGTCCATCGGTACGC,RG
hft_ctx_w21_dc2r2_r1_TTGTCCCAGGCGAATA,GluN3
hft_ctx_w21_dc2r2_r1_TTGTGAGGTGATGAGG,nIPC/GluN1
hft_ctx_w21_dc2r2_r1_TTGTGTGCACCCACAG,nIPC/GluN1
hft_ctx_w21_dc2r2_r1_TTGTGTGCACCCACCT,mGPC/OPC
hft_ctx_w21_dc2r2_r1_TTGTGTGCACGGTTTA,GluN2
hft_ctx_w21_dc2r2_r1_TTGTTGCGTACCGGAT,nIPC/GluN1
hft_ctx_w21_dc2r2_r1_TTGTTGCGTTCAAGAT,GluN2
hft_ctx_w21_dc2r2_r1_TTGTTGCGTTGGATAT,GluN2
hft_ctx_w21_dc2r2_r1_TTGTTGTTCGCTTGCT,nIPC/GluN1
hft_ctx_w21_dc2r2_r1_TTGTTGTTCTTACTCG,GluN2
hft_ctx_w21_dc2r2_r1_TTGTTTGGTCATTAGG,nIPC/GluN1
hft_ctx_w21_dc2r2_r1_TTTAACCTCTAGCGAT,GluN4
hft_ctx_w21_dc2r2_r1_TTTAACGAGCAAGGAC,nIPC/GluN1
hft_ctx_w21_dc2r2_r1_TTTAAGCCACCTCAGG,mGPC/OPC
hft_ctx_w21_dc2r2_r1_TTTAAGCCACGAACAG,RG
hft_ctx_w21_dc2r2_r1_TTTAAGCCATTAAGCT,SP
hft_ctx_w21_dc2r2_r1_TTTAAGCCATTGACAT,mGPC/OPC
hft_ctx_w21_dc2r2_r1_TTTAAGCCATTTGCTC,GluN2
hft_ctx_w21_dc2r2_r1_TTTAAGGTCTCACTCA,GluN3
hft_ctx_w21_dc2r2_r1_TTTACGAAGAGGCTAA,mGPC/OPC
hft_ctx_w21_dc2r2_r1_TTTACGAAGCCAGTAT,nIPC/GluN1
hft_ctx_w21_dc2r2_r1_TTTACGAAGCGAGTAA,GluN4
hft_ctx_w21_dc2r2_r1_TTTACGAAGGAAGTAT,nIPC/GluN1
hft_ctx_w21_dc2r2_r1_TTTACGCGTCACAGAC,GluN2
hft_ctx_w21_dc2r2_r1_TTTACGCGTTAGGTTG,GluN2
hft_ctx_w21_dc2r2_r1_TTTAGCTTCCTCAGTC,nIPC/GluN1
hft_ctx_w21_dc2r2_r1_TTTAGGATCATAATCG,GluN3
hft_ctx_w21_dc2r2_r1_TTTAGGATCATTACAG,GluN4
hft_ctx_w21_dc2r2_r1_TTTAGGATCGTTAGTA,GluN2
hft_ctx_w21_dc2r2_r1_TTTAGGATCTGCAAAC,GluN3
hft_ctx_w21_dc2r2_r1_TTTATGGAGCGATACT,nIPC/GluN1
hft_ctx_w21_dc2r2_r1_TTTATGGAGCTCAAAC,GluN2
hft_ctx_w21_dc2r2_r1_TTTCACCCAGGTATTT,Cyc. Prog.
hft_ctx_w21_dc2r2_r1_TTTCAGTTCATTGTCT,mGPC/OPC
hft_ctx_w21_dc2r2_r1_TTTCAGTTCTCAATTC,SP
hft_ctx_w21_dc2r2_r1_TTTCATCAGACTTATG,GluN2
hft_ctx_w21_dc2r2_r1_TTTCATCAGCCTGATG,RG
hft_ctx_w21_dc2r2_r1_TTTCATCAGCTTTGTT,nIPC/GluN1
hft_ctx_w21_dc2r2_r1_TTTCCACCATAATCGT,GluN4
hft_ctx_w21_dc2r2_r1_TTTCCGGGTATGTGGC,GluN4
hft_ctx_w21_dc2r2_r1_TTTCGTCCAGTAAGTA,nIPC/GluN1
hft_ctx_w21_dc2r2_r1_TTTCTTGCACAAAGAC,Cyc. Prog.
hft_ctx_w21_dc2r2_r1_TTTCTTGCACCTGTAA,GluN2
hft_ctx_w21_dc2r2_r1_TTTCTTGCATTGTGAT,RG
hft_ctx_w21_dc2r2_r1_TTTGACCGTCATAGAT,nIPC/GluN1
hft_ctx_w21_dc2r2_r1_TTTGACCGTGCATTTC,GluN4
hft_ctx_w21_dc2r2_r1_TTTGACCGTTAACGGC,nIPC/GluN1
hft_ctx_w21_dc2r2_r1_TTTGACTTCGGCCAGT,GluN2
hft_ctx_w21_dc2r2_r1_TTTGAGTCATCAGCAC,GluN3
hft_ctx_w21_dc2r2_r1_TTTGCATTCATCCTCA,GluN2
hft_ctx_w21_dc2r2_r1_TTTGCATTCGCTTGCT,GluN4
hft_ctx_w21_dc2r2_r1_TTTGCGACAGTAAGTA,Cyc. Prog.
hft_ctx_w21_dc2r2_r1_TTTGGCTGTATCTGGA,nIPC/GluN1
hft_ctx_w21_dc2r2_r1_TTTGGCTGTTTGCGAA,GluN3
hft_ctx_w21_dc2r2_r1_TTTGGTGCAAGGGTTG,GluN4
hft_ctx_w21_dc2r2_r1_TTTGGTGCACGTAATT,SP
hft_ctx_w21_dc2r2_r1_TTTGTCCCATAATCGT,SP
hft_ctx_w21_dc2r2_r1_TTTGTCTAGTCTATGA,RG
hft_ctx_w21_dc2r2_r1_TTTGTGTTCAGGAACA,nIPC/GluN1
hft_ctx_w21_dc2r2_r1_TTTGTGTTCGGTTACG,Cyc. Prog.
hft_ctx_w21_dc2r2_r1_TTTGTTGGTCAGGCAT,GluN4
hft_ctx_w21_dc2r2_r1_TTTGTTGGTTGAGGTC,RG
hft_ctx_w21_dc2r2_r2_AAACAGCCACTATGGC,GluN3
hft_ctx_w21_dc2r2_r2_AAACAGCCATAAGCAA,GluN2
hft_ctx_w21_dc2r2_r2_AAACAGCCATTAAGCT,nIPC/GluN1
hft_ctx_w21_dc2r2_r2_AAACATGCACCAGCAT,GluN2
hft_ctx_w21_dc2r2_r2_AAACATGCAGCTTACA,GluN4
hft_ctx_w21_dc2r2_r2_AAACCAACAAACTAAG,nIPC/GluN1
hft_ctx_w21_dc2r2_r2_AAACCAACAGTCTATG,GluN3
hft_ctx_w21_dc2r2_r2_AAACCAACAGTTATCG,nIPC/GluN1
hft_ctx_w21_dc2r2_r2_AAACCGAAGACAACAG,nIPC/GluN1
hft_ctx_w21_dc2r2_r2_AAACCGAAGGCACAGG,nIPC/GluN1
hft_ctx_w21_dc2r2_r2_AAACCGGCAAGGGTTG,GluN3
hft_ctx_w21_dc2r2_r2_AAACCGGCACCTGTAA,Cyc. Prog.
hft_ctx_w21_dc2r2_r2_AAACGCGCAAACGGGC,GluN2
hft_ctx_w21_dc2r2_r2_AAACGCGCAATATGGA,SP
hft_ctx_w21_dc2r2_r2_AAACGCGCACAAAGAC,GluN4
hft_ctx_w21_dc2r2_r2_AAACGCGCATGAGCAG,GluN4
hft_ctx_w21_dc2r2_r2_AAACGGATCCATAAGC,RG
hft_ctx_w21_dc2r2_r2_AAACGGATCGGTCAGC,GluN2
hft_ctx_w21_dc2r2_r2_AAACGTACAAATGCCC,GluN2
hft_ctx_w21_dc2r2_r2_AAACGTACAGGACACA,nIPC/GluN1
hft_ctx_w21_dc2r2_r2_AAAGCAAGTATTCGTC,nIPC/GluN1
hft_ctx_w21_dc2r2_r2_AAAGCACCAGTAGGTG,GluN3
hft_ctx_w21_dc2r2_r2_AAAGCCGCAAACGGGC,nIPC/GluN1
hft_ctx_w21_dc2r2_r2_AAAGCCGCAAAGCGGC,RG
hft_ctx_w21_dc2r2_r2_AAAGCTTGTGGATGTC,nIPC/GluN1
hft_ctx_w21_dc2r2_r2_AAAGGAGCATCATGTG,RG
hft_ctx_w21_dc2r2_r2_AAAGGCTCAATAATGG,GluN3
hft_ctx_w21_dc2r2_r2_AAAGGCTCACACAATT,GluN2
hft_ctx_w21_dc2r2_r2_AAAGGCTCAGAAATTG,RG
hft_ctx_w21_dc2r2_r2_AAAGGCTCATCCAGGT,GluN2
hft_ctx_w21_dc2r2_r2_AAAGGTTAGGGACCTC,RG
hft_ctx_w21_dc2r2_r2_AAATCCGGTATTACCC,nIPC/GluN1
hft_ctx_w21_dc2r2_r2_AAATCCGGTGTCCAGG,nIPC/GluN1
hft_ctx_w21_dc2r2_r2_AAATCCGGTTAATGAC,RG
hft_ctx_w21_dc2r2_r2_AAATGCCTCCCTCATA,RG
hft_ctx_w21_dc2r2_r2_AAATGGCCAGGTCCTG,mGPC/OPC
hft_ctx_w21_dc2r2_r2_AACAAAGGTACTGATG,GluN3
hft_ctx_w21_dc2r2_r2_AACAAGCCAAGCTTTG,GluN2
hft_ctx_w21_dc2r2_r2_AACAAGCCAATAACGA,GluN2
hft_ctx_w21_dc2r2_r2_AACAAGCCACATTGCA,nIPC/GluN1
hft_ctx_w21_dc2r2_r2_AACAAGCCATGGTTAT,RG
hft_ctx_w21_dc2r2_r2_AACAAGCCATTGTGCA,nIPC/GluN1
hft_ctx_w21_dc2r2_r2_AACAGATAGGAGCACG,nIPC/GluN1
hft_ctx_w21_dc2r2_r2_AACAGATAGGCTTAAC,nIPC/GluN1
hft_ctx_w21_dc2r2_r2_AACAGCAAGCTATTAG,nIPC/GluN1
hft_ctx_w21_dc2r2_r2_AACATAGCAAGCTAAA,GluN2
hft_ctx_w21_dc2r2_r2_AACATAGCACCTACGG,GluN3
hft_ctx_w21_dc2r2_r2_AACATAGCATGGCCCA,nIPC/GluN1
hft_ctx_w21_dc2r2_r2_AACATCATCTCACTCA,GluN2
hft_ctx_w21_dc2r2_r2_AACATTGTCCAGGTCA,RG
hft_ctx_w21_dc2r2_r2_AACATTGTCCTAGTCC,nIPC/GluN1
hft_ctx_w21_dc2r2_r2_AACATTGTCCTTGTTG,SP
hft_ctx_w21_dc2r2_r2_AACCCGCAGCACTAAC,GluN4
hft_ctx_w21_dc2r2_r2_AACCGCTCAAGGTCCT,GluN2
hft_ctx_w21_dc2r2_r2_AACCTAATCACGTTAA,nIPC/GluN1
hft_ctx_w21_dc2r2_r2_AACCTAATCCCTTGCG,GluN3
hft_ctx_w21_dc2r2_r2_AACCTCACATTTAAGC,GluN2
hft_ctx_w21_dc2r2_r2_AACCTCCTCGGTCAGC,RG
hft_ctx_w21_dc2r2_r2_AACCTCCTCTGCAAGT,nIPC/GluN1
hft_ctx_w21_dc2r2_r2_AACGACAAGTTAGGCT,Cyc. Prog.
hft_ctx_w21_dc2r2_r2_AACGGTAAGTGACCTG,GluN2
hft_ctx_w21_dc2r2_r2_AACTACTCAAGCTTAT,RG
hft_ctx_w21_dc2r2_r2_AACTGTTCAAGCCACT,nIPC/GluN1
hft_ctx_w21_dc2r2_r2_AACTGTTCACTTGTTC,nIPC/GluN1
hft_ctx_w21_dc2r2_r2_AACTGTTCAGAGAGCC,nIPC/GluN1
hft_ctx_w21_dc2r2_r2_AACTGTTCAGTTTGTG,nIPC/GluN1
hft_ctx_w21_dc2r2_r2_AACTGTTCATAAACCT,nIPC/GluN1
hft_ctx_w21_dc2r2_r2_AACTTAGTCCTTAAGA,nIPC/GluN1
hft_ctx_w21_dc2r2_r2_AAGAACAGTCACCTAT,Cyc. Prog.
hft_ctx_w21_dc2r2_r2_AAGAACAGTGCTGGTG,nIPC/GluN1
hft_ctx_w21_dc2r2_r2_AAGAACAGTTACTTCA,GluN4
hft_ctx_w21_dc2r2_r2_AAGACAAGTACCCACC,Cyc. Prog.
hft_ctx_w21_dc2r2_r2_AAGACAAGTACTGAAT,nIPC/GluN1
hft_ctx_w21_dc2r2_r2_AAGCAAGTCAAACCGT,GluN4
hft_ctx_w21_dc2r2_r2_AAGCAAGTCACACAGT,mGPC/OPC
hft_ctx_w21_dc2r2_r2_AAGCATGAGTTGTCAA,GluN4
hft_ctx_w21_dc2r2_r2_AAGCCACGTGTTAGCA,RG
hft_ctx_w21_dc2r2_r2_AAGCCACGTTGGATCA,nIPC/GluN1
hft_ctx_w21_dc2r2_r2_AAGCCACGTTTAACCC,GluN2
hft_ctx_w21_dc2r2_r2_AAGCCTGTCATTACTC,GluN4
hft_ctx_w21_dc2r2_r2_AAGCCTTAGCATCCAG,nIPC/GluN1
hft_ctx_w21_dc2r2_r2_AAGCCTTAGGTGAAAT,nIPC/GluN1
hft_ctx_w21_dc2r2_r2_AAGCCTTAGTATTGTG,GluN4
hft_ctx_w21_dc2r2_r2_AAGCGAATCATAGACC,GluN4
hft_ctx_w21_dc2r2_r2_AAGCGAGGTGTTGTAG,RG
hft_ctx_w21_dc2r2_r2_AAGCGAGGTTCCTGAT,nIPC/GluN1
hft_ctx_w21_dc2r2_r2_AAGCGGGTCCTCCTAA,GluN2
hft_ctx_w21_dc2r2_r2_AAGCGGGTCCTCGATC,nIPC/GluN1
hft_ctx_w21_dc2r2_r2_AAGCTATGTTACGCAA,nIPC/GluN1
hft_ctx_w21_dc2r2_r2_AAGCTCCCACAGAACG,GluN2
hft_ctx_w21_dc2r2_r2_AAGCTCCCATGCAACC,mGPC/OPC
hft_ctx_w21_dc2r2_r2_AAGCTCCCATGTTTGG,nIPC/GluN1
hft_ctx_w21_dc2r2_r2_AAGCTTGGTCGCGCAA,nIPC/GluN1
hft_ctx_w21_dc2r2_r2_AAGCTTGGTGACCTGG,nIPC/GluN1
hft_ctx_w21_dc2r2_r2_AAGGATCCACTAGCGT,GluN2
hft_ctx_w21_dc2r2_r2_AAGGATCCATTAGCCA,GluN2
hft_ctx_w21_dc2r2_r2_AAGGATTAGGCTAAGA,SP
hft_ctx_w21_dc2r2_r2_AAGGATTAGTTCCCGT,RG
hft_ctx_w21_dc2r2_r2_AAGGATTAGTTGCGTG,nIPC/GluN1
hft_ctx_w21_dc2r2_r2_AAGGTCAAGAACAAGT,mGPC/OPC
hft_ctx_w21_dc2r2_r2_AAGGTCAAGAGCCGGA,RG
hft_ctx_w21_dc2r2_r2_AAGGTCAAGGGTGAGT,nIPC/GluN1
hft_ctx_w21_dc2r2_r2_AAGTAGCCAACTAGCC,nIPC/GluN1
hft_ctx_w21_dc2r2_r2_AAGTAGCCAAGGTAAC,GluN4
hft_ctx_w21_dc2r2_r2_AAGTCTATCCCTGTTA,nIPC/GluN1
hft_ctx_w21_dc2r2_r2_AAGTCTATCTGCAACG,GluN2
hft_ctx_w21_dc2r2_r2_AAGTGCAAGCGCTAAT,mGPC/OPC
hft_ctx_w21_dc2r2_r2_AAGTGCAAGTAACGGA,GluN2
hft_ctx_w21_dc2r2_r2_AAGTTACGTAGCTGGT,nIPC/GluN1
hft_ctx_w21_dc2r2_r2_AAGTTACGTTGAGGTC,nIPC/GluN1
hft_ctx_w21_dc2r2_r2_AAGTTAGCAAGACTCC,nIPC/GluN1
hft_ctx_w21_dc2r2_r2_AAGTTAGCACCAAAGG,nIPC/GluN1
hft_ctx_w21_dc2r2_r2_AAGTTAGCACTAAGCC,GluN2
hft_ctx_w21_dc2r2_r2_AAGTTTGTCTGTGAGT,GluN3
hft_ctx_w21_dc2r2_r2_AATACCGGTTGTAACG,GluN4
hft_ctx_w21_dc2r2_r2_AATAGAGGTCACAAAT,GluN2
hft_ctx_w21_dc2r2_r2_AATATCCCATGGTTAT,GluN3
hft_ctx_w21_dc2r2_r2_AATCAGGAGCAGCTCA,nIPC/GluN1
hft_ctx_w21_dc2r2_r2_AATCATCCATTGGGAG,nIPC/GluN1
hft_ctx_w21_dc2r2_r2_AATCATGTCGTACCGA,nIPC/GluN1
hft_ctx_w21_dc2r2_r2_AATCATGTCTGTTCAT,nIPC/GluN1
hft_ctx_w21_dc2r2_r2_AATCCATCATTAAACC,nIPC/GluN1
hft_ctx_w21_dc2r2_r2_AATCCCTGTCAAGTGC,GluN4
hft_ctx_w21_dc2r2_r2_AATCGCCCAAGTAAGC,mGPC/OPC
hft_ctx_w21_dc2r2_r2_AATCTCAAGAATCTCA,GluN3
hft_ctx_w21_dc2r2_r2_AATCTCAAGCGGGCAA,nIPC/GluN1
hft_ctx_w21_dc2r2_r2_AATCTTGAGAATGACG,GluN2
hft_ctx_w21_dc2r2_r2_AATCTTGAGTAACGGA,nIPC/GluN1
hft_ctx_w21_dc2r2_r2_AATGAAGGTAAATTGC,Cyc. Prog.
hft_ctx_w21_dc2r2_r2_AATGCAACATAGACTT,GluN4
hft_ctx_w21_dc2r2_r2_AATGCAACATTATCCC,nIPC/GluN1
hft_ctx_w21_dc2r2_r2_AATGCGCGTTTGGCGG,nIPC/GluN1
hft_ctx_w21_dc2r2_r2_AATGTCCAGGGTCCAC,nIPC/GluN1
hft_ctx_w21_dc2r2_r2_AATGTCCAGTGAGGGT,nIPC/GluN1
hft_ctx_w21_dc2r2_r2_AATTACCCAGGAACCA,GluN2
hft_ctx_w21_dc2r2_r2_AATTAGCGTCATTGTC,GluN3
hft_ctx_w21_dc2r2_r2_AATTAGGCAATTGACT,nIPC/GluN1
hft_ctx_w21_dc2r2_r2_AATTAGGCATTATGCG,nIPC/GluN1
hft_ctx_w21_dc2r2_r2_AATTCGTCAGCAACCT,GluN2
hft_ctx_w21_dc2r2_r2_AATTCGTCATAGCGGA,RG
hft_ctx_w21_dc2r2_r2_AATTGACGTAACCAGC,nIPC/GluN1
hft_ctx_w21_dc2r2_r2_AATTGACGTATTACCC,nIPC/GluN1
hft_ctx_w21_dc2r2_r2_AATTGCCAGTTTGGTA,nIPC/GluN1
hft_ctx_w21_dc2r2_r2_AATTGCTCAAACGCGA,Cyc. Prog.
hft_ctx_w21_dc2r2_r2_AATTGCTCAGCGCTTG,GluN3
hft_ctx_w21_dc2r2_r2_AATTGCTCAGTCTATG,RG
hft_ctx_w21_dc2r2_r2_AATTGGGAGCACTAGT,GluN3
hft_ctx_w21_dc2r2_r2_AATTGGGAGGCCTAAT,RG
hft_ctx_w21_dc2r2_r2_AATTTGCCAATAACGA,SP
hft_ctx_w21_dc2r2_r2_AATTTGGTCTTAATGG,SP
hft_ctx_w21_dc2r2_r2_ACAACAACAACCGCCA,nIPC/GluN1
hft_ctx_w21_dc2r2_r2_ACAACAACAAGCTAAA,nIPC/GluN1
hft_ctx_w21_dc2r2_r2_ACAACAACACTATGGC,GluN4
hft_ctx_w21_dc2r2_r2_ACAACAACAGGCGAGT,RG
hft_ctx_w21_dc2r2_r2_ACAACAGAGCTTAGCG,RG
hft_ctx_w21_dc2r2_r2_ACAACATGTTCCTCCT,GluN4
hft_ctx_w21_dc2r2_r2_ACACAATGTTGTTGCT,GluN3
hft_ctx_w21_dc2r2_r2_ACACCTTGTGATTTGG,RG
hft_ctx_w21_dc2r2_r2_ACACGGACAACTAGAA,GluN2
hft_ctx_w21_dc2r2_r2_ACACTAATCTATCGCC,nIPC/GluN1
hft_ctx_w21_dc2r2_r2_ACACTTAAGCTGGAAA,GluN2
hft_ctx_w21_dc2r2_r2_ACACTTGCAGAAATGC,GluN4
hft_ctx_w21_dc2r2_r2_ACACTTGCAGATTCAT,GluN2
hft_ctx_w21_dc2r2_r2_ACAGCGCTCAATTACG,nIPC/GluN1
hft_ctx_w21_dc2r2_r2_ACAGCGCTCGTTATAG,nIPC/GluN1
hft_ctx_w21_dc2r2_r2_ACAGGAATCAATCATG,GluN2
hft_ctx_w21_dc2r2_r2_ACAGGATCAGGTTACC,nIPC/GluN1
hft_ctx_w21_dc2r2_r2_ACAGGATCAGTTAAAG,GluN3
hft_ctx_w21_dc2r2_r2_ACAGGCTGTTAACAGT,GluN2
hft_ctx_w21_dc2r2_r2_ACAGGTAAGCATGACT,nIPC/GluN1
hft_ctx_w21_dc2r2_r2_ACAGTATGTTCACCAT,GluN4
hft_ctx_w21_dc2r2_r2_ACATAGCTCGGTTAGT,nIPC/GluN1
hft_ctx_w21_dc2r2_r2_ACATAGCTCTTGCAAA,nIPC/GluN1
hft_ctx_w21_dc2r2_r2_ACATAGCTCTTGTTCG,nIPC/GluN1
hft_ctx_w21_dc2r2_r2_ACATCAATCATTTGTC,GluN3
hft_ctx_w21_dc2r2_r2_ACATTAGTCAGCAAGA,GluN2
hft_ctx_w21_dc2r2_r2_ACATTAGTCCTAATTC,mGPC/OPC
hft_ctx_w21_dc2r2_r2_ACATTAGTCGTCCTTA,GluN4
hft_ctx_w21_dc2r2_r2_ACCAAACTCACTTTAC,nIPC/GluN1
hft_ctx_w21_dc2r2_r2_ACCAAACTCCGCAACA,GluN3
hft_ctx_w21_dc2r2_r2_ACCAAACTCGCACAAT,GluN2
hft_ctx_w21_dc2r2_r2_ACCAAGTTCCAATAGC,nIPC/GluN1
hft_ctx_w21_dc2r2_r2_ACCAATATCCAACTGG,nIPC/GluN1
hft_ctx_w21_dc2r2_r2_ACCAATATCCCAGTAG,nIPC/GluN1
hft_ctx_w21_dc2r2_r2_ACCACACCAACCCTCC,GluN3
hft_ctx_w21_dc2r2_r2_ACCACATAGTTTGCGG,nIPC/GluN1
hft_ctx_w21_dc2r2_r2_ACCAGCTCACCAGGTT,nIPC/GluN1
hft_ctx_w21_dc2r2_r2_ACCAGCTCACCTACGG,nIPC/GluN1
hft_ctx_w21_dc2r2_r2_ACCAGCTCATGAGTTT,RG
hft_ctx_w21_dc2r2_r2_ACCAGGACATAAGGAC,RG
hft_ctx_w21_dc2r2_r2_ACCAGGACATGAATCT,nIPC/GluN1
hft_ctx_w21_dc2r2_r2_ACCAGGCTCTTGTCTG,GluN4
hft_ctx_w21_dc2r2_r2_ACCAGGGAGCAGCTAT,nIPC/GluN1
hft_ctx_w21_dc2r2_r2_ACCAGGGAGCGGATTT,nIPC/GluN1
hft_ctx_w21_dc2r2_r2_ACCATAATCTTGTTCG,RG
hft_ctx_w21_dc2r2_r2_ACCATTAAGGTCCACA,RG
hft_ctx_w21_dc2r2_r2_ACCCAACCACTAAGTT,mGPC/OPC
hft_ctx_w21_dc2r2_r2_ACCCAACCATAATCGT,nIPC/GluN1
hft_ctx_w21_dc2r2_r2_ACCCAGGGTAAAGCGG,GluN2
hft_ctx_w21_dc2r2_r2_ACCCAGGGTGGCTTCC,GluN2
hft_ctx_w21_dc2r2_r2_ACCCGCTGTTTGGTTC,GluN4
hft_ctx_w21_dc2r2_r2_ACCCGTAAGTAAGAAC,GluN2
hft_ctx_w21_dc2r2_r2_ACCCTCCCAGCCAGAA,nIPC/GluN1
hft_ctx_w21_dc2r2_r2_ACCGCAATCATAACTG,GluN4
hft_ctx_w21_dc2r2_r2_ACCGGCTAGCCTTAAA,nIPC/GluN1
hft_ctx_w21_dc2r2_r2_ACCTAAATCGGTTTGG,SP
hft_ctx_w21_dc2r2_r2_ACCTAAATCTATCGCC,GluN2
hft_ctx_w21_dc2r2_r2_ACCTACCTCGGCTAGC,GluN3
hft_ctx_w21_dc2r2_r2_ACCTCACTCATGCTCC,GluN2
hft_ctx_w21_dc2r2_r2_ACCTCACTCGTAACGT,nIPC/GluN1
hft_ctx_w21_dc2r2_r2_ACCTGGATCCTAACGG,nIPC/GluN1
hft_ctx_w21_dc2r2_r2_ACCTGGTCAGCAATAA,nIPC/GluN1
hft_ctx_w21_dc2r2_r2_ACCTGGTCATAAGGAC,GluN4
hft_ctx_w21_dc2r2_r2_ACCTTCATCCCGTTGT,RG
hft_ctx_w21_dc2r2_r2_ACCTTCATCTAAGGTC,GluN3
hft_ctx_w21_dc2r2_r2_ACCTTCCAGCAAGGGT,mGPC/OPC
hft_ctx_w21_dc2r2_r2_ACCTTGCTCCTAAGAC,RG
hft_ctx_w21_dc2r2_r2_ACCTTGCTCCTGGCTT,Cyc. Prog.
hft_ctx_w21_dc2r2_r2_ACCTTGCTCTTAGGGT,GluN2
hft_ctx_w21_dc2r2_r2_ACGAACAAGCACGTTG,GluN2
hft_ctx_w21_dc2r2_r2_ACGAACAAGCGCAATT,nIPC/GluN1
hft_ctx_w21_dc2r2_r2_ACGAAGTCAGGTTAAA,nIPC/GluN1
hft_ctx_w21_dc2r2_r2_ACGACAAAGACAAAGT,nIPC/GluN1
hft_ctx_w21_dc2r2_r2_ACGACAAAGTTTGCGG,GluN4
hft_ctx_w21_dc2r2_r2_ACGATTCAGCCAGGTC,GluN2
hft_ctx_w21_dc2r2_r2_ACGATTCAGGAGGGTT,GluN2
hft_ctx_w21_dc2r2_r2_ACGCACGGTCTATCGT,GluN2
hft_ctx_w21_dc2r2_r2_ACGCCACAGTCAATCA,GluN3
hft_ctx_w21_dc2r2_r2_ACGGGAAGTTCAAGAT,RG
hft_ctx_w21_dc2r2_r2_ACGGTTAGTCAAACTG,GluN2
hft_ctx_w21_dc2r2_r2_ACGGTTAGTGTTGCAA,mGPC/OPC
hft_ctx_w21_dc2r2_r2_ACGGTTTAGTAACGGA,nIPC/GluN1
hft_ctx_w21_dc2r2_r2_ACGTACCCACCACAAC,nIPC/GluN1
hft_ctx_w21_dc2r2_r2_ACGTCCAAGGAGCATA,mGPC/OPC
hft_ctx_w21_dc2r2_r2_ACGTCCAAGTAAACCC,nIPC/GluN1
hft_ctx_w21_dc2r2_r2_ACGTCCTTCTATCGCC,GluN3
hft_ctx_w21_dc2r2_r2_ACGTTACAGAAAGCAT,GluN2
hft_ctx_w21_dc2r2_r2_ACGTTACAGCATCCAG,GluN2
hft_ctx_w21_dc2r2_r2_ACGTTACAGCCAAATC,GluN3
hft_ctx_w21_dc2r2_r2_ACGTTACAGTGAGCAA,nIPC/GluN1
hft_ctx_w21_dc2r2_r2_ACTAACCAGGAAGCTA,GluN3
hft_ctx_w21_dc2r2_r2_ACTAACTCATGTGGGA,GluN3
hft_ctx_w21_dc2r2_r2_ACTAGGCGTCCGCTGT,mGPC/OPC
hft_ctx_w21_dc2r2_r2_ACTAGGCGTGTTAGCA,nIPC/GluN1
hft_ctx_w21_dc2r2_r2_ACTAGGCGTTGTAACG,GluN3
hft_ctx_w21_dc2r2_r2_ACTATGTCATGTGGGA,nIPC/GluN1
hft_ctx_w21_dc2r2_r2_ACTCACCTCGATCAGT,nIPC/GluN1
hft_ctx_w21_dc2r2_r2_ACTCACCTCTTAGGGT,GluN2
hft_ctx_w21_dc2r2_r2_ACTCAGTAGGCGCTTA,GluN2
hft_ctx_w21_dc2r2_r2_ACTCAGTAGGTTACGT,GluN2
hft_ctx_w21_dc2r2_r2_ACTCCTCAGAAGCTAG,nIPC/GluN1
hft_ctx_w21_dc2r2_r2_ACTCCTCAGTAATCCA,nIPC/GluN1
hft_ctx_w21_dc2r2_r2_ACTCCTCAGTTAGACC,GluN3
hft_ctx_w21_dc2r2_r2_ACTCGCGCACAAAGAC,GluN2
hft_ctx_w21_dc2r2_r2_ACTCGCGCACAAGCCT,GluN2
hft_ctx_w21_dc2r2_r2_ACTCGCGCAGGTTACC,GluN2
hft_ctx_w21_dc2r2_r2_ACTCGCTTCACCTGTC,nIPC/GluN1
hft_ctx_w21_dc2r2_r2_ACTCGCTTCATGCGTG,nIPC/GluN1
hft_ctx_w21_dc2r2_r2_ACTCGCTTCGAGCAAA,nIPC/GluN1
hft_ctx_w21_dc2r2_r2_ACTGAAACATGACTAT,nIPC/GluN1
hft_ctx_w21_dc2r2_r2_ACTGAATGTATTCGCT,GluN2
hft_ctx_w21_dc2r2_r2_ACTTACTTCCCATAGG,Cyc. Prog.
hft_ctx_w21_dc2r2_r2_ACTTATCTCGCTTGCT,RG
hft_ctx_w21_dc2r2_r2_ACTTATCTCTACCTCA,GluN4
hft_ctx_w21_dc2r2_r2_ACTTCGCTCCTCCATA,nIPC/GluN1
hft_ctx_w21_dc2r2_r2_ACTTGAATCGTTTCCA,nIPC/GluN1
hft_ctx_w21_dc2r2_r2_ACTTGAATCTCAATTC,GluN3
hft_ctx_w21_dc2r2_r2_ACTTGCACAGGCGAGT,GluN2
hft_ctx_w21_dc2r2_r2_ACTTGCACATTGTGTG,nIPC/GluN1
hft_ctx_w21_dc2r2_r2_ACTTTGTTCATAACCA,nIPC/GluN1
hft_ctx_w21_dc2r2_r2_ACTTTGTTCATTACGA,nIPC/GluN1
hft_ctx_w21_dc2r2_r2_AGAAACCCAGGAACCA,mGPC/OPC
hft_ctx_w21_dc2r2_r2_AGAAACCCAGGACACA,nIPC/GluN1
hft_ctx_w21_dc2r2_r2_AGAAACCCATTGTGAT,nIPC/GluN1
hft_ctx_w21_dc2r2_r2_AGAAACTAGGACCGCT,nIPC/GluN1
hft_ctx_w21_dc2r2_r2_AGAACAAGTCCTCCAA,nIPC/GluN1
hft_ctx_w21_dc2r2_r2_AGAACAAGTTGTTGTC,nIPC/GluN1
hft_ctx_w21_dc2r2_r2_AGAACCAAGTGCTGTG,GluN3
hft_ctx_w21_dc2r2_r2_AGAACCGCACGGTACT,RG
hft_ctx_w21_dc2r2_r2_AGAACCGCATTAAGTC,GluN3
hft_ctx_w21_dc2r2_r2_AGACAATAGGCATTAC,nIPC/GluN1
hft_ctx_w21_dc2r2_r2_AGACACGCACAGCCAT,nIPC/GluN1
hft_ctx_w21_dc2r2_r2_AGACCCGGTAGGTTGC,nIPC/GluN1
hft_ctx_w21_dc2r2_r2_AGACCCGGTGGATGTC,nIPC/GluN1
hft_ctx_w21_dc2r2_r2_AGACTATGTGGTTCTT,RG
hft_ctx_w21_dc2r2_r2_AGAGATTAGGAGGGTT,nIPC/GluN1
hft_ctx_w21_dc2r2_r2_AGAGGAACAATAACCT,nIPC/GluN1
hft_ctx_w21_dc2r2_r2_AGAGGAACAGGCAAGC,nIPC/GluN1
hft_ctx_w21_dc2r2_r2_AGAGGAACATGAAGTA,GluN3
hft_ctx_w21_dc2r2_r2_AGATGAAGTACAATGT,nIPC/GluN1
hft_ctx_w21_dc2r2_r2_AGCAACAAGGCAATAG,mGPC/OPC
hft_ctx_w21_dc2r2_r2_AGCAACAAGTTAGACC,RG
hft_ctx_w21_dc2r2_r2_AGCACAGCAGCTCAAC,nIPC/GluN1
hft_ctx_w21_dc2r2_r2_AGCACTAGTGTTGTGA,nIPC/GluN1
hft_ctx_w21_dc2r2_r2_AGCACTAGTTAGCAGC,GluN3
hft_ctx_w21_dc2r2_r2_AGCACTTAGGTAGCTT,GluN3
hft_ctx_w21_dc2r2_r2_AGCCAGTGTTGAATCG,GluN2
hft_ctx_w21_dc2r2_r2_AGCCGGTTCCTTCTAG,GluN5
hft_ctx_w21_dc2r2_r2_AGCCTAAGTGGATTCA,GluN4
hft_ctx_w21_dc2r2_r2_AGCCTAGTCATGTTTC,GluN2
hft_ctx_w21_dc2r2_r2_AGCCTAGTCCCGCAAA,GluN2
hft_ctx_w21_dc2r2_r2_AGCCTAGTCCGCCTAT,nIPC/GluN1
hft_ctx_w21_dc2r2_r2_AGCCTAGTCTGGCATG,GluN3
hft_ctx_w21_dc2r2_r2_AGCGCTCAGCCTGAGC,GluN4
hft_ctx_w21_dc2r2_r2_AGCTACTAGTGAGGGT,GluN2
hft_ctx_w21_dc2r2_r2_AGCTCATAGTAAAGGT,GluN4
hft_ctx_w21_dc2r2_r2_AGCTGCTCACATACTG,GluN4
hft_ctx_w21_dc2r2_r2_AGCTGCTCAGGGAGGA,nIPC/GluN1
hft_ctx_w21_dc2r2_r2_AGCTGCTCATAATCGT,RG
hft_ctx_w21_dc2r2_r2_AGCTTAATCTCGCCTG,GluN2
hft_ctx_w21_dc2r2_r2_AGCTTCCTCCTGGCTT,GluN4
hft_ctx_w21_dc2r2_r2_AGCTTGGTCATCAGTA,nIPC/GluN1
hft_ctx_w21_dc2r2_r2_AGCTTTAAGCTCGCTT,GluN3
hft_ctx_w21_dc2r2_r2_AGGAAACGTCCTAACT,GluN3
hft_ctx_w21_dc2r2_r2_AGGAAACGTTTGCTGT,mGPC/OPC
hft_ctx_w21_dc2r2_r2_AGGAACGGTGACCTGG,GluN2
hft_ctx_w21_dc2r2_r2_AGGAACGGTGTGTCCC,nIPC/GluN1
hft_ctx_w21_dc2r2_r2_AGGACTAAGCTAAAGG,GluN4
hft_ctx_w21_dc2r2_r2_AGGAGCTAGAAAGCAT,RG
hft_ctx_w21_dc2r2_r2_AGGATATAGCACAGAA,GluN3
hft_ctx_w21_dc2r2_r2_AGGATATAGCCTCTCG,GluN4
hft_ctx_w21_dc2r2_r2_AGGATGCAGCATGCAT,GluN2
hft_ctx_w21_dc2r2_r2_AGGATGCAGTTGTCTT,nIPC/GluN1
hft_ctx_w21_dc2r2_r2_AGGATGTCAGGACCAA,GluN2
hft_ctx_w21_dc2r2_r2_AGGATGTCAGTAGGTG,GluN2
hft_ctx_w21_dc2r2_r2_AGGATGTCATAATCGT,nIPC/GluN1
hft_ctx_w21_dc2r2_r2_AGGATGTCATCGTTCT,GluN4
hft_ctx_w21_dc2r2_r2_AGGATTGAGGCTAATC,GluN4
hft_ctx_w21_dc2r2_r2_AGGATTGAGGTGCTGC,GluN2
hft_ctx_w21_dc2r2_r2_AGGCAATCAGTTTACG,nIPC/GluN1
hft_ctx_w21_dc2r2_r2_AGGCAGGTCGATTATG,nIPC/GluN1
hft_ctx_w21_dc2r2_r2_AGGCCCAGTAATGGAA,nIPC/GluN1
hft_ctx_w21_dc2r2_r2_AGGCCCAGTTAGTGAT,RG
hft_ctx_w21_dc2r2_r2_AGGCTAAAGTTATGGC,GluN4
hft_ctx_w21_dc2r2_r2_AGGCTAGCACAGGGAC,nIPC/GluN1
hft_ctx_w21_dc2r2_r2_AGGCTAGCATCGCTTT,nIPC/GluN1
hft_ctx_w21_dc2r2_r2_AGGGCCTTCCTCACTA,GluN3
hft_ctx_w21_dc2r2_r2_AGGGCTACAGGCATCT,nIPC/GluN1
hft_ctx_w21_dc2r2_r2_AGGGTTGCAAACTCAT,GluN4
hft_ctx_w21_dc2r2_r2_AGGGTTGCATTTGCTC,GluN2
hft_ctx_w21_dc2r2_r2_AGGTAACCAGGACCAA,SP
hft_ctx_w21_dc2r2_r2_AGGTATTGTGGTTAGC,GluN4
hft_ctx_w21_dc2r2_r2_AGGTCAAAGACAAGTG,GluN4
hft_ctx_w21_dc2r2_r2_AGGTCAAAGGTCCTAG,nIPC/GluN1
hft_ctx_w21_dc2r2_r2_AGGTCCGGTGAGCAAG,nIPC/GluN1
hft_ctx_w21_dc2r2_r2_AGGTCTTAGTACTGGT,GluN3
hft_ctx_w21_dc2r2_r2_AGGTGAATCCCTTGCG,nIPC/GluN1
hft_ctx_w21_dc2r2_r2_AGGTTACTCGGGACTC,nIPC/GluN1
hft_ctx_w21_dc2r2_r2_AGGTTAGAGAGCCGCT,nIPC/GluN1
hft_ctx_w21_dc2r2_r2_AGGTTGCGTCCGCTGT,nIPC/GluN1
hft_ctx_w21_dc2r2_r2_AGGTTTATCAGGCCTA,nIPC/GluN1
hft_ctx_w21_dc2r2_r2_AGGTTTATCGACAAAG,SP
hft_ctx_w21_dc2r2_r2_AGGTTTATCGGGCCAT,nIPC/GluN1
hft_ctx_w21_dc2r2_r2_AGGTTTGGTAAATTGC,nIPC/GluN1
hft_ctx_w21_dc2r2_r2_AGGTTTGGTACCCACC,GluN3
hft_ctx_w21_dc2r2_r2_AGTAAACAGAGGAAGG,nIPC/GluN1
hft_ctx_w21_dc2r2_r2_AGTAACACAAGGATTA,RG
hft_ctx_w21_dc2r2_r2_AGTAATCGTAGCTGGT,GluN2
hft_ctx_w21_dc2r2_r2_AGTAATGCATGTCGCG,GluN2
hft_ctx_w21_dc2r2_r2_AGTACGCGTGCCTCAC,nIPC/GluN1
hft_ctx_w21_dc2r2_r2_AGTAGCTTCGATATTG,RG
hft_ctx_w21_dc2r2_r2_AGTATAGCAGCATGAG,Cyc. Prog.
hft_ctx_w21_dc2r2_r2_AGTATAGCATTTGCTC,GluN4
hft_ctx_w21_dc2r2_r2_AGTCAAGAGGCCGGAA,GluN2
hft_ctx_w21_dc2r2_r2_AGTCAATGTCAATAGT,GluN2
hft_ctx_w21_dc2r2_r2_AGTCAGGCAATACTGT,nIPC/GluN1
hft_ctx_w21_dc2r2_r2_AGTCTTGCATAAAGCA,SP
hft_ctx_w21_dc2r2_r2_AGTCTTGCATAGCTGC,GluN2
hft_ctx_w21_dc2r2_r2_AGTGAACCAAACCTAT,RG
hft_ctx_w21_dc2r2_r2_AGTGAACCAGAACCGA,GluN2
hft_ctx_w21_dc2r2_r2_AGTGAACCAGGCTTCG,nIPC/GluN1
hft_ctx_w21_dc2r2_r2_AGTGAGTCAATGCCTA,SP
hft_ctx_w21_dc2r2_r2_AGTGATGAGGCTACTG,RG
hft_ctx_w21_dc2r2_r2_AGTGATGAGTCCTGAG,nIPC/GluN1
hft_ctx_w21_dc2r2_r2_AGTGCACGTCGTAAAT,nIPC/GluN1
hft_ctx_w21_dc2r2_r2_AGTGCCGGTCCTAGTT,RG
hft_ctx_w21_dc2r2_r2_AGTGCGGAGCAGCTCA,GluN2
hft_ctx_w21_dc2r2_r2_AGTGCGGAGGTTAGCT,nIPC/GluN1
hft_ctx_w21_dc2r2_r2_AGTGGACAGGGCTTAT,GluN4
hft_ctx_w21_dc2r2_r2_AGTGTTTCACACCAAC,mGPC/OPC
hft_ctx_w21_dc2r2_r2_AGTTACATCACTAAGC,SP
hft_ctx_w21_dc2r2_r2_AGTTACTCAACAACAA,GluN2
hft_ctx_w21_dc2r2_r2_AGTTACTCACCTGGTG,GluN2
hft_ctx_w21_dc2r2_r2_AGTTATGTCTTGATGA,GluN2
hft_ctx_w21_dc2r2_r2_AGTTGCGTCAGGAACA,GluN2
hft_ctx_w21_dc2r2_r2_AGTTGCGTCCTCCATA,GluN4
hft_ctx_w21_dc2r2_r2_AGTTGCGTCGTAACGT,nIPC/GluN1
hft_ctx_w21_dc2r2_r2_AGTTGCGTCTTGAGGT,GluN3
hft_ctx_w21_dc2r2_r2_AGTTGGCGTACTGAAT,GluN4
hft_ctx_w21_dc2r2_r2_AGTTGGCGTATTTGCC,GluN4
hft_ctx_w21_dc2r2_r2_AGTTGGCGTCGCAAAC,GluN2
hft_ctx_w21_dc2r2_r2_AGTTGTCAGCGAGTAA,nIPC/GluN1
hft_ctx_w21_dc2r2_r2_AGTTTGATCATTGTTC,GluN2
hft_ctx_w21_dc2r2_r2_AGTTTGCAGTAGCGGG,nIPC/GluN1
hft_ctx_w21_dc2r2_r2_ATAACGACATAAGGAC,nIPC/GluN1
hft_ctx_w21_dc2r2_r2_ATAACGACATTGTGAT,nIPC/GluN1
hft_ctx_w21_dc2r2_r2_ATAAGCCTCCGCACAA,nIPC/GluN1
hft_ctx_w21_dc2r2_r2_ATAAGTCGTACCGTTT,GluN3
hft_ctx_w21_dc2r2_r2_ATAATGGCAAGGGTTG,GluN3
hft_ctx_w21_dc2r2_r2_ATAATGGCATTAAAGG,RG
hft_ctx_w21_dc2r2_r2_ATAGATGCAGCAGGTA,nIPC/GluN1
hft_ctx_w21_dc2r2_r2_ATAGCATGTTTACTTG,GluN2
hft_ctx_w21_dc2r2_r2_ATAGGTACAGGTTATT,nIPC/GluN1
hft_ctx_w21_dc2r2_r2_ATAGGTACAGTTTGGC,mGPC/OPC
hft_ctx_w21_dc2r2_r2_ATATGCTCAATTGAGA,GluN4
hft_ctx_w21_dc2r2_r2_ATATGGTGTTGGATCA,GluN2
hft_ctx_w21_dc2r2_r2_ATCAAGACAACTCGCG,GluN2
hft_ctx_w21_dc2r2_r2_ATCAAGACAATATACC,nIPC/GluN1
hft_ctx_w21_dc2r2_r2_ATCAAGACACTGGCTG,GluN4
hft_ctx_w21_dc2r2_r2_ATCAAGACACTTACAG,GluN5
hft_ctx_w21_dc2r2_r2_ATCAAGCTCCTCATGC,nIPC/GluN1
hft_ctx_w21_dc2r2_r2_ATCAATCCAAAGCGCA,nIPC/GluN1
hft_ctx_w21_dc2r2_r2_ATCAATCCAGGGAGGA,nIPC/GluN1
hft_ctx_w21_dc2r2_r2_ATCAATCCATTATGCG,GluN3
hft_ctx_w21_dc2r2_r2_ATCACAATCACAAGCT,SP
hft_ctx_w21_dc2r2_r2_ATCACACAGGTTAGAG,nIPC/GluN1
hft_ctx_w21_dc2r2_r2_ATCAGGTTCAAGCTAC,nIPC/GluN1
hft_ctx_w21_dc2r2_r2_ATCATCAAGCCGCTAA,mGPC/OPC
hft_ctx_w21_dc2r2_r2_ATCATCAAGCTGTACG,GluN4
hft_ctx_w21_dc2r2_r2_ATCATCAAGGCTGGCT,RG
hft_ctx_w21_dc2r2_r2_ATCATGTCACCTACTT,RG
hft_ctx_w21_dc2r2_r2_ATCCATAAGTGCACGC,RG
hft_ctx_w21_dc2r2_r2_ATCCTTAGTAAGCTTG,GluN2
hft_ctx_w21_dc2r2_r2_ATCGAGGCACCTGGTG,nIPC/GluN1
hft_ctx_w21_dc2r2_r2_ATCGCCCGTCCTTCTC,GluN4
hft_ctx_w21_dc2r2_r2_ATCGCCCGTGCAACTA,nIPC/GluN1
hft_ctx_w21_dc2r2_r2_ATCGCTTGTAAGGTTT,nIPC/GluN1
hft_ctx_w21_dc2r2_r2_ATCGCTTGTTTGTGGA,nIPC/GluN1
hft_ctx_w21_dc2r2_r2_ATCTATGAGTTATCCT,nIPC/GluN1
hft_ctx_w21_dc2r2_r2_ATCTTTGGTTTGAGGC,nIPC/GluN1
hft_ctx_w21_dc2r2_r2_ATGAAGCCAGCATGGA,nIPC/GluN1
hft_ctx_w21_dc2r2_r2_ATGAATGCACAATTAC,GluN3
hft_ctx_w21_dc2r2_r2_ATGACCAGTAGCTAAT,GluN2
hft_ctx_w21_dc2r2_r2_ATGACTCAGACTTACA,GluN2
hft_ctx_w21_dc2r2_r2_ATGATGACACAGACTC,nIPC/GluN1
hft_ctx_w21_dc2r2_r2_ATGATGACACCTGTAA,nIPC/GluN1
hft_ctx_w21_dc2r2_r2_ATGCAAACAGGGAGGA,mGPC/OPC
hft_ctx_w21_dc2r2_r2_ATGCAGGCAACCCTCC,RG
hft_ctx_w21_dc2r2_r2_ATGCAGGCACTGACCG,nIPC/GluN1
hft_ctx_w21_dc2r2_r2_ATGCATTCAATCCCTT,GluN4
hft_ctx_w21_dc2r2_r2_ATGCATTCATTCCTCG,Cyc. Prog.
hft_ctx_w21_dc2r2_r2_ATGCCTGAGGGCCACT,nIPC/GluN1
hft_ctx_w21_dc2r2_r2_ATGCCTGAGGTAGCTT,GluN3
hft_ctx_w21_dc2r2_r2_ATGCCTGAGGTTTGCG,GluN4
hft_ctx_w21_dc2r2_r2_ATGCGATTCCACCTTA,GluN4
hft_ctx_w21_dc2r2_r2_ATGCGATTCGGTCAGC,mGPC/OPC
hft_ctx_w21_dc2r2_r2_ATGCGATTCTTGTCCA,Cyc. Prog.
hft_ctx_w21_dc2r2_r2_ATGCTTAAGGACCAGG,Cyc. Prog.
hft_ctx_w21_dc2r2_r2_ATGCTTAAGGCTGGCT,nIPC/GluN1
hft_ctx_w21_dc2r2_r2_ATGCTTAAGGTTAGCT,RG
hft_ctx_w21_dc2r2_r2_ATGGACAAGCACTAAC,GluN2
hft_ctx_w21_dc2r2_r2_ATGGCTGTCAAACACC,mGPC/OPC
hft_ctx_w21_dc2r2_r2_ATGGCTGTCTTGAGGT,GluN2
hft_ctx_w21_dc2r2_r2_ATGGCTGTCTTTAAGG,GluN3
hft_ctx_w21_dc2r2_r2_ATGGCTTAGAGAAGGG,nIPC/GluN1
hft_ctx_w21_dc2r2_r2_ATGGCTTAGGTTAGCT,nIPC/GluN1
hft_ctx_w21_dc2r2_r2_ATGGTCTAGTAGCCAT,nIPC/GluN1
hft_ctx_w21_dc2r2_r2_ATGGTGCGTTGCACGG,GluN2
hft_ctx_w21_dc2r2_r2_ATGGTTATCGCTCCAT,nIPC/GluN1
hft_ctx_w21_dc2r2_r2_ATGTAAGCAGAGGGAG,RG
hft_ctx_w21_dc2r2_r2_ATGTCCACAACTGGCT,GluN2
hft_ctx_w21_dc2r2_r2_ATGTCCACAGTTAGCC,GluN2
hft_ctx_w21_dc2r2_r2_ATGTCCACATATAACC,RG
hft_ctx_w21_dc2r2_r2_ATGTTCAAGGCGCATC,nIPC/GluN1
hft_ctx_w21_dc2r2_r2_ATGTTCAAGTTATCCT,nIPC/GluN1
hft_ctx_w21_dc2r2_r2_ATGTTGTCAATTGCGC,nIPC/GluN1
hft_ctx_w21_dc2r2_r2_ATGTTGTCACCTGCTC,GluN4
hft_ctx_w21_dc2r2_r2_ATGTTGTCATAGCTGC,nIPC/GluN1
hft_ctx_w21_dc2r2_r2_ATGTTTGAGCAATAGG,nIPC/GluN1
hft_ctx_w21_dc2r2_r2_ATTAACCCAACCGCCA,nIPC/GluN1
hft_ctx_w21_dc2r2_r2_ATTACCCGTGCATCGG,GluN2
hft_ctx_w21_dc2r2_r2_ATTACCGCAGCATTAT,nIPC/GluN1
hft_ctx_w21_dc2r2_r2_ATTACCGCATCACAGC,GluN2
hft_ctx_w21_dc2r2_r2_ATTACGTCAAACTGCC,RG
hft_ctx_w21_dc2r2_r2_ATTACTGAGAAAGCAT,GluN2
hft_ctx_w21_dc2r2_r2_ATTACTGAGCGATAAG,GluN2
hft_ctx_w21_dc2r2_r2_ATTACTGAGGATGATG,GluN2
hft_ctx_w21_dc2r2_r2_ATTAGCGGTGAGAAAC,nIPC/GluN1
hft_ctx_w21_dc2r2_r2_ATTAGCGGTGATTACG,Cyc. Prog.
hft_ctx_w21_dc2r2_r2_ATTAGGTGTAAGCTTG,nIPC/GluN1
hft_ctx_w21_dc2r2_r2_ATTAGGTGTCTAACCT,GluN2
hft_ctx_w21_dc2r2_r2_ATTAGTCCACAATGTT,GluN3
hft_ctx_w21_dc2r2_r2_ATTAGTCCAGCATGTC,nIPC/GluN1
hft_ctx_w21_dc2r2_r2_ATTCAACCACCGTTCC,nIPC/GluN1
hft_ctx_w21_dc2r2_r2_ATTCACTTCGTTTCTG,mGPC/OPC
hft_ctx_w21_dc2r2_r2_ATTCATGAGCCAGGTC,GluN3
hft_ctx_w21_dc2r2_r2_ATTCATGAGGAATAAC,GluN2
hft_ctx_w21_dc2r2_r2_ATTCCTAGTCATGCCC,mGPC/OPC
hft_ctx_w21_dc2r2_r2_ATTGAAGCATAGACTT,GluN2
hft_ctx_w21_dc2r2_r2_ATTGCACAGCGCAATT,GluN3
hft_ctx_w21_dc2r2_r2_ATTGCACAGCTAGAAG,GluN2
hft_ctx_w21_dc2r2_r2_ATTGCAGGTAAACAAG,nIPC/GluN1
hft_ctx_w21_dc2r2_r2_ATTGCGCCAGGACCTT,nIPC/GluN1
hft_ctx_w21_dc2r2_r2_ATTGCGCCATAAAGCA,GluN2
hft_ctx_w21_dc2r2_r2_ATTGCTCGTGGTTCTT,nIPC/GluN1
hft_ctx_w21_dc2r2_r2_ATTGCTCGTTATAGCG,SP
hft_ctx_w21_dc2r2_r2_ATTGCTCGTTGTCCAT,GluN2
hft_ctx_w21_dc2r2_r2_ATTGGCTAGCGCTCAA,nIPC/GluN1
hft_ctx_w21_dc2r2_r2_ATTGGCTAGGCAAGTA,RG
hft_ctx_w21_dc2r2_r2_ATTGGCTAGGCCAATT,nIPC/GluN1
hft_ctx_w21_dc2r2_r2_ATTGTGATCTTAGCGG,Cyc. Prog.
hft_ctx_w21_dc2r2_r2_ATTTAGCCAAGCTTAT,GluN4
hft_ctx_w21_dc2r2_r2_ATTTAGGTCCTCATGC,GluN2
hft_ctx_w21_dc2r2_r2_ATTTGTGAGGAAGTAT,GluN2
hft_ctx_w21_dc2r2_r2_CAAACACTCCGCAACA,mGPC/OPC
hft_ctx_w21_dc2r2_r2_CAAACACTCCTTAGGG,GluN2
hft_ctx_w21_dc2r2_r2_CAAACACTCGATTTGA,nIPC/GluN1
hft_ctx_w21_dc2r2_r2_CAAACACTCTTGCTAT,GluN2
hft_ctx_w21_dc2r2_r2_CAAACCGTCAAATCGC,nIPC/GluN1
hft_ctx_w21_dc2r2_r2_CAAACCGTCCTGGCTT,RG
hft_ctx_w21_dc2r2_r2_CAAACCGTCCTTAGGG,GluN3
hft_ctx_w21_dc2r2_r2_CAAACCGTCTTACTCG,nIPC/GluN1
hft_ctx_w21_dc2r2_r2_CAAACTGGTCATTAGG,GluN3
hft_ctx_w21_dc2r2_r2_CAAAGGATCATCCACC,GluN3
hft_ctx_w21_dc2r2_r2_CAAAGGATCCGCTAGA,GluN2
hft_ctx_w21_dc2r2_r2_CAAAGTGAGCCAGTAT,GluN2
hft_ctx_w21_dc2r2_r2_CAAAGTGAGGATTGAG,GluN3
hft_ctx_w21_dc2r2_r2_CAAAGTGAGGTAGCTT,nIPC/GluN1
hft_ctx_w21_dc2r2_r2_CAACAATGTTTGCGCC,nIPC/GluN1
hft_ctx_w21_dc2r2_r2_CAACAGGCAAACTGTT,mGPC/OPC
hft_ctx_w21_dc2r2_r2_CAACAGGCACAATTAC,nIPC/GluN1
hft_ctx_w21_dc2r2_r2_CAACCCGCAGGCAAGC,nIPC/GluN1
hft_ctx_w21_dc2r2_r2_CAACCCTTCAGCATTA,GluN2
hft_ctx_w21_dc2r2_r2_CAACCCTTCCAAGTGT,nIPC/GluN1
hft_ctx_w21_dc2r2_r2_CAACTAATCAACCAAC,GluN3
hft_ctx_w21_dc2r2_r2_CAACTAATCCACCTGT,GluN3
hft_ctx_w21_dc2r2_r2_CAACTAATCCCTCAAC,GluN2
hft_ctx_w21_dc2r2_r2_CAACTAGGTTGCTGGG,RG
hft_ctx_w21_dc2r2_r2_CAAGAACCATTGTGTG,GluN2
hft_ctx_w21_dc2r2_r2_CAAGACAAGCTATTAG,SP
hft_ctx_w21_dc2r2_r2_CAAGACAAGTCAATTG,nIPC/GluN1
hft_ctx_w21_dc2r2_r2_CAAGGCCTCCTAAGAC,nIPC/GluN1
hft_ctx_w21_dc2r2_r2_CAAGGCCTCCTCATCA,GluN2
hft_ctx_w21_dc2r2_r2_CAAGGCCTCGTAATCA,nIPC/GluN1
hft_ctx_w21_dc2r2_r2_CAAGGCTGTTCCGGCT,GluN4
hft_ctx_w21_dc2r2_r2_CAAGTAACAACTCGCG,GluN2
hft_ctx_w21_dc2r2_r2_CAAGTAACAATAATCC,GluN2
hft_ctx_w21_dc2r2_r2_CAAGTAACAATGCGCT,nIPC/GluN1
hft_ctx_w21_dc2r2_r2_CAATAGCTCAAAGGCA,nIPC/GluN1
hft_ctx_w21_dc2r2_r2_CAATCGCCAACCTGGT,RG
hft_ctx_w21_dc2r2_r2_CAATCGCCAACTAGGG,GluN4
hft_ctx_w21_dc2r2_r2_CAATGAACACCAGCAT,GluN2
hft_ctx_w21_dc2r2_r2_CAATGAACAGGAACCA,nIPC/GluN1
hft_ctx_w21_dc2r2_r2_CAATGACTCTAAGTCA,GluN4
hft_ctx_w21_dc2r2_r2_CAATGCCCACAATGCC,nIPC/GluN1
hft_ctx_w21_dc2r2_r2_CAATGTCAGCCTCTGT,nIPC/GluN1
hft_ctx_w21_dc2r2_r2_CAATGTGGTCATCATC,SP
hft_ctx_w21_dc2r2_r2_CACAAGCGTCGTAATG,nIPC/GluN1
hft_ctx_w21_dc2r2_r2_CACAAGCGTGGGTACT,GluN3
hft_ctx_w21_dc2r2_r2_CACAAGCGTTGCATCT,nIPC/GluN1
hft_ctx_w21_dc2r2_r2_CACAATATCCTCACTA,mGPC/OPC
hft_ctx_w21_dc2r2_r2_CACAGGCTCTCGCCCA,nIPC/GluN1
hft_ctx_w21_dc2r2_r2_CACATAATCGCTCACT,GluN2
hft_ctx_w21_dc2r2_r2_CACATTAAGCGGGCAA,RG
hft_ctx_w21_dc2r2_r2_CACGCAATCGACCTGA,nIPC/GluN1
hft_ctx_w21_dc2r2_r2_CACTAAGGTCACGAAC,GluN2
hft_ctx_w21_dc2r2_r2_CACTAAGGTGTTGCAA,GluN2
hft_ctx_w21_dc2r2_r2_CACTGACCAGCACCAT,GluN4
hft_ctx_w21_dc2r2_r2_CACTTTGTCGCTCCAT,Cyc. Prog.
hft_ctx_w21_dc2r2_r2_CAGCATGTCCTCAGTC,RG
hft_ctx_w21_dc2r2_r2_CAGCATGTCTTGAGGT,GluN5
hft_ctx_w21_dc2r2_r2_CAGCATTAGCTGAGGG,GluN4
hft_ctx_w21_dc2r2_r2_CAGCATTAGGAAGTAT,GluN2
hft_ctx_w21_dc2r2_r2_CAGCATTAGGCCGGAA,nIPC/GluN1
hft_ctx_w21_dc2r2_r2_CAGCATTAGGTGCTGC,GluN2
hft_ctx_w21_dc2r2_r2_CAGCCTAAGCAAGGGT,nIPC/GluN1
hft_ctx_w21_dc2r2_r2_CAGCCTTTCAGAAACG,Cyc. Prog.
hft_ctx_w21_dc2r2_r2_CAGCTAAGTTCACCCA,GluN4
hft_ctx_w21_dc2r2_r2_CAGCTATAGGAGTCGG,nIPC/GluN1
hft_ctx_w21_dc2r2_r2_CAGGATGCAGAGAGCC,GluN3
hft_ctx_w21_dc2r2_r2_CAGGCTGGTTGCACAA,GluN2
hft_ctx_w21_dc2r2_r2_CAGGGCTTCCAGGGAG,GluN4
hft_ctx_w21_dc2r2_r2_CAGGTCCAGTCATCCC,nIPC/GluN1
hft_ctx_w21_dc2r2_r2_CAGGTGGAGCCTAATA,nIPC/GluN1
hft_ctx_w21_dc2r2_r2_CAGTACCCAGGTATTT,GluN4
hft_ctx_w21_dc2r2_r2_CAGTACCCATGAATAG,GluN2
hft_ctx_w21_dc2r2_r2_CATAACGGTCAAAGGG,GluN4
hft_ctx_w21_dc2r2_r2_CATAAGCTCTTGCATT,nIPC/GluN1
hft_ctx_w21_dc2r2_r2_CATAATGTCAGGAACA,nIPC/GluN1
hft_ctx_w21_dc2r2_r2_CATAATGTCCGGAACC,nIPC/GluN1
hft_ctx_w21_dc2r2_r2_CATAATGTCGCAACAT,mGPC/OPC
hft_ctx_w21_dc2r2_r2_CATAGACTCCTCCCTC,nIPC/GluN1
hft_ctx_w21_dc2r2_r2_CATAGACTCTTGACCC,Cyc. Prog.
hft_ctx_w21_dc2r2_r2_CATAGCTAGGAAACTG,RG
hft_ctx_w21_dc2r2_r2_CATAGCTAGTTCCCAC,nIPC/GluN1
hft_ctx_w21_dc2r2_r2_CATAGGCGTACTTAGG,nIPC/GluN1
hft_ctx_w21_dc2r2_r2_CATAGGCGTCATAACG,nIPC/GluN1
hft_ctx_w21_dc2r2_r2_CATAGGCGTCTATCGT,nIPC/GluN1
hft_ctx_w21_dc2r2_r2_CATAGGCGTGTTGTAG,GluN3
hft_ctx_w21_dc2r2_r2_CATAGGTTCCGCACAA,GluN2
hft_ctx_w21_dc2r2_r2_CATAGGTTCGCAACAT,GluN4
hft_ctx_w21_dc2r2_r2_CATAGTCAGACAAGTG,RG
hft_ctx_w21_dc2r2_r2_CATCAATCACACAATT,nIPC/GluN1
hft_ctx_w21_dc2r2_r2_CATCACACAATAGCAA,nIPC/GluN1
hft_ctx_w21_dc2r2_r2_CATCACACAGGTCCTG,GluN3
hft_ctx_w21_dc2r2_r2_CATCATAAGCACAGCC,mGPC/OPC
hft_ctx_w21_dc2r2_r2_CATCCTCAGTTAGCTA,GluN4
hft_ctx_w21_dc2r2_r2_CATCCTGGTACGATTG,nIPC/GluN1
hft_ctx_w21_dc2r2_r2_CATCGCTTCGCTTCTA,GluN3
hft_ctx_w21_dc2r2_r2_CATGAGGCAGGTTAAA,GluN2
hft_ctx_w21_dc2r2_r2_CATGAGGCATGAAATG,nIPC/GluN1
hft_ctx_w21_dc2r2_r2_CATGCAAGTGACATGC,GluN2
hft_ctx_w21_dc2r2_r2_CATGCATAGCACGATT,nIPC/GluN1
hft_ctx_w21_dc2r2_r2_CATGCATAGTCACGAT,nIPC/GluN1
hft_ctx_w21_dc2r2_r2_CATGGATTCCGCATGA,GluN2
hft_ctx_w21_dc2r2_r2_CATTATCTCTCCATAT,GluN3
hft_ctx_w21_dc2r2_r2_CATTATGAGGTGTCCA,GluN4
hft_ctx_w21_dc2r2_r2_CATTATGAGTTAGGCT,Cyc. Prog.
hft_ctx_w21_dc2r2_r2_CATTCATTCACAGACT,nIPC/GluN1
hft_ctx_w21_dc2r2_r2_CATTCATTCCGCAACA,GluN2
hft_ctx_w21_dc2r2_r2_CATTCATTCGCTCCAT,nIPC/GluN1
hft_ctx_w21_dc2r2_r2_CATTCCTCACTGGCTG,GluN4
hft_ctx_w21_dc2r2_r2_CATTGCGAGCTTCTCA,nIPC/GluN1
hft_ctx_w21_dc2r2_r2_CATTGCGAGGTACCGC,GluN2
hft_ctx_w21_dc2r2_r2_CATTGTGCAACACCTA,GluN4
hft_ctx_w21_dc2r2_r2_CATTGTGCACATAACT,GluN3
hft_ctx_w21_dc2r2_r2_CCAAACTAGGATCACT,nIPC/GluN1
hft_ctx_w21_dc2r2_r2_CCAAATCAGCATGTCG,nIPC/GluN1
hft_ctx_w21_dc2r2_r2_CCAACATAGTAACGAG,Cyc. Prog.
hft_ctx_w21_dc2r2_r2_CCAACCCGTCCTTTAA,nIPC/GluN1
hft_ctx_w21_dc2r2_r2_CCAACCCGTTACTTGC,nIPC/GluN1
hft_ctx_w21_dc2r2_r2_CCAAGGCTCTTAGGGT,GluN2
hft_ctx_w21_dc2r2_r2_CCAAGTTAGCTTGCTC,GluN2
hft_ctx_w21_dc2r2_r2_CCACAATAGGGCTTTG,GluN2
hft_ctx_w21_dc2r2_r2_CCACAATAGGTCCAAT,GluN4
hft_ctx_w21_dc2r2_r2_CCACAGGGTCATTGTC,GluN2
hft_ctx_w21_dc2r2_r2_CCACAGGGTGCTCACC,GluN2
hft_ctx_w21_dc2r2_r2_CCAGACTCAATTATGC,nIPC/GluN1
hft_ctx_w21_dc2r2_r2_CCAGACTCAGGACCTT,GluN2
hft_ctx_w21_dc2r2_r2_CCAGCCTGTACCGGAT,RG
hft_ctx_w21_dc2r2_r2_CCAGCTAAGCATTATG,nIPC/GluN1
hft_ctx_w21_dc2r2_r2_CCAGCTAAGCTTCTCA,nIPC/GluN1
hft_ctx_w21_dc2r2_r2_CCAGGAACAAATATCC,nIPC/GluN1
hft_ctx_w21_dc2r2_r2_CCAGGAACACCAGGTT,GluN4
hft_ctx_w21_dc2r2_r2_CCAGGAACAGTATGTT,GluN3
hft_ctx_w21_dc2r2_r2_CCAGTTTGTATTGCAG,nIPC/GluN1
hft_ctx_w21_dc2r2_r2_CCATAAGGTTGTAAAC,nIPC/GluN1
hft_ctx_w21_dc2r2_r2_CCATAGCCACTATGGC,GluN4
hft_ctx_w21_dc2r2_r2_CCATAGCCAGGAATCG,RG
hft_ctx_w21_dc2r2_r2_CCATATTTCATGCCTC,GluN3
hft_ctx_w21_dc2r2_r2_CCATCATGTGTCCAGG,nIPC/GluN1
hft_ctx_w21_dc2r2_r2_CCATCATGTTCACCAT,nIPC/GluN1
hft_ctx_w21_dc2r2_r2_CCCAAATAGCTAATCA,GluN2
hft_ctx_w21_dc2r2_r2_CCCAACCGTAGGTTTG,Cyc. Prog.
hft_ctx_w21_dc2r2_r2_CCCAATTGTCAACAAT,GluN3
hft_ctx_w21_dc2r2_r2_CCCAATTGTTGCATCT,GluN3
hft_ctx_w21_dc2r2_r2_CCCAGTTTCTAAGTCA,Cyc. Prog.
hft_ctx_w21_dc2r2_r2_CCCGCAACAGTTTCTC,GluN3
hft_ctx_w21_dc2r2_r2_CCCGCTTCAAACCCTA,nIPC/GluN1
hft_ctx_w21_dc2r2_r2_CCCGCTTCATCAATCG,nIPC/GluN1
hft_ctx_w21_dc2r2_r2_CCCGTAAAGCCTCTGT,GluN2
hft_ctx_w21_dc2r2_r2_CCCGTAAAGGTGCGGA,GluN2
hft_ctx_w21_dc2r2_r2_CCCGTTGTCGAGCTAT,nIPC/GluN1
hft_ctx_w21_dc2r2_r2_CCCTAATGTGCTAGAC,GluN2
hft_ctx_w21_dc2r2_r2_CCCTCACCACAGGAAT,GluN2
hft_ctx_w21_dc2r2_r2_CCCTCAGTCACAAGCT,nIPC/GluN1
hft_ctx_w21_dc2r2_r2_CCCTCAGTCCGGAACC,GluN2
hft_ctx_w21_dc2r2_r2_CCCTCATAGGGATGAC,GluN2
hft_ctx_w21_dc2r2_r2_CCCTCATAGTCATTTC,SP
hft_ctx_w21_dc2r2_r2_CCCTGGACAGAGGGAG,GluN2
hft_ctx_w21_dc2r2_r2_CCCTGTTAGATTCCTT,GluN3
hft_ctx_w21_dc2r2_r2_CCCTGTTAGGCGAAAC,nIPC/GluN1
hft_ctx_w21_dc2r2_r2_CCGACAGGTCTTGCAT,nIPC/GluN1
hft_ctx_w21_dc2r2_r2_CCGACAGGTTAGGCTA,GluN2
hft_ctx_w21_dc2r2_r2_CCGATGCAGCAGGCCT,GluN3
hft_ctx_w21_dc2r2_r2_CCGATGCAGCTCAAAC,nIPC/GluN1
hft_ctx_w21_dc2r2_r2_CCGATGCAGCTGTAAC,GluN3
hft_ctx_w21_dc2r2_r2_CCGATGCAGGTTTGCG,GluN3
hft_ctx_w21_dc2r2_r2_CCGCAAATCAGGCTAT,GluN3
hft_ctx_w21_dc2r2_r2_CCGCAAATCGCTAAGT,RG
hft_ctx_w21_dc2r2_r2_CCGCACACAAGCTAAA,RG
hft_ctx_w21_dc2r2_r2_CCGCACACAAGGTATA,nIPC/GluN1
hft_ctx_w21_dc2r2_r2_CCGCCAACATTATGAC,nIPC/GluN1
hft_ctx_w21_dc2r2_r2_CCGCTAAAGGCTTAGT,GluN4
hft_ctx_w21_dc2r2_r2_CCGGTAGGTTAGGACC,mGPC/OPC
hft_ctx_w21_dc2r2_r2_CCGTGCTGTTACAAAC,GluN3
hft_ctx_w21_dc2r2_r2_CCGTGCTGTTACAACG,nIPC/GluN1
hft_ctx_w21_dc2r2_r2_CCGTGCTGTTCCTGTG,RG
hft_ctx_w21_dc2r2_r2_CCGTTATGTCCAAATG,GluN4
hft_ctx_w21_dc2r2_r2_CCGTTATGTTGGATCA,nIPC/GluN1
hft_ctx_w21_dc2r2_r2_CCGTTGCGTCCAAATG,nIPC/GluN1
hft_ctx_w21_dc2r2_r2_CCGTTGCGTGAACAAA,nIPC/GluN1
hft_ctx_w21_dc2r2_r2_CCGTTGCGTTAGGCGT,GluN2
hft_ctx_w21_dc2r2_r2_CCGTTGCGTTGTTGTC,GluN2
hft_ctx_w21_dc2r2_r2_CCTAAAGGTAGCAGCT,nIPC/GluN1
hft_ctx_w21_dc2r2_r2_CCTAAATCACCTGCTC,GluN2
hft_ctx_w21_dc2r2_r2_CCTAAGTAGGTCATTA,GluN2
hft_ctx_w21_dc2r2_r2_CCTAATAAGCCTGGTA,nIPC/GluN1
hft_ctx_w21_dc2r2_r2_CCTAATAAGTCTATGA,mGPC/OPC
hft_ctx_w21_dc2r2_r2_CCTACTGGTCGCAATA,GluN2
hft_ctx_w21_dc2r2_r2_CCTACTGGTTAGGCGT,GluN3
hft_ctx_w21_dc2r2_r2_CCTACTTCAACAACAA,GluN3
hft_ctx_w21_dc2r2_r2_CCTACTTCAACTGGCT,nIPC/GluN1
hft_ctx_w21_dc2r2_r2_CCTAGTTGTCGTAATG,RG
hft_ctx_w21_dc2r2_r2_CCTATAGCAGGGAGCT,RG
hft_ctx_w21_dc2r2_r2_CCTATATTCATGGTTA,nIPC/GluN1
hft_ctx_w21_dc2r2_r2_CCTATTGTCCCGCCTA,GluN3
hft_ctx_w21_dc2r2_r2_CCTATTTAGACAGGCG,GluN4
hft_ctx_w21_dc2r2_r2_CCTATTTAGGTCCGTA,nIPC/GluN1
hft_ctx_w21_dc2r2_r2_CCTCAGTTCAGTTCCC,GluN2
hft_ctx_w21_dc2r2_r2_CCTCAGTTCCTAATGA,GluN2
hft_ctx_w21_dc2r2_r2_CCTGAATAGTTATCTC,nIPC/GluN1
hft_ctx_w21_dc2r2_r2_CCTGACTTCCATAAGC,nIPC/GluN1
hft_ctx_w21_dc2r2_r2_CCTGAGTCAACCCTAA,GluN3
hft_ctx_w21_dc2r2_r2_CCTGCTCCACATAACT,GluN3
hft_ctx_w21_dc2r2_r2_CCTGCTCCACTTACAG,RG
hft_ctx_w21_dc2r2_r2_CCTGGTAAGTCAGTAC,GluN4
hft_ctx_w21_dc2r2_r2_CCTGTAACACATAACT,GluN4
hft_ctx_w21_dc2r2_r2_CCTGTAACACCTACGG,GluN2
hft_ctx_w21_dc2r2_r2_CCTGTAACAGTGAACG,GluN4
hft_ctx_w21_dc2r2_r2_CCTGTATGTATTACCC,GluN4
hft_ctx_w21_dc2r2_r2_CCTTAACGTAATCCCT,nIPC/GluN1
hft_ctx_w21_dc2r2_r2_CCTTAACGTAGGTGTC,RG
hft_ctx_w21_dc2r2_r2_CCTTAACGTTAATCGG,GluN3
hft_ctx_w21_dc2r2_r2_CCTTAGTGTAATCGCA,GluN2
hft_ctx_w21_dc2r2_r2_CCTTAGTGTCAAAGAA,GluN2
hft_ctx_w21_dc2r2_r2_CCTTCAGGTAACGGGA,nIPC/GluN1
hft_ctx_w21_dc2r2_r2_CCTTCAGGTGGAAACG,nIPC/GluN1
hft_ctx_w21_dc2r2_r2_CCTTCGGTCAACAAGG,GluN3
hft_ctx_w21_dc2r2_r2_CCTTCGTAGCCTGGTA,nIPC/GluN1
hft_ctx_w21_dc2r2_r2_CCTTGCGTCGTTTCGC,Cyc. Prog.
hft_ctx_w21_dc2r2_r2_CCTTGCGTCTTAAGTG,GluN3
hft_ctx_w21_dc2r2_r2_CCTTTAGTCCTTGCGT,GluN4
hft_ctx_w21_dc2r2_r2_CGAAATGAGCTACTGG,RG
hft_ctx_w21_dc2r2_r2_CGAACAAAGCTGGCTA,RG
hft_ctx_w21_dc2r2_r2_CGAACAAAGTTGCCTC,GluN4
hft_ctx_w21_dc2r2_r2_CGAACCGGTGCGCAAT,GluN2
hft_ctx_w21_dc2r2_r2_CGAAGAATCACAGACT,GluN2
hft_ctx_w21_dc2r2_r2_CGAAGGCCAATCTCTC,Cyc. Prog.
hft_ctx_w21_dc2r2_r2_CGAAGGCCACCTGTAA,Cyc. Prog.
hft_ctx_w21_dc2r2_r2_CGAATATGTGTTGTAG,GluN2
hft_ctx_w21_dc2r2_r2_CGAATATGTTAACACG,GluN3
hft_ctx_w21_dc2r2_r2_CGACAAGCACCCACAG,nIPC/GluN1
hft_ctx_w21_dc2r2_r2_CGACCTGCAGTACCGT,GluN2
hft_ctx_w21_dc2r2_r2_CGACCTGCATTATGCG,mGPC/OPC
hft_ctx_w21_dc2r2_r2_CGACTAAGTAATAGCT,nIPC/GluN1
hft_ctx_w21_dc2r2_r2_CGACTAAGTCGACTAA,nIPC/GluN1
hft_ctx_w21_dc2r2_r2_CGACTAAGTGAGACTC,nIPC/GluN1
hft_ctx_w21_dc2r2_r2_CGAGCGAAGGCGCATC,GluN3
hft_ctx_w21_dc2r2_r2_CGAGCTGGTTTACGTC,nIPC/GluN1
hft_ctx_w21_dc2r2_r2_CGAGGAAGTCATTGAG,Cyc. Prog.
hft_ctx_w21_dc2r2_r2_CGAGGCAAGCTTATGA,nIPC/GluN1
hft_ctx_w21_dc2r2_r2_CGAGGTGAGAGAAGGG,nIPC/GluN1
hft_ctx_w21_dc2r2_r2_CGAGTCGGTCACGGAT,nIPC/GluN1
hft_ctx_w21_dc2r2_r2_CGATATTCACAATGTT,nIPC/GluN1
hft_ctx_w21_dc2r2_r2_CGATTATCAGGTTCAC,nIPC/GluN1
hft_ctx_w21_dc2r2_r2_CGATTATCATTGACAT,GluN4
hft_ctx_w21_dc2r2_r2_CGATTCCTCAATCTAG,GluN2
hft_ctx_w21_dc2r2_r2_CGATTCCTCCTTTACG,nIPC/GluN1
hft_ctx_w21_dc2r2_r2_CGATTTGCAGCTTACA,nIPC/GluN1
hft_ctx_w21_dc2r2_r2_CGCAAATTCTGTGCAG,nIPC/GluN1
hft_ctx_w21_dc2r2_r2_CGCAATAGTTGTTGCT,GluN3
hft_ctx_w21_dc2r2_r2_CGCAATCCAGACAAAC,nIPC/GluN1
hft_ctx_w21_dc2r2_r2_CGCAATGTCCTTGAGG,nIPC/GluN1
hft_ctx_w21_dc2r2_r2_CGCAATGTCGCTCACT,GluN4
hft_ctx_w21_dc2r2_r2_CGCAATTAGCAAACCT,nIPC/GluN1
hft_ctx_w21_dc2r2_r2_CGCACAATCATGCTCC,SP
hft_ctx_w21_dc2r2_r2_CGCACAATCTCACATT,GluN3
hft_ctx_w21_dc2r2_r2_CGCACCACAAAGCGCA,GluN2
hft_ctx_w21_dc2r2_r2_CGCACCACACTATGGC,GluN3
hft_ctx_w21_dc2r2_r2_CGCATATAGGAGGGTT,nIPC/GluN1
hft_ctx_w21_dc2r2_r2_CGCATATAGTTTGAGC,GluN4
hft_ctx_w21_dc2r2_r2_CGCATTACAGCTTAGC,nIPC/GluN1
hft_ctx_w21_dc2r2_r2_CGCATTACATAATCAC,nIPC/GluN1
hft_ctx_w21_dc2r2_r2_CGCATTACATTAGGTT,nIPC/GluN1
hft_ctx_w21_dc2r2_r2_CGCATTTGTTAATGAC,nIPC/GluN1
hft_ctx_w21_dc2r2_r2_CGCCACACAATCCCTT,GluN3
hft_ctx_w21_dc2r2_r2_CGCCTCATCGTGCCTT,nIPC/GluN1
hft_ctx_w21_dc2r2_r2_CGCCTGTGTATTGGTG,nIPC/GluN1
hft_ctx_w21_dc2r2_r2_CGCCTGTGTTTAACCC,Cyc. Prog.
hft_ctx_w21_dc2r2_r2_CGCGATTCACCTCAGG,Cyc. Prog.
hft_ctx_w21_dc2r2_r2_CGCTAACCAGCAAATA,nIPC/GluN1
hft_ctx_w21_dc2r2_r2_CGCTAACCATGCAACC,nIPC/GluN1
hft_ctx_w21_dc2r2_r2_CGCTAATAGGACAATG,nIPC/GluN1
hft_ctx_w21_dc2r2_r2_CGCTACTTCAGTTCCC,GluN5
hft_ctx_w21_dc2r2_r2_CGCTACTTCCAAGTTA,Cyc. Prog.
hft_ctx_w21_dc2r2_r2_CGCTACTTCCCTTGCG,GluN3
hft_ctx_w21_dc2r2_r2_CGCTATGAGATAACCC,nIPC/GluN1
hft_ctx_w21_dc2r2_r2_CGCTATGAGGCTATGT,GluN4
hft_ctx_w21_dc2r2_r2_CGCTCCATCCCTGTTA,GluN2
hft_ctx_w21_dc2r2_r2_CGCTGTGCACGGTTTA,GluN4
hft_ctx_w21_dc2r2_r2_CGCTGTGCAGGGAGGA,GluN3
hft_ctx_w21_dc2r2_r2_CGCTTACTCAGGTCCA,nIPC/GluN1
hft_ctx_w21_dc2r2_r2_CGCTTACTCCCTCAAC,nIPC/GluN1
hft_ctx_w21_dc2r2_r2_CGCTTCTAGATTGAGG,GluN2
hft_ctx_w21_dc2r2_r2_CGGACAACAGGTTAAA,SP
hft_ctx_w21_dc2r2_r2_CGGACCTAGATGGACA,nIPC/GluN1
hft_ctx_w21_dc2r2_r2_CGGAGCAAGACACTTA,nIPC/GluN1
hft_ctx_w21_dc2r2_r2_CGGATAAAGGCTAGAA,GluN3
hft_ctx_w21_dc2r2_r2_CGGATTAGTCCGTGAG,RG
hft_ctx_w21_dc2r2_r2_CGGATTAGTTCGCGCT,nIPC/GluN1
hft_ctx_w21_dc2r2_r2_CGGCAATGTCCGTGAG,GluN2
hft_ctx_w21_dc2r2_r2_CGGCAATGTGTTGTGA,GluN3
hft_ctx_w21_dc2r2_r2_CGGCCATAGCCTGTGA,nIPC/GluN1
hft_ctx_w21_dc2r2_r2_CGGCCATAGCGATAAG,nIPC/GluN1
hft_ctx_w21_dc2r2_r2_CGGCTCACAGGACCTT,GluN2
hft_ctx_w21_dc2r2_r2_CGGGCTTAGGAAACTG,Cyc. Prog.
hft_ctx_w21_dc2r2_r2_CGGGTATGTGCTTTAC,RG
hft_ctx_w21_dc2r2_r2_CGGGTCTAGGAGGCAT,Cyc. Prog.
hft_ctx_w21_dc2r2_r2_CGGGTCTAGTCACCAG,RG
hft_ctx_w21_dc2r2_r2_CGGTAACGTCACCTAT,GluN3
hft_ctx_w21_dc2r2_r2_CGGTGAGAGCACGTTG,GluN3
hft_ctx_w21_dc2r2_r2_CGGTGAGAGCTTAGTA,GluN2
hft_ctx_w21_dc2r2_r2_CGGTTATAGCATGGTT,nIPC/GluN1
hft_ctx_w21_dc2r2_r2_CGGTTGGGTTTACTTG,nIPC/GluN1
hft_ctx_w21_dc2r2_r2_CGGTTTGAGAATCTCA,nIPC/GluN1
hft_ctx_w21_dc2r2_r2_CGTAACCCAAACAACA,nIPC/GluN1
hft_ctx_w21_dc2r2_r2_CGTAACCCAGCACGTT,RG
hft_ctx_w21_dc2r2_r2_CGTAGCGGTTGCACGG,nIPC/GluN1
hft_ctx_w21_dc2r2_r2_CGTAGCGGTTGGCGTG,GluN2
hft_ctx_w21_dc2r2_r2_CGTAGCGGTTTATTCG,GluN2
hft_ctx_w21_dc2r2_r2_CGTCAATAGCGCAATT,SP
hft_ctx_w21_dc2r2_r2_CGTCCTAGTATTCGCT,GluN2
hft_ctx_w21_dc2r2_r2_CGTGACATCCTAGTCC,GluN3
hft_ctx_w21_dc2r2_r2_CGTGAGGAGGATTTGC,RG
hft_ctx_w21_dc2r2_r2_CGTGCACAGGATGATG,nIPC/GluN1
hft_ctx_w21_dc2r2_r2_CGTGCTGCACCTCGCT,RG
hft_ctx_w21_dc2r2_r2_CGTGCTGCAGCAGGTA,GluN2
hft_ctx_w21_dc2r2_r2_CGTGCTGCATTAAGCT,GluN2
hft_ctx_w21_dc2r2_r2_CGTGCTTTCCCTGTTA,nIPC/GluN1
hft_ctx_w21_dc2r2_r2_CGTGGTTCAGTAGGAT,GluN2
hft_ctx_w21_dc2r2_r2_CGTGTGTCAATTAAGG,GluN2
hft_ctx_w21_dc2r2_r2_CGTGTTACAGCATGTC,GluN2
hft_ctx_w21_dc2r2_r2_CGTGTTACAGTACCGT,RG
hft_ctx_w21_dc2r2_r2_CGTTAACAGCTTACTT,GluN4
hft_ctx_w21_dc2r2_r2_CGTTAACAGTTCCCAC,nIPC/GluN1
hft_ctx_w21_dc2r2_r2_CGTTAGGTCATGCTCC,RG
hft_ctx_w21_dc2r2_r2_CGTTAGGTCTCACATT,GluN3
hft_ctx_w21_dc2r2_r2_CGTTAGTAGGTGTCCA,RG
hft_ctx_w21_dc2r2_r2_CGTTGCAAGCTACTGG,nIPC/GluN1
hft_ctx_w21_dc2r2_r2_CGTTGCAAGGACCTGC,mGPC/OPC
hft_ctx_w21_dc2r2_r2_CGTTTCTCATTAAGTC,mGPC/OPC
hft_ctx_w21_dc2r2_r2_CTAACCTGTTAACGAT,GluN2
hft_ctx_w21_dc2r2_r2_CTAAGGTTCCTTGCGT,RG
hft_ctx_w21_dc2r2_r2_CTAATAGTCCTAACGG,GluN3
hft_ctx_w21_dc2r2_r2_CTAATAGTCGAGGAGT,mGPC/OPC
hft_ctx_w21_dc2r2_r2_CTAATCCGTATTGTCC,GluN4
hft_ctx_w21_dc2r2_r2_CTAATCGCAATCTCTC,nIPC/GluN1
hft_ctx_w21_dc2r2_r2_CTACCTCAGAGAGCCG,GluN3
hft_ctx_w21_dc2r2_r2_CTACCTCAGGTTAGCT,GluN2
hft_ctx_w21_dc2r2_r2_CTACCTCAGTTCCCAC,GluN3
hft_ctx_w21_dc2r2_r2_CTACTAAAGTAGAGGC,nIPC/GluN1
hft_ctx_w21_dc2r2_r2_CTACTTAGTTTGCTGT,GluN2
hft_ctx_w21_dc2r2_r2_CTAGATTCAGCATGTC,Cyc. Prog.
hft_ctx_w21_dc2r2_r2_CTAGATTCATCCAGGT,GluN4
hft_ctx_w21_dc2r2_r2_CTAGATTCATGACTAT,mGPC/OPC
hft_ctx_w21_dc2r2_r2_CTAGCGGGTAGCCTAA,nIPC/GluN1
hft_ctx_w21_dc2r2_r2_CTAGCTGAGGGACTAA,nIPC/GluN1
hft_ctx_w21_dc2r2_r2_CTAGCTTGTGCAATGC,nIPC/GluN1
hft_ctx_w21_dc2r2_r2_CTAGCTTGTTATGTGG,Cyc. Prog.
hft_ctx_w21_dc2r2_r2_CTAGGACGTGCTTTAC,GluN2
hft_ctx_w21_dc2r2_r2_CTAGGCGGTGGGAACA,GluN2
hft_ctx_w21_dc2r2_r2_CTAGTCGAGAAGGTGC,GluN2
hft_ctx_w21_dc2r2_r2_CTAGTCGAGTCAATCA,GluN2
hft_ctx_w21_dc2r2_r2_CTAGTCGAGTGTTGCG,GluN3
hft_ctx_w21_dc2r2_r2_CTAGTCGAGTTATGGC,nIPC/GluN1
hft_ctx_w21_dc2r2_r2_CTAGTGAGTTACATCC,nIPC/GluN1
hft_ctx_w21_dc2r2_r2_CTATGATCAATGAAGC,RG
hft_ctx_w21_dc2r2_r2_CTATTCAGTAAGCACC,nIPC/GluN1
hft_ctx_w21_dc2r2_r2_CTATTGAAGATAACCC,GluN2
hft_ctx_w21_dc2r2_r2_CTATTGAAGGGCCACT,GluN4
hft_ctx_w21_dc2r2_r2_CTATTGAAGTAGCCAT,GluN2
hft_ctx_w21_dc2r2_r2_CTCACAACACAATGTT,GluN2
hft_ctx_w21_dc2r2_r2_CTCACTCAGCAAGGTA,GluN2
hft_ctx_w21_dc2r2_r2_CTCACTCAGCGAGGTG,nIPC/GluN1
hft_ctx_w21_dc2r2_r2_CTCATCATCTTGACCC,nIPC/GluN1
hft_ctx_w21_dc2r2_r2_CTCATTTAGCACAGCC,GluN2
hft_ctx_w21_dc2r2_r2_CTCATTTAGTGCTGTG,nIPC/GluN1
hft_ctx_w21_dc2r2_r2_CTCCAAACATCAGTAT,RG
hft_ctx_w21_dc2r2_r2_CTCCGTCCAAATACCT,GluN4
hft_ctx_w21_dc2r2_r2_CTCCTCACAATCCTAG,nIPC/GluN1
hft_ctx_w21_dc2r2_r2_CTCCTCACAGTTAAAG,nIPC/GluN1
hft_ctx_w21_dc2r2_r2_CTCCTCACATCCCGCT,SP
hft_ctx_w21_dc2r2_r2_CTCGACAAGCCTGACA,GluN3
hft_ctx_w21_dc2r2_r2_CTCGACAAGGTCCACA,nIPC/GluN1
hft_ctx_w21_dc2r2_r2_CTCGCTCCACCTCGCT,GluN2
hft_ctx_w21_dc2r2_r2_CTCGTTATCCTCATGC,nIPC/GluN1
hft_ctx_w21_dc2r2_r2_CTCTAAGCAGGCGATA,nIPC/GluN1
hft_ctx_w21_dc2r2_r2_CTCTAGCTCAATGAGG,Cyc. Prog.
hft_ctx_w21_dc2r2_r2_CTCTAGCTCTCCATAT,nIPC/GluN1
hft_ctx_w21_dc2r2_r2_CTCTATGTCCTAAATG,mGPC/OPC
hft_ctx_w21_dc2r2_r2_CTCTATGTCTACCTGC,nIPC/GluN1
hft_ctx_w21_dc2r2_r2_CTGAAACTCGCTAGAT,RG
hft_ctx_w21_dc2r2_r2_CTGACATAGCATGGTT,nIPC/GluN1
hft_ctx_w21_dc2r2_r2_CTGACATAGGAACACA,GluN2
hft_ctx_w21_dc2r2_r2_CTGACATAGTATCGCG,GluN2
hft_ctx_w21_dc2r2_r2_CTGACCAAGCATTATG,nIPC/GluN1
hft_ctx_w21_dc2r2_r2_CTGACCAAGGACGTAA,Cyc. Prog.
hft_ctx_w21_dc2r2_r2_CTGATCACAACAGGAT,Cyc. Prog.
hft_ctx_w21_dc2r2_r2_CTGCAATAGAATCTCA,nIPC/GluN1
hft_ctx_w21_dc2r2_r2_CTGCAATAGAGAGGAG,GluN2
hft_ctx_w21_dc2r2_r2_CTGCAATAGTGTTGCG,GluN2
hft_ctx_w21_dc2r2_r2_CTGCTCCCATCTTGAG,RG
hft_ctx_w21_dc2r2_r2_CTGGATGTCAGAAACG,SP
hft_ctx_w21_dc2r2_r2_CTGGATGTCATCACTT,nIPC/GluN1
hft_ctx_w21_dc2r2_r2_CTGGATGTCATGCCTC,GluN2
hft_ctx_w21_dc2r2_r2_CTGGCTAAGCAAACCT,GluN3
hft_ctx_w21_dc2r2_r2_CTGGCTAAGGCGAATA,nIPC/GluN1
hft_ctx_w21_dc2r2_r2_CTGGTTTGTATTGCAG,nIPC/GluN1
hft_ctx_w21_dc2r2_r2_CTGTAACAGGTAACGA,nIPC/GluN1
hft_ctx_w21_dc2r2_r2_CTGTAACAGTTGGATC,GluN3
hft_ctx_w21_dc2r2_r2_CTGTGTGAGGAGGTTA,RG
hft_ctx_w21_dc2r2_r2_CTGTTAAAGTTATGGC,GluN3
hft_ctx_w21_dc2r2_r2_CTGTTCATCAGGAACA,GluN3
hft_ctx_w21_dc2r2_r2_CTGTTCATCGGTTTGG,RG
hft_ctx_w21_dc2r2_r2_CTTAAGGGTTGTTCAC,GluN4
hft_ctx_w21_dc2r2_r2_CTTAATGAGGACGTAA,GluN3
hft_ctx_w21_dc2r2_r2_CTTAATGAGGTATTGC,nIPC/GluN1
hft_ctx_w21_dc2r2_r2_CTTACCTCAAAGCTAA,SP
hft_ctx_w21_dc2r2_r2_CTTACTAGTGGCTTCC,nIPC/GluN1
hft_ctx_w21_dc2r2_r2_CTTAGTTTCATTATGG,GluN4
hft_ctx_w21_dc2r2_r2_CTTATTGGTTTAGCTC,nIPC/GluN1
hft_ctx_w21_dc2r2_r2_CTTATTGGTTTGCAGA,GluN3
hft_ctx_w21_dc2r2_r2_CTTCAATTCACCAATA,RG
hft_ctx_w21_dc2r2_r2_CTTCACTCAACACCTA,nIPC/GluN1
hft_ctx_w21_dc2r2_r2_CTTCGCGTCCGCCAAA,nIPC/GluN1
hft_ctx_w21_dc2r2_r2_CTTCGCGTCCTGATTT,GluN4
hft_ctx_w21_dc2r2_r2_CTTCTAAGTACAATGT,GluN3
hft_ctx_w21_dc2r2_r2_CTTCTAAGTGAACAAA,RG
hft_ctx_w21_dc2r2_r2_CTTCTCAAGAGGAGGA,nIPC/GluN1
hft_ctx_w21_dc2r2_r2_CTTCTCAAGGGCTTTG,GluN2
hft_ctx_w21_dc2r2_r2_CTTGAACAGTCACCTC,nIPC/GluN1
hft_ctx_w21_dc2r2_r2_CTTGAATCACCTAATG,mGPC/OPC
hft_ctx_w21_dc2r2_r2_CTTGGACCAGGATGGC,nIPC/GluN1
hft_ctx_w21_dc2r2_r2_CTTGGACCAGGTATTT,GluN3
hft_ctx_w21_dc2r2_r2_CTTGTAAAGCATGTCG,nIPC/GluN1
hft_ctx_w21_dc2r2_r2_CTTGTAAAGTCATTGA,GluN2
hft_ctx_w21_dc2r2_r2_CTTGTCCAGCACTTGG,SP
hft_ctx_w21_dc2r2_r2_CTTGTCCAGTAGCGCC,Cyc. Prog.
hft_ctx_w21_dc2r2_r2_CTTGTTCCAATTAAGG,nIPC/GluN1
hft_ctx_w21_dc2r2_r2_CTTGTTCCAGTAGGAT,mGPC/OPC
hft_ctx_w21_dc2r2_r2_CTTGTTTAGACTTATG,GluN2
hft_ctx_w21_dc2r2_r2_CTTTAGGCAAACAACA,Cyc. Prog.
hft_ctx_w21_dc2r2_r2_CTTTAGTTCTAGCGAT,mGPC/OPC
hft_ctx_w21_dc2r2_r2_CTTTAGTTCTTAGTCT,nIPC/GluN1
hft_ctx_w21_dc2r2_r2_CTTTATGGTCGTAATG,GluN4
hft_ctx_w21_dc2r2_r2_CTTTATGGTTCCTCCT,nIPC/GluN1
hft_ctx_w21_dc2r2_r2_CTTTGAGCAGTCTATG,GluN4
hft_ctx_w21_dc2r2_r2_CTTTGGGAGGACGTAA,nIPC/GluN1
hft_ctx_w21_dc2r2_r2_CTTTGGGAGGCATGAA,RG
hft_ctx_w21_dc2r2_r2_CTTTGTCCATAGCTGC,GluN4
hft_ctx_w21_dc2r2_r2_GAAACCCGTACTGAAT,GluN2
hft_ctx_w21_dc2r2_r2_GAAACTGAGCTCAAAC,nIPC/GluN1
hft_ctx_w21_dc2r2_r2_GAAACTGAGCTTTGTT,GluN4
hft_ctx_w21_dc2r2_r2_GAAAGGCTCACCATTT,nIPC/GluN1
hft_ctx_w21_dc2r2_r2_GAAAGGCTCAGCACCA,nIPC/GluN1
hft_ctx_w21_dc2r2_r2_GAAAGGCTCCTCATGC,GluN2
hft_ctx_w21_dc2r2_r2_GAACACAAGGATTTGC,nIPC/GluN1
hft_ctx_w21_dc2r2_r2_GAACACAAGTTATCCT,nIPC/GluN1
hft_ctx_w21_dc2r2_r2_GAACCAGCACGAATCC,nIPC/GluN1
hft_ctx_w21_dc2r2_r2_GAACCGCTCCCTGACT,GluN2
hft_ctx_w21_dc2r2_r2_GAACCTGTCGTCAAGT,RG
hft_ctx_w21_dc2r2_r2_GAACCTTAGCGCTCAA,nIPC/GluN1
hft_ctx_w21_dc2r2_r2_GAACCTTAGTCCTTTG,nIPC/GluN1
hft_ctx_w21_dc2r2_r2_GAACCTTAGTTATGTG,GluN3
hft_ctx_w21_dc2r2_r2_GAAGCCTGTTGGTTGA,GluN3
hft_ctx_w21_dc2r2_r2_GAAGCTAAGGGACCTC,GluN4
hft_ctx_w21_dc2r2_r2_GAAGGAACACCGTTCC,GluN2
hft_ctx_w21_dc2r2_r2_GAAGGATGTCCCGAAG,GluN2
hft_ctx_w21_dc2r2_r2_GAAGGATGTTACCTGT,nIPC/GluN1
hft_ctx_w21_dc2r2_r2_GAAGGCCCATTGTCCT,Cyc. Prog.
hft_ctx_w21_dc2r2_r2_GAAGGCTAGACCATAC,GluN4
hft_ctx_w21_dc2r2_r2_GAAGTATAGCGAGGTG,nIPC/GluN1
hft_ctx_w21_dc2r2_r2_GAAGTCAAGCGGATAA,GluN2
hft_ctx_w21_dc2r2_r2_GAAGTCAAGTAGCCAT,GluN4
hft_ctx_w21_dc2r2_r2_GAATTTGTCGGTACGC,GluN4
hft_ctx_w21_dc2r2_r2_GACAATACAGTAGGAT,SP
hft_ctx_w21_dc2r2_r2_GACACCGGTCCTAGTT,GluN3
hft_ctx_w21_dc2r2_r2_GACATAGAGAATGACG,GluN2
hft_ctx_w21_dc2r2_r2_GACCGAACATAGCGAG,GluN2
hft_ctx_w21_dc2r2_r2_GACCGTTCACCTGGTG,nIPC/GluN1
hft_ctx_w21_dc2r2_r2_GACCGTTCATCCATCT,RG
hft_ctx_w21_dc2r2_r2_GACCTAGTCCTGCGAA,GluN3
hft_ctx_w21_dc2r2_r2_GACCTCAAGAGGAGTC,RG
hft_ctx_w21_dc2r2_r2_GACCTGATCATCACTT,GluN4
hft_ctx_w21_dc2r2_r2_GACCTGCAGATAGACG,nIPC/GluN1
hft_ctx_w21_dc2r2_r2_GACCTGCAGCCGGTAC,GluN2
hft_ctx_w21_dc2r2_r2_GACCTGCAGGCCTTAG,RG
hft_ctx_w21_dc2r2_r2_GACTCACCACATTAAC,GluN3
hft_ctx_w21_dc2r2_r2_GACTCACCAGGATTAA,GluN3
hft_ctx_w21_dc2r2_r2_GACTCACCATAGTCAT,nIPC/GluN1
hft_ctx_w21_dc2r2_r2_GACTTACAGTATCGCG,mGPC/OPC
hft_ctx_w21_dc2r2_r2_GACTTAGGTTCGGTAA,nIPC/GluN1
hft_ctx_w21_dc2r2_r2_GACTTGGTCACAGGAA,nIPC/GluN1
hft_ctx_w21_dc2r2_r2_GAGAAACGTCGTTATC,nIPC/GluN1
hft_ctx_w21_dc2r2_r2_GAGAACCAGGACTTAC,GluN3
hft_ctx_w21_dc2r2_r2_GAGAACCAGTAAGGGC,GluN2
hft_ctx_w21_dc2r2_r2_GAGATAAGTCCAAATG,Cyc. Prog.
hft_ctx_w21_dc2r2_r2_GAGCAAATCATGCTTT,GluN3
hft_ctx_w21_dc2r2_r2_GAGCAAATCGCTATAA,GluN3
hft_ctx_w21_dc2r2_r2_GAGCATGCAGCAACCT,nIPC/GluN1
hft_ctx_w21_dc2r2_r2_GAGCCACTCCCTGTTA,GluN2
hft_ctx_w21_dc2r2_r2_GAGCCTTCAGGAATCG,nIPC/GluN1
hft_ctx_w21_dc2r2_r2_GAGCCTTCATACCCGG,GluN4
hft_ctx_w21_dc2r2_r2_GAGCGATAGCCTTAAA,nIPC/GluN1
hft_ctx_w21_dc2r2_r2_GAGCGGTCAAACCTTG,nIPC/GluN1
hft_ctx_w21_dc2r2_r2_GAGCGGTCAGGCTTGT,nIPC/GluN1
hft_ctx_w21_dc2r2_r2_GAGCGGTCATTAGGTT,Cyc. Prog.
hft_ctx_w21_dc2r2_r2_GAGCTAGCATTGTCAG,nIPC/GluN1
hft_ctx_w21_dc2r2_r2_GAGCTGCTCAAGTGAG,GluN5
hft_ctx_w21_dc2r2_r2_GAGGCAAGTCTTTGAC,nIPC/GluN1
hft_ctx_w21_dc2r2_r2_GAGGCAAGTGTGTCCC,nIPC/GluN1
hft_ctx_w21_dc2r2_r2_GAGGCAAGTTACCTGT,Cyc. Prog.
hft_ctx_w21_dc2r2_r2_GAGGCAAGTTAGCATG,GluN2
hft_ctx_w21_dc2r2_r2_GAGGCAAGTTGTTGGA,nIPC/GluN1
hft_ctx_w21_dc2r2_r2_GAGGGAGCATCACAGC,nIPC/GluN1
hft_ctx_w21_dc2r2_r2_GAGGGAGCATGAAATG,GluN3
hft_ctx_w21_dc2r2_r2_GAGGTAGGTTACGCAA,nIPC/GluN1
hft_ctx_w21_dc2r2_r2_GAGGTAGGTTAGGCTA,nIPC/GluN1
hft_ctx_w21_dc2r2_r2_GAGTAATAGCACAGGG,Cyc. Prog.
hft_ctx_w21_dc2r2_r2_GAGTAATAGTCAGGCC,mGPC/OPC
hft_ctx_w21_dc2r2_r2_GAGTATCTCGCACACA,GluN3
hft_ctx_w21_dc2r2_r2_GAGTCAAAGCTTCTCA,nIPC/GluN1
hft_ctx_w21_dc2r2_r2_GAGTCAAAGGTTTGCG,SP
hft_ctx_w21_dc2r2_r2_GAGTGATCAAACGCGA,mGPC/OPC
hft_ctx_w21_dc2r2_r2_GAGTTTGGTGAGGTGA,mGPC/OPC
hft_ctx_w21_dc2r2_r2_GATAAAGGTGAATCGC,nIPC/GluN1
hft_ctx_w21_dc2r2_r2_GATAAAGGTTCCAGGG,nIPC/GluN1
hft_ctx_w21_dc2r2_r2_GATAACGAGGAGGCAT,nIPC/GluN1
hft_ctx_w21_dc2r2_r2_GATAACGAGGATTGCT,nIPC/GluN1
hft_ctx_w21_dc2r2_r2_GATAATCGTCATTAGG,nIPC/GluN1
hft_ctx_w21_dc2r2_r2_GATAGACCAGCATGTC,mGPC/OPC
hft_ctx_w21_dc2r2_r2_GATAGACCATGAGCAG,GluN5
hft_ctx_w21_dc2r2_r2_GATCAAGAGACACTTA,GluN2
hft_ctx_w21_dc2r2_r2_GATCAAGAGCGGTTAT,nIPC/GluN1
hft_ctx_w21_dc2r2_r2_GATCACTAGGGTTATC,GluN3
hft_ctx_w21_dc2r2_r2_GATCACTAGTAGCGCC,GluN4
hft_ctx_w21_dc2r2_r2_GATCAGTTCCCTCAGT,GluN3
hft_ctx_w21_dc2r2_r2_GATCAGTTCCGGTTAG,GluN2
hft_ctx_w21_dc2r2_r2_GATCAGTTCTCAATTC,nIPC/GluN1
hft_ctx_w21_dc2r2_r2_GATCGATTCAAATCGC,nIPC/GluN1
hft_ctx_w21_dc2r2_r2_GATCGATTCATTTGCT,GluN2
hft_ctx_w21_dc2r2_r2_GATCGATTCCCTGACT,GluN3
hft_ctx_w21_dc2r2_r2_GATCGATTCGCAGGCT,Cyc. Prog.
hft_ctx_w21_dc2r2_r2_GATGACTTCATCCTGC,nIPC/GluN1
hft_ctx_w21_dc2r2_r2_GATGACTTCATGGTGT,nIPC/GluN1
hft_ctx_w21_dc2r2_r2_GATGCAGCATGAAATG,GluN2
hft_ctx_w21_dc2r2_r2_GATGCGACATAAGGAC,RG
hft_ctx_w21_dc2r2_r2_GATGCTTAGCCTGGTA,nIPC/GluN1
hft_ctx_w21_dc2r2_r2_GATTAAGCATGACTAT,RG
hft_ctx_w21_dc2r2_r2_GATTACGGTGATCAGC,GluN2
hft_ctx_w21_dc2r2_r2_GATTACTCAGGAACCA,Cyc. Prog.
hft_ctx_w21_dc2r2_r2_GATTAGTGTAACCAGC,nIPC/GluN1
hft_ctx_w21_dc2r2_r2_GATTCAATCGCTAGCA,Cyc. Prog.
hft_ctx_w21_dc2r2_r2_GATTCAGGTAGCTGGT,nIPC/GluN1
hft_ctx_w21_dc2r2_r2_GATTCAGGTCTAGCTT,GluN4
hft_ctx_w21_dc2r2_r2_GATTCCTGTAATAGCT,GluN2
hft_ctx_w21_dc2r2_r2_GATTGATGTAGTTGGC,nIPC/GluN1
hft_ctx_w21_dc2r2_r2_GATTGCAGTAACAGGG,nIPC/GluN1
hft_ctx_w21_dc2r2_r2_GATTGCAGTAATGGAA,GluN2
hft_ctx_w21_dc2r2_r2_GATTGCAGTAGGATTT,nIPC/GluN1
hft_ctx_w21_dc2r2_r2_GATTGCGTCAATTACG,nIPC/GluN1
hft_ctx_w21_dc2r2_r2_GATTGGCGTCATCCTG,GluN2
hft_ctx_w21_dc2r2_r2_GATTGGCGTGAGAAAC,SP
hft_ctx_w21_dc2r2_r2_GATTGGCGTGGATTCA,nIPC/GluN1
hft_ctx_w21_dc2r2_r2_GATTGGTTCGATTTGA,GluN3
hft_ctx_w21_dc2r2_r2_GATTGTTCAGGAATCG,GluN2
hft_ctx_w21_dc2r2_r2_GATTTGCAGCCTTAAA,GluN4
hft_ctx_w21_dc2r2_r2_GATTTGCAGGCCTTAG,nIPC/GluN1
hft_ctx_w21_dc2r2_r2_GATTTGCAGGCTACAT,RG
hft_ctx_w21_dc2r2_r2_GCAAACAAGTTAGCTA,mGPC/OPC
hft_ctx_w21_dc2r2_r2_GCAAACCGTACTGAAT,GluN3
hft_ctx_w21_dc2r2_r2_GCAAACTTCCTCCATA,GluN2
hft_ctx_w21_dc2r2_r2_GCAAACTTCGCACAAT,nIPC/GluN1
hft_ctx_w21_dc2r2_r2_GCAAGCCTCGAAGTGA,GluN2
hft_ctx_w21_dc2r2_r2_GCAAGTCGTGCACGCA,nIPC/GluN1
hft_ctx_w21_dc2r2_r2_GCAAGTGCAGACAAAC,nIPC/GluN1
hft_ctx_w21_dc2r2_r2_GCAATAGAGTAGGCGG,nIPC/GluN1
hft_ctx_w21_dc2r2_r2_GCAATCTAGCGGGCAA,nIPC/GluN1
hft_ctx_w21_dc2r2_r2_GCAATCTAGCGGTTAT,GluN2
hft_ctx_w21_dc2r2_r2_GCAATGAAGGAACACA,GluN3
hft_ctx_w21_dc2r2_r2_GCAATGTTCGGTTCCT,nIPC/GluN1
hft_ctx_w21_dc2r2_r2_GCACATTAGGCTACAT,GluN4
hft_ctx_w21_dc2r2_r2_GCACATTAGTAACCCG,nIPC/GluN1
hft_ctx_w21_dc2r2_r2_GCACATTAGTATTGCA,GluN4
hft_ctx_w21_dc2r2_r2_GCACGAACAAGGTATA,RG
hft_ctx_w21_dc2r2_r2_GCACGAACATCCTGAA,nIPC/GluN1
hft_ctx_w21_dc2r2_r2_GCACGGTTCCGTAAAC,GluN3
hft_ctx_w21_dc2r2_r2_GCACGGTTCCGTTATT,nIPC/GluN1
hft_ctx_w21_dc2r2_r2_GCACTAAGTAAGTCGC,nIPC/GluN1
hft_ctx_w21_dc2r2_r2_GCACTAAGTAATGGCC,nIPC/GluN1
hft_ctx_w21_dc2r2_r2_GCACTAAGTGGTTCCC,GluN2
hft_ctx_w21_dc2r2_r2_GCACTAAGTGTTGCTT,nIPC/GluN1
hft_ctx_w21_dc2r2_r2_GCAGCCAGTGAGAAAC,nIPC/GluN1
hft_ctx_w21_dc2r2_r2_GCAGCTATCAACCAAC,GluN4
hft_ctx_w21_dc2r2_r2_GCAGCTATCACTAGGT,GluN4
hft_ctx_w21_dc2r2_r2_GCAGGACCATACCCGG,GluN5
hft_ctx_w21_dc2r2_r2_GCAGGATAGCTCAATA,nIPC/GluN1
hft_ctx_w21_dc2r2_r2_GCAGGCAAGCTTTGGG,nIPC/GluN1
hft_ctx_w21_dc2r2_r2_GCATCCTTCCGTTATT,SP
hft_ctx_w21_dc2r2_r2_GCATGAAAGGAGCACG,nIPC/GluN1
hft_ctx_w21_dc2r2_r2_GCCAACATCAATCATG,GluN2
hft_ctx_w21_dc2r2_r2_GCCAATAGTACAAAGA,RG
hft_ctx_w21_dc2r2_r2_GCCAATAGTCGCAATA,GluN2
hft_ctx_w21_dc2r2_r2_GCCACAATCATGTGGT,GluN2
hft_ctx_w21_dc2r2_r2_GCCACAATCATGTTTC,GluN3
hft_ctx_w21_dc2r2_r2_GCCACACAGGTGAGAC,GluN4
hft_ctx_w21_dc2r2_r2_GCCACTAAGAGAAGGG,GluN2
hft_ctx_w21_dc2r2_r2_GCCACTAAGGAATAAC,RG
hft_ctx_w21_dc2r2_r2_GCCACTAAGGCATTAC,GluN3
hft_ctx_w21_dc2r2_r2_GCCACTAAGGCGGATG,GluN2
hft_ctx_w21_dc2r2_r2_GCCATTACAACCTGGT,RG
hft_ctx_w21_dc2r2_r2_GCCATTACAACTGGGA,GluN2
hft_ctx_w21_dc2r2_r2_GCCATTACAATAGCAA,nIPC/GluN1
hft_ctx_w21_dc2r2_r2_GCCATTACACAGAAAC,nIPC/GluN1
hft_ctx_w21_dc2r2_r2_GCCATTACAGAGGCTA,RG
hft_ctx_w21_dc2r2_r2_GCCCAAATCAATTGGC,RG
hft_ctx_w21_dc2r2_r2_GCCCATAAGGCATGTT,nIPC/GluN1
hft_ctx_w21_dc2r2_r2_GCCGTGAGTCCTCCAA,GluN2
hft_ctx_w21_dc2r2_r2_GCCGTGAGTTAGCGTA,SP
hft_ctx_w21_dc2r2_r2_GCCTAATAGCATGTTA,nIPC/GluN1
hft_ctx_w21_dc2r2_r2_GCCTCCATCAGGAAGC,GluN3
hft_ctx_w21_dc2r2_r2_GCCTCCATCATGCATA,nIPC/GluN1
hft_ctx_w21_dc2r2_r2_GCCTCGACAACCGCCA,RG
hft_ctx_w21_dc2r2_r2_GCCTGACAGGTGAAGC,GluN2
hft_ctx_w21_dc2r2_r2_GCCTGACAGGTTACAC,Cyc. Prog.
hft_ctx_w21_dc2r2_r2_GCCTGAGGTTATCCTA,nIPC/GluN1
hft_ctx_w21_dc2r2_r2_GCCTGCTGTCATCATC,GluN2
hft_ctx_w21_dc2r2_r2_GCCTGCTGTTGTCCAT,GluN2
hft_ctx_w21_dc2r2_r2_GCCTGTGCAACAGGAT,GluN2
hft_ctx_w21_dc2r2_r2_GCCTTAGAGGCTACTG,Cyc. Prog.
hft_ctx_w21_dc2r2_r2_GCCTTGCGTTTATCTG,GluN4
hft_ctx_w21_dc2r2_r2_GCCTTTATCATCCACC,nIPC/GluN1
hft_ctx_w21_dc2r2_r2_GCCTTTATCCTGGTGA,nIPC/GluN1
hft_ctx_w21_dc2r2_r2_GCCTTTGGTTGCAATG,GluN2
hft_ctx_w21_dc2r2_r2_GCGAAGCCAAGCCAGA,nIPC/GluN1
hft_ctx_w21_dc2r2_r2_GCGAAGCCACCAGGTT,RG
hft_ctx_w21_dc2r2_r2_GCGAAGTAGCCACAAT,nIPC/GluN1
hft_ctx_w21_dc2r2_r2_GCGAAGTAGGAACGCG,RG
hft_ctx_w21_dc2r2_r2_GCGAAGTAGGCTGTGC,nIPC/GluN1
hft_ctx_w21_dc2r2_r2_GCGAGTGAGAAAGCAT,nIPC/GluN1
hft_ctx_w21_dc2r2_r2_GCGAGTGAGCTGGCTA,RG
hft_ctx_w21_dc2r2_r2_GCGAGTGAGTAAACCC,nIPC/GluN1
hft_ctx_w21_dc2r2_r2_GCGATATTCGCTTCTA,nIPC/GluN1
hft_ctx_w21_dc2r2_r2_GCGATATTCTAAGTGC,GluN2
hft_ctx_w21_dc2r2_r2_GCGCAAACACCAGGTT,GluN2
hft_ctx_w21_dc2r2_r2_GCGCAATGTCACAGCG,nIPC/GluN1
hft_ctx_w21_dc2r2_r2_GCGCGATTCAGCCAAT,GluN2
hft_ctx_w21_dc2r2_r2_GCGCGATTCCCTCAGT,Cyc. Prog.
hft_ctx_w21_dc2r2_r2_GCGCTTAAGCAAGGTA,mGPC/OPC
hft_ctx_w21_dc2r2_r2_GCGCTTAAGGACCTCA,nIPC/GluN1
hft_ctx_w21_dc2r2_r2_GCGCTTGCACGAACAG,SP
hft_ctx_w21_dc2r2_r2_GCGCTTGCATAAGTTC,SP
hft_ctx_w21_dc2r2_r2_GCGGAACCAAACAACA,GluN2
hft_ctx_w21_dc2r2_r2_GCGGATACAATTGAGA,RG
hft_ctx_w21_dc2r2_r2_GCGGATACACTAAGAA,nIPC/GluN1
hft_ctx_w21_dc2r2_r2_GCGGATACATTAAGCT,nIPC/GluN1
hft_ctx_w21_dc2r2_r2_GCGGGTTTCTTGCAAA,GluN3
hft_ctx_w21_dc2r2_r2_GCGGGTTTCTTTAGGA,nIPC/GluN1
hft_ctx_w21_dc2r2_r2_GCGTAACGTCGCATAA,GluN3
hft_ctx_w21_dc2r2_r2_GCGTAACGTTAGACCA,GluN2
hft_ctx_w21_dc2r2_r2_GCGTGCTAGGCGCTAC,GluN3
hft_ctx_w21_dc2r2_r2_GCGTTTCTCTCCATAT,nIPC/GluN1
hft_ctx_w21_dc2r2_r2_GCTAAGCGTTAAGCGC,GluN3
hft_ctx_w21_dc2r2_r2_GCTAAGTTCTACCTGC,GluN3
hft_ctx_w21_dc2r2_r2_GCTAATATCCTGATTT,GluN2
hft_ctx_w21_dc2r2_r2_GCTAGCCAGTCGCTAG,nIPC/GluN1
hft_ctx_w21_dc2r2_r2_GCTAGCCAGTTTGAGC,GluN2
hft_ctx_w21_dc2r2_r2_GCTAGTGTCTTGTCCA,GluN2
hft_ctx_w21_dc2r2_r2_GCTATAGGTTTGGCGG,GluN3
hft_ctx_w21_dc2r2_r2_GCTATCCTCAGGTCCA,nIPC/GluN1
hft_ctx_w21_dc2r2_r2_GCTATCCTCCCGCATT,nIPC/GluN1
hft_ctx_w21_dc2r2_r2_GCTATTGCATTCAGCA,GluN3
hft_ctx_w21_dc2r2_r2_GCTCACAAGGCCTTAG,GluN2
hft_ctx_w21_dc2r2_r2_GCTCCTTAGGATTGCT,mGPC/OPC
hft_ctx_w21_dc2r2_r2_GCTCCTTAGGGCTTAT,GluN3
hft_ctx_w21_dc2r2_r2_GCTCTGGCAATAAGCA,GluN3
hft_ctx_w21_dc2r2_r2_GCTCTGGCACATAACT,mGPC/OPC
hft_ctx_w21_dc2r2_r2_GCTGACATCCACCCTG,mGPC/OPC
hft_ctx_w21_dc2r2_r2_GCTGACCAGTCCTGAG,nIPC/GluN1
hft_ctx_w21_dc2r2_r2_GCTGAGGAGTATCGCG,GluN3
hft_ctx_w21_dc2r2_r2_GCTGATCCATAGACCC,Cyc. Prog.
hft_ctx_w21_dc2r2_r2_GCTGCATCAATTAGCT,GluN3
hft_ctx_w21_dc2r2_r2_GCTGCATCACCAAAGG,GluN2
hft_ctx_w21_dc2r2_r2_GCTGCATCATAGCGAG,GluN3
hft_ctx_w21_dc2r2_r2_GCTGGATGTAGGTTTG,GluN2
hft_ctx_w21_dc2r2_r2_GCTGGATGTGGTTCTT,nIPC/GluN1
hft_ctx_w21_dc2r2_r2_GCTGGTTCAGGCAAGC,GluN2
hft_ctx_w21_dc2r2_r2_GCTGTAAGTGAGCACT,GluN2
hft_ctx_w21_dc2r2_r2_GCTGTAAGTGGGAACA,GluN4
hft_ctx_w21_dc2r2_r2_GCTGTGATCAAACCTA,nIPC/GluN1
hft_ctx_w21_dc2r2_r2_GCTGTGATCATTACGA,Cyc. Prog.
hft_ctx_w21_dc2r2_r2_GCTGTGATCCTGATGG,nIPC/GluN1
hft_ctx_w21_dc2r2_r2_GCTGTGCAGCTGCACA,GluN3
hft_ctx_w21_dc2r2_r2_GCTTAAATCCTGGTGA,GluN2
hft_ctx_w21_dc2r2_r2_GCTTAACAGACTAAGG,RG
hft_ctx_w21_dc2r2_r2_GCTTAACAGGAACCAA,GluN3
hft_ctx_w21_dc2r2_r2_GCTTAGTAGCAAGGTA,GluN5
hft_ctx_w21_dc2r2_r2_GCTTATCGTCCTTTAA,nIPC/GluN1
hft_ctx_w21_dc2r2_r2_GCTTCGCGTCATCATC,nIPC/GluN1
hft_ctx_w21_dc2r2_r2_GCTTGACCACTTGTTC,GluN2
hft_ctx_w21_dc2r2_r2_GCTTGACCAGTAAAGC,nIPC/GluN1
hft_ctx_w21_dc2r2_r2_GCTTGTTGTCTCAGCC,Cyc. Prog.
hft_ctx_w21_dc2r2_r2_GCTTGTTGTTAGGTGC,SP
hft_ctx_w21_dc2r2_r2_GCTTGTTGTTAGGTTG,GluN3
hft_ctx_w21_dc2r2_r2_GCTTTACGTCAAGTAT,GluN2
hft_ctx_w21_dc2r2_r2_GCTTTACGTTATAGCG,GluN4
hft_ctx_w21_dc2r2_r2_GCTTTGTGTTGCACGG,nIPC/GluN1
hft_ctx_w21_dc2r2_r2_GGAACAATCACAGCCA,nIPC/GluN1
hft_ctx_w21_dc2r2_r2_GGAACCACATAGCGGA,GluN4
hft_ctx_w21_dc2r2_r2_GGAACCTGTTAGCAGC,RG
hft_ctx_w21_dc2r2_r2_GGAACTAAGCTGAGGG,nIPC/GluN1
hft_ctx_w21_dc2r2_r2_GGAACTAAGTCGCTAG,mGPC/OPC
hft_ctx_w21_dc2r2_r2_GGAAGTATCGATTTGA,nIPC/GluN1
hft_ctx_w21_dc2r2_r2_GGACATAAGGAGGACT,GluN4
hft_ctx_w21_dc2r2_r2_GGACCGAAGCAGCTAT,RG
hft_ctx_w21_dc2r2_r2_GGACCTCAGAGAGCCG,nIPC/GluN1
hft_ctx_w21_dc2r2_r2_GGACGAAGTTACCTGT,GluN2
hft_ctx_w21_dc2r2_r2_GGACGGATCACTCAAA,nIPC/GluN1
hft_ctx_w21_dc2r2_r2_GGACGGATCGATTTAG,nIPC/GluN1
hft_ctx_w21_dc2r2_r2_GGACGGATCGTTTCCA,GluN2
hft_ctx_w21_dc2r2_r2_GGACTAAAGGACCTGC,mGPC/OPC
hft_ctx_w21_dc2r2_r2_GGAGCATAGGTGAGAC,GluN3
hft_ctx_w21_dc2r2_r2_GGAGCGATCCTGAGTG,RG
hft_ctx_w21_dc2r2_r2_GGAGGTTAGGCGCTTA,nIPC/GluN1
hft_ctx_w21_dc2r2_r2_GGAGGTTAGTATCGCG,nIPC/GluN1
hft_ctx_w21_dc2r2_r2_GGATACTTCATGTGGT,nIPC/GluN1
hft_ctx_w21_dc2r2_r2_GGATACTTCCGCATGA,mGPC/OPC
hft_ctx_w21_dc2r2_r2_GGATGAATCCCGTTGT,nIPC/GluN1
hft_ctx_w21_dc2r2_r2_GGATGGCCAACGTGCT,nIPC/GluN1
hft_ctx_w21_dc2r2_r2_GGATGGCCATCCATCT,GluN3
hft_ctx_w21_dc2r2_r2_GGATGTAAGACAGGTA,nIPC/GluN1
hft_ctx_w21_dc2r2_r2_GGATTATGTTAAGCCA,nIPC/GluN1
hft_ctx_w21_dc2r2_r2_GGATTCAGTAAAGCGG,nIPC/GluN1
hft_ctx_w21_dc2r2_r2_GGATTGCGTACGGTAC,nIPC/GluN1
hft_ctx_w21_dc2r2_r2_GGATTGCGTGGCTTCC,Cyc. Prog.
hft_ctx_w21_dc2r2_r2_GGCAAATCACAAAGAC,nIPC/GluN1
hft_ctx_w21_dc2r2_r2_GGCAAATCAGTTTGGC,GluN2
hft_ctx_w21_dc2r2_r2_GGCAGGATCAGGAACA,nIPC/GluN1
hft_ctx_w21_dc2r2_r2_GGCAGGATCCAGCACA,nIPC/GluN1
hft_ctx_w21_dc2r2_r2_GGCCAACTCAAAGGCA,GluN4
hft_ctx_w21_dc2r2_r2_GGCCATCAGGCAAGTA,RG
hft_ctx_w21_dc2r2_r2_GGCCGTTAGCTAAAGG,nIPC/GluN1
hft_ctx_w21_dc2r2_r2_GGCCGTTAGGTAGCTT,nIPC/GluN1
hft_ctx_w21_dc2r2_r2_GGCCGTTAGTCAATTG,GluN3
hft_ctx_w21_dc2r2_r2_GGCCGTTAGTTGTCCC,GluN2
hft_ctx_w21_dc2r2_r2_GGCCTTAAGACCATAC,GluN2
hft_ctx_w21_dc2r2_r2_GGCCTTAAGCACCACA,GluN2
hft_ctx_w21_dc2r2_r2_GGCCTTAAGCTCAATA,nIPC/GluN1
hft_ctx_w21_dc2r2_r2_GGCCTTCGTAAGCTTG,nIPC/GluN1
hft_ctx_w21_dc2r2_r2_GGCGATACAAGCTTTG,GluN4
hft_ctx_w21_dc2r2_r2_GGCGATACACGTGCTG,nIPC/GluN1
hft_ctx_w21_dc2r2_r2_GGCGATACATTAAGTC,mGPC/OPC
hft_ctx_w21_dc2r2_r2_GGCGCTAGTTCGCTCA,nIPC/GluN1
hft_ctx_w21_dc2r2_r2_GGCGCTAGTTGCTTCG,nIPC/GluN1
hft_ctx_w21_dc2r2_r2_GGCGGTAAGGAAGTAT,GluN2
hft_ctx_w21_dc2r2_r2_GGCTAGACAGACAAAC,mGPC/OPC
hft_ctx_w21_dc2r2_r2_GGCTAGACAGGCTTCG,RG
hft_ctx_w21_dc2r2_r2_GGCTAGACATAGTCAT,GluN4
hft_ctx_w21_dc2r2_r2_GGCTAGACATATTGAC,GluN2
hft_ctx_w21_dc2r2_r2_GGCTCACAGGAACCGG,GluN4
hft_ctx_w21_dc2r2_r2_GGCTGAGAGCATGAAG,GluN3
hft_ctx_w21_dc2r2_r2_GGCTGAGAGCTGCACA,nIPC/GluN1
hft_ctx_w21_dc2r2_r2_GGCTGAGAGTCGCTAG,mGPC/OPC
hft_ctx_w21_dc2r2_r2_GGCTGGTTCGTTAGCG,nIPC/GluN1
hft_ctx_w21_dc2r2_r2_GGCTTAAGTGTGCAAC,GluN2
hft_ctx_w21_dc2r2_r2_GGGAGTAGTAAGCACC,nIPC/GluN1
hft_ctx_w21_dc2r2_r2_GGGAGTAGTCTAGCTT,GluN4
hft_ctx_w21_dc2r2_r2_GGGCAATAGCAAGATG,GluN4
hft_ctx_w21_dc2r2_r2_GGGCAATAGTCATCCC,GluN4
hft_ctx_w21_dc2r2_r2_GGGCATGAGTCACCAG,nIPC/GluN1
hft_ctx_w21_dc2r2_r2_GGGCCTAGTTCCTCCT,nIPC/GluN1
hft_ctx_w21_dc2r2_r2_GGGCGAATCTCTAGCC,nIPC/GluN1
hft_ctx_w21_dc2r2_r2_GGGTATTTCCGGTTGA,SP
hft_ctx_w21_dc2r2_r2_GGGTCAACAAACAACA,GluN3
hft_ctx_w21_dc2r2_r2_GGGTCACTCCACCTGT,RG
hft_ctx_w21_dc2r2_r2_GGGTCACTCCCTCATA,GluN2
hft_ctx_w21_dc2r2_r2_GGGTCACTCGTTACAA,GluN2
hft_ctx_w21_dc2r2_r2_GGGTCACTCTGGTCCT,GluN4
hft_ctx_w21_dc2r2_r2_GGGTCACTCTTGTCCA,GluN2
hft_ctx_w21_dc2r2_r2_GGGTGAAGTACAATGT,nIPC/GluN1
hft_ctx_w21_dc2r2_r2_GGGTTTCCAGGCTGTT,nIPC/GluN1
hft_ctx_w21_dc2r2_r2_GGGTTTGTCGAGCTAT,GluN4
hft_ctx_w21_dc2r2_r2_GGGTTTGTCGCAACAT,Cyc. Prog.
hft_ctx_w21_dc2r2_r2_GGTAACCGTCACTCGC,Cyc. Prog.
hft_ctx_w21_dc2r2_r2_GGTAACTTCGAGGAAC,nIPC/GluN1
hft_ctx_w21_dc2r2_r2_GGTAACTTCGATTTGA,nIPC/GluN1
hft_ctx_w21_dc2r2_r2_GGTAAGGGTACGGTAC,GluN4
hft_ctx_w21_dc2r2_r2_GGTAATTGTCATCAAG,nIPC/GluN1
hft_ctx_w21_dc2r2_r2_GGTACAAAGCGAGTAA,nIPC/GluN1
hft_ctx_w21_dc2r2_r2_GGTACAAAGGTCATTA,GluN3
hft_ctx_w21_dc2r2_r2_GGTACCGGTAATGGAA,GluN3
hft_ctx_w21_dc2r2_r2_GGTACCGGTCAGGCAT,nIPC/GluN1
hft_ctx_w21_dc2r2_r2_GGTACCGGTGTTTGAG,nIPC/GluN1
hft_ctx_w21_dc2r2_r2_GGTACTAGTACAAAGA,GluN2
hft_ctx_w21_dc2r2_r2_GGTACTTAGTAAGGGC,GluN2
hft_ctx_w21_dc2r2_r2_GGTAGGAGTCTCAGCC,RG
hft_ctx_w21_dc2r2_r2_GGTAGGAGTTACAAAC,nIPC/GluN1
hft_ctx_w21_dc2r2_r2_GGTATTGGTAATAGCT,GluN3
hft_ctx_w21_dc2r2_r2_GGTATTTCAACAGGTG,mGPC/OPC
hft_ctx_w21_dc2r2_r2_GGTATTTCAGTCTAGC,nIPC/GluN1
hft_ctx_w21_dc2r2_r2_GGTATTTCATCCTGAA,nIPC/GluN1
hft_ctx_w21_dc2r2_r2_GGTCAAGCATTAAGTC,GluN3
hft_ctx_w21_dc2r2_r2_GGTCAATTCTACCTCA,RG
hft_ctx_w21_dc2r2_r2_GGTCAGGAGCTAATCA,GluN3
hft_ctx_w21_dc2r2_r2_GGTCCATCAATTAGCT,Cyc. Prog.
hft_ctx_w21_dc2r2_r2_GGTCCATCACAAGCCT,nIPC/GluN1
hft_ctx_w21_dc2r2_r2_GGTCCATCATAATTGC,GluN2
hft_ctx_w21_dc2r2_r2_GGTCCATCATAGCGGA,nIPC/GluN1
hft_ctx_w21_dc2r2_r2_GGTCCTGCAACCTAAT,Cyc. Prog.
hft_ctx_w21_dc2r2_r2_GGTCCTGCATCCCGCT,nIPC/GluN1
hft_ctx_w21_dc2r2_r2_GGTCTTGAGAATGACG,Cyc. Prog.
hft_ctx_w21_dc2r2_r2_GGTCTTGAGGGCCACT,RG
hft_ctx_w21_dc2r2_r2_GGTCTTGAGGTGAAGC,RG
hft_ctx_w21_dc2r2_r2_GGTGAGTAGCTGTAAC,nIPC/GluN1
hft_ctx_w21_dc2r2_r2_GGTGAGTAGTTTGCGG,GluN2
hft_ctx_w21_dc2r2_r2_GGTGATTTCAGGCTAT,nIPC/GluN1
hft_ctx_w21_dc2r2_r2_GGTGATTTCCAGGTTG,nIPC/GluN1
hft_ctx_w21_dc2r2_r2_GGTGCTGGTACAAAGA,GluN2
hft_ctx_w21_dc2r2_r2_GGTGCTGGTGATTTGG,nIPC/GluN1
hft_ctx_w21_dc2r2_r2_GGTGCTTCACAATTAC,mGPC/OPC
hft_ctx_w21_dc2r2_r2_GGTGCTTCATAATCCG,RG
hft_ctx_w21_dc2r2_r2_GGTGTCCAGAGAGCCG,GluN2
hft_ctx_w21_dc2r2_r2_GGTGTCCAGTAACCAC,GluN4
hft_ctx_w21_dc2r2_r2_GGTGTTGTCAATCTCT,nIPC/GluN1
hft_ctx_w21_dc2r2_r2_GGTTAATGTAGCAGCT,nIPC/GluN1
hft_ctx_w21_dc2r2_r2_GGTTAATGTTCAAGAT,GluN2
hft_ctx_w21_dc2r2_r2_GGTTACCCACAGAACG,RG
hft_ctx_w21_dc2r2_r2_GGTTACCCATGTCAAT,GluN4
hft_ctx_w21_dc2r2_r2_GGTTACTAGCAGGCCT,GluN4
hft_ctx_w21_dc2r2_r2_GGTTAGCGTGTCCAGG,GluN3
hft_ctx_w21_dc2r2_r2_GGTTATATCTGTGCCT,GluN4
hft_ctx_w21_dc2r2_r2_GGTTGACGTGGTTCCC,RG
hft_ctx_w21_dc2r2_r2_GGTTGAGCAATCCTAG,GluN4
hft_ctx_w21_dc2r2_r2_GGTTGAGCAGAAATGC,nIPC/GluN1
hft_ctx_w21_dc2r2_r2_GGTTGCATCATTGTTC,GluN3
hft_ctx_w21_dc2r2_r2_GGTTGCATCCGTCCAT,GluN2
hft_ctx_w21_dc2r2_r2_GGTTGCGGTTACTTGC,nIPC/GluN1
hft_ctx_w21_dc2r2_r2_GGTTGCTCACAGGGAC,nIPC/GluN1
hft_ctx_w21_dc2r2_r2_GGTTGCTCAGTTAAAG,RG
hft_ctx_w21_dc2r2_r2_GGTTGGTGTACTGATG,RG
hft_ctx_w21_dc2r2_r2_GGTTTAATCAGGTCCA,RG
hft_ctx_w21_dc2r2_r2_GGTTTCTGTCCCGGAA,GluN2
hft_ctx_w21_dc2r2_r2_GTAAAGCCAATCTCTC,nIPC/GluN1
hft_ctx_w21_dc2r2_r2_GTAAAGCCATCTAGCA,mGPC/OPC
hft_ctx_w21_dc2r2_r2_GTAAGCAAGTGAGCAA,GluN4
hft_ctx_w21_dc2r2_r2_GTAAGCGCAATAATGG,SP
hft_ctx_w21_dc2r2_r2_GTAAGCGCAGCTTAAT,nIPC/GluN1
hft_ctx_w21_dc2r2_r2_GTAAGCGCATAGCTGC,GluN3
hft_ctx_w21_dc2r2_r2_GTAAGCTTCGTCATTT,RG
hft_ctx_w21_dc2r2_r2_GTAAGGTCAGGAACTG,GluN4
hft_ctx_w21_dc2r2_r2_GTAATAGCAGTCTAGC,GluN5
hft_ctx_w21_dc2r2_r2_GTAATAGCATTCCTCG,mGPC/OPC
hft_ctx_w21_dc2r2_r2_GTACCTTGTCAATAGT,GluN2
hft_ctx_w21_dc2r2_r2_GTACCTTGTTATCCTA,GluN3
hft_ctx_w21_dc2r2_r2_GTACGTAGTATTGAGT,GluN3
hft_ctx_w21_dc2r2_r2_GTACGTAGTATTGGTG,GluN3
hft_ctx_w21_dc2r2_r2_GTACGTAGTGTGAGAG,nIPC/GluN1
hft_ctx_w21_dc2r2_r2_GTACGTAGTTACTTGC,GluN2
hft_ctx_w21_dc2r2_r2_GTACTAGGTGGATGTC,RG
hft_ctx_w21_dc2r2_r2_GTACTAGGTTGAGCCG,GluN2
hft_ctx_w21_dc2r2_r2_GTACTGGTCAATGTCA,GluN2
hft_ctx_w21_dc2r2_r2_GTACTGGTCACTAAGC,RG
hft_ctx_w21_dc2r2_r2_GTACTGGTCATTACAG,GluN2
hft_ctx_w21_dc2r2_r2_GTACTTAAGGACCGCT,GluN3
hft_ctx_w21_dc2r2_r2_GTACTTCGTCAATGTG,nIPC/GluN1
hft_ctx_w21_dc2r2_r2_GTAGCCATCGGTTCCT,RG
hft_ctx_w21_dc2r2_r2_GTAGGAGGTCCCGAAG,nIPC/GluN1
hft_ctx_w21_dc2r2_r2_GTAGGAGGTGCATTTC,RG
hft_ctx_w21_dc2r2_r2_GTAGGCGAGAGGAGGA,GluN2
hft_ctx_w21_dc2r2_r2_GTAGTTATCTCACAAA,GluN3
hft_ctx_w21_dc2r2_r2_GTAGTTTCAGCACGTT,Cyc. Prog.
hft_ctx_w21_dc2r2_r2_GTATCGCCATGAAATG,nIPC/GluN1
hft_ctx_w21_dc2r2_r2_GTATGTGGTGATGAAA,GluN2
hft_ctx_w21_dc2r2_r2_GTATGTGGTGCGCGTA,GluN4
hft_ctx_w21_dc2r2_r2_GTATGTTCACAGGATG,nIPC/GluN1
hft_ctx_w21_dc2r2_r2_GTATGTTCATTAGCCA,GluN4
hft_ctx_w21_dc2r2_r2_GTATTGATCGGGATTT,nIPC/GluN1
hft_ctx_w21_dc2r2_r2_GTATTGTCACAGCCAT,nIPC/GluN1
hft_ctx_w21_dc2r2_r2_GTCAAACTCCGGAACC,GluN2
hft_ctx_w21_dc2r2_r2_GTCAGGCTCCGCCTCA,nIPC/GluN1
hft_ctx_w21_dc2r2_r2_GTCAGGCTCGGCCAGT,Cyc. Prog.
hft_ctx_w21_dc2r2_r2_GTCAGGCTCGTTTCGC,GluN4
hft_ctx_w21_dc2r2_r2_GTCATGAGTCGTAATG,nIPC/GluN1
hft_ctx_w21_dc2r2_r2_GTCATGCCACAATTAC,nIPC/GluN1
hft_ctx_w21_dc2r2_r2_GTCATTAAGGCGGATG,GluN4
hft_ctx_w21_dc2r2_r2_GTCATTAAGGGTGAGT,nIPC/GluN1
hft_ctx_w21_dc2r2_r2_GTCATTAAGTTGGCCA,nIPC/GluN1
hft_ctx_w21_dc2r2_r2_GTCCAAGTCCTTGCGT,GluN2
hft_ctx_w21_dc2r2_r2_GTCCAGGGTGATTTGG,GluN3
hft_ctx_w21_dc2r2_r2_GTCCAGGGTTCGCTCA,nIPC/GluN1
hft_ctx_w21_dc2r2_r2_GTCCAGGGTTTGCTGT,mGPC/OPC
hft_ctx_w21_dc2r2_r2_GTCCATTGTAATAACC,nIPC/GluN1
hft_ctx_w21_dc2r2_r2_GTCCGTAAGCCGCTTT,nIPC/GluN1
hft_ctx_w21_dc2r2_r2_GTCCTAGAGCCGCAGT,RG
hft_ctx_w21_dc2r2_r2_GTCCTAGAGGGATGCG,mGPC/OPC
hft_ctx_w21_dc2r2_r2_GTCCTAGAGTCAGTAC,GluN2
hft_ctx_w21_dc2r2_r2_GTCCTCAGTAACCTAG,GluN2
hft_ctx_w21_dc2r2_r2_GTCCTCCCAACTAGGG,nIPC/GluN1
hft_ctx_w21_dc2r2_r2_GTCCTCCCAAGCTAAA,RG
hft_ctx_w21_dc2r2_r2_GTCCTCCCAGGAATCG,nIPC/GluN1
hft_ctx_w21_dc2r2_r2_GTCGAGGAGTGAACAG,nIPC/GluN1
hft_ctx_w21_dc2r2_r2_GTCGGTTCAGCACGAA,GluN2
hft_ctx_w21_dc2r2_r2_GTCGGTTCAGCTTACA,GluN3
hft_ctx_w21_dc2r2_r2_GTCTAACAGCAAGGAC,nIPC/GluN1
hft_ctx_w21_dc2r2_r2_GTCTAACAGGATCCGC,GluN4
hft_ctx_w21_dc2r2_r2_GTCTAGCCATTAGGTT,GluN4
hft_ctx_w21_dc2r2_r2_GTCTATCGTAGTTAAC,nIPC/GluN1
hft_ctx_w21_dc2r2_r2_GTCTATGCATAATCAC,nIPC/GluN1
hft_ctx_w21_dc2r2_r2_GTCTCACTCGGGCCAT,GluN2
hft_ctx_w21_dc2r2_r2_GTCTTTAGTAGCCTAA,nIPC/GluN1
hft_ctx_w21_dc2r2_r2_GTGAGCGAGAAAGGAA,nIPC/GluN1
hft_ctx_w21_dc2r2_r2_GTGAGCGAGCACCACA,GluN3
hft_ctx_w21_dc2r2_r2_GTGAGCGAGCCGCTAA,GluN2
hft_ctx_w21_dc2r2_r2_GTGAGGAGTAGGATCC,GluN3
hft_ctx_w21_dc2r2_r2_GTGAGGAGTTAACAGT,nIPC/GluN1
hft_ctx_w21_dc2r2_r2_GTGATCAGTAACCTAG,nIPC/GluN1
hft_ctx_w21_dc2r2_r2_GTGATCAGTAAGCACC,GluN2
hft_ctx_w21_dc2r2_r2_GTGATCAGTATTGGAT,GluN3
hft_ctx_w21_dc2r2_r2_GTGATCAGTATTTGCC,GluN5
hft_ctx_w21_dc2r2_r2_GTGATCAGTTCGCGCT,GluN2
hft_ctx_w21_dc2r2_r2_GTGATCAGTTTACTTG,RG
hft_ctx_w21_dc2r2_r2_GTGCAAGCATTATGGT,nIPC/GluN1
hft_ctx_w21_dc2r2_r2_GTGCATTAGGACCTGC,GluN3
hft_ctx_w21_dc2r2_r2_GTGCATTAGGCATGTT,RG
hft_ctx_w21_dc2r2_r2_GTGCATTAGTCCTGAG,nIPC/GluN1
hft_ctx_w21_dc2r2_r2_GTGCGCAGTAGTAAGA,mGPC/OPC
hft_ctx_w21_dc2r2_r2_GTGCGCAGTCACAGCG,nIPC/GluN1
hft_ctx_w21_dc2r2_r2_GTGCGGTTCAATTACG,GluN2
hft_ctx_w21_dc2r2_r2_GTGCTCAAGGAGGGTT,nIPC/GluN1
hft_ctx_w21_dc2r2_r2_GTGCTCAAGGTTACGT,nIPC/GluN1
hft_ctx_w21_dc2r2_r2_GTGCTGATCCTCAGTC,GluN3
hft_ctx_w21_dc2r2_r2_GTGCTGATCGGTCAGC,nIPC/GluN1
hft_ctx_w21_dc2r2_r2_GTGCTTACATGCTCCC,nIPC/GluN1
hft_ctx_w21_dc2r2_r2_GTGCTTCTCAGGCTAT,nIPC/GluN1
hft_ctx_w21_dc2r2_r2_GTGGACACAAATATCC,GluN4
hft_ctx_w21_dc2r2_r2_GTGGACACATTAAACC,GluN2
hft_ctx_w21_dc2r2_r2_GTGGATGCAAGACTCC,GluN2
hft_ctx_w21_dc2r2_r2_GTGGATGCATTGTGTG,mGPC/OPC
hft_ctx_w21_dc2r2_r2_GTGGCTTCAGTGAACG,RG
hft_ctx_w21_dc2r2_r2_GTGTAACTCGGCTATG,SP
hft_ctx_w21_dc2r2_r2_GTGTAACTCTAACCTT,nIPC/GluN1
hft_ctx_w21_dc2r2_r2_GTGTGCGGTTAGGATT,GluN4
hft_ctx_w21_dc2r2_r2_GTGTGTTAGCGAGGTG,GluN2
hft_ctx_w21_dc2r2_r2_GTGTGTTAGGACAACA,GluN2
hft_ctx_w21_dc2r2_r2_GTGTTACAGGACTAAG,GluN4
hft_ctx_w21_dc2r2_r2_GTTAAACGTTATTGCC,nIPC/GluN1
hft_ctx_w21_dc2r2_r2_GTTAAACGTTGCTTCG,GluN4
hft_ctx_w21_dc2r2_r2_GTTAACCAGTCCTGAG,GluN4
hft_ctx_w21_dc2r2_r2_GTTAACGGTGTCCAGG,RG
hft_ctx_w21_dc2r2_r2_GTTAAGCTCGTTAGTA,nIPC/GluN1
hft_ctx_w21_dc2r2_r2_GTTAAGTGTATCTGGA,GluN3
hft_ctx_w21_dc2r2_r2_GTTAAGTGTATTGCAG,GluN2
hft_ctx_w21_dc2r2_r2_GTTAAGTGTGCTTACT,nIPC/GluN1
hft_ctx_w21_dc2r2_r2_GTTAATGTCACTAAGC,nIPC/GluN1
hft_ctx_w21_dc2r2_r2_GTTAATGTCAGAAACG,RG
hft_ctx_w21_dc2r2_r2_GTTAATGTCTGTGCAG,GluN2
hft_ctx_w21_dc2r2_r2_GTTACAGGTTGGCCGA,nIPC/GluN1
hft_ctx_w21_dc2r2_r2_GTTACGCCAAGGGTTG,nIPC/GluN1
hft_ctx_w21_dc2r2_r2_GTTACGCCATAATCAC,nIPC/GluN1
hft_ctx_w21_dc2r2_r2_GTTACGTAGCACAGCC,GluN2
hft_ctx_w21_dc2r2_r2_GTTACTAAGCCACAAT,GluN3
hft_ctx_w21_dc2r2_r2_GTTACTAAGTGCACGC,GluN2
hft_ctx_w21_dc2r2_r2_GTTAGGCGTGTCCAAA,nIPC/GluN1
hft_ctx_w21_dc2r2_r2_GTTCACCTCCATCAGG,RG
hft_ctx_w21_dc2r2_r2_GTTCATTTCCGCAAGC,nIPC/GluN1
hft_ctx_w21_dc2r2_r2_GTTCCTGGTTGTAACG,nIPC/GluN1
hft_ctx_w21_dc2r2_r2_GTTCCTTCAAGTCGCT,nIPC/GluN1
hft_ctx_w21_dc2r2_r2_GTTCGCGCAGCAAATA,nIPC/GluN1
hft_ctx_w21_dc2r2_r2_GTTCGCGCAGGAACAT,nIPC/GluN1
hft_ctx_w21_dc2r2_r2_GTTCGCGCAGTTTACG,GluN2
hft_ctx_w21_dc2r2_r2_GTTCGCGCATGAAATG,RG
hft_ctx_w21_dc2r2_r2_GTTCTCATCAAAGGCA,GluN2
hft_ctx_w21_dc2r2_r2_GTTCTCATCGAAGCGG,GluN2
hft_ctx_w21_dc2r2_r2_GTTCTTAGTGTGAGAG,GluN3
hft_ctx_w21_dc2r2_r2_GTTCTTGTCATCCTAT,RG
hft_ctx_w21_dc2r2_r2_GTTCTTGTCGGTTAGT,Cyc. Prog.
hft_ctx_w21_dc2r2_r2_GTTGCATAGCGCATTG,GluN2
hft_ctx_w21_dc2r2_r2_GTTGCATAGTGTGATC,nIPC/GluN1
hft_ctx_w21_dc2r2_r2_GTTGCGGGTCCTTCTC,GluN2
hft_ctx_w21_dc2r2_r2_GTTGCGGGTGTTGTAG,GluN2
hft_ctx_w21_dc2r2_r2_GTTGCTGAGCGCATTG,nIPC/GluN1
hft_ctx_w21_dc2r2_r2_GTTGCTGAGTTATGGC,RG
hft_ctx_w21_dc2r2_r2_GTTGGAGCAACTAGGG,GluN4
hft_ctx_w21_dc2r2_r2_GTTGGAGCAGTGAACG,GluN4
hft_ctx_w21_dc2r2_r2_GTTGGAGCATAGCGAG,RG
hft_ctx_w21_dc2r2_r2_GTTGGCCAGGTTACAC,GluN2
hft_ctx_w21_dc2r2_r2_GTTGGCGGTTCAAGCA,GluN2
hft_ctx_w21_dc2r2_r2_GTTGGCGGTTTATCTG,nIPC/GluN1
hft_ctx_w21_dc2r2_r2_GTTGTGAGTATTGGTG,GluN4
hft_ctx_w21_dc2r2_r2_GTTGTGAGTTTGGCGG,GluN2
hft_ctx_w21_dc2r2_r2_GTTGTTGCAAGCTTAT,nIPC/GluN1
hft_ctx_w21_dc2r2_r2_GTTGTTGCACCTAATG,RG
hft_ctx_w21_dc2r2_r2_GTTTACCGTAATAACC,nIPC/GluN1
hft_ctx_w21_dc2r2_r2_GTTTCAGCACCCACCT,GluN3
hft_ctx_w21_dc2r2_r2_GTTTCCTCACATGCTA,nIPC/GluN1
hft_ctx_w21_dc2r2_r2_GTTTGTCGTGTTCCCA,GluN4
hft_ctx_w21_dc2r2_r2_TAAACAGCAGGCGATA,RG
hft_ctx_w21_dc2r2_r2_TAAAGCCTCCGCCTAT,GluN2
hft_ctx_w21_dc2r2_r2_TAACCAGGTTCAAGAT,SP
hft_ctx_w21_dc2r2_r2_TAACCTAAGCGGATTT,nIPC/GluN1
hft_ctx_w21_dc2r2_r2_TAAGCCAGTCTTTGAC,Cyc. Prog.
hft_ctx_w21_dc2r2_r2_TAAGCCTAGCTAAGTC,GluN2
hft_ctx_w21_dc2r2_r2_TAAGCTATCTCACTCA,RG
hft_ctx_w21_dc2r2_r2_TAAGGACCATGCAACC,nIPC/GluN1
hft_ctx_w21_dc2r2_r2_TAAGTAGCAATGCGCT,Cyc. Prog.
hft_ctx_w21_dc2r2_r2_TAAGTAGCAGTTAAAG,RG
hft_ctx_w21_dc2r2_r2_TAATCACCATCATGGC,nIPC/GluN1
hft_ctx_w21_dc2r2_r2_TAATCCGCACAACAGG,GluN4
hft_ctx_w21_dc2r2_r2_TAATCCGCAGTGAACG,GluN4
hft_ctx_w21_dc2r2_r2_TAATGCATCTTACTCG,GluN3
hft_ctx_w21_dc2r2_r2_TAATGGACACAATGTT,SP
hft_ctx_w21_dc2r2_r2_TAATGGTGTACGGTAC,nIPC/GluN1
hft_ctx_w21_dc2r2_r2_TAATTGCCAACACTTG,RG
hft_ctx_w21_dc2r2_r2_TACAACATCAAGCTAC,GluN3
hft_ctx_w21_dc2r2_r2_TACAACATCGCTCACT,nIPC/GluN1
hft_ctx_w21_dc2r2_r2_TACAACATCGTCCTTA,nIPC/GluN1
hft_ctx_w21_dc2r2_r2_TACAGCTAGACTATTG,GluN3
hft_ctx_w21_dc2r2_r2_TACAGGTTCATTACAG,GluN3
hft_ctx_w21_dc2r2_r2_TACAGGTTCCAGCACA,GluN4
hft_ctx_w21_dc2r2_r2_TACAGGTTCGCCTGTT,GluN2
hft_ctx_w21_dc2r2_r2_TACATCAAGTAGGATG,nIPC/GluN1
hft_ctx_w21_dc2r2_r2_TACCGAAGTCCTCCAA,nIPC/GluN1
hft_ctx_w21_dc2r2_r2_TACCGAAGTTATAGCG,nIPC/GluN1
hft_ctx_w21_dc2r2_r2_TACCGAAGTTTACGTC,GluN3
hft_ctx_w21_dc2r2_r2_TACCGTTGTTAATCGG,GluN2
hft_ctx_w21_dc2r2_r2_TACCGTTGTTGGCCGA,nIPC/GluN1
hft_ctx_w21_dc2r2_r2_TACCTCATCGGCTAGC,RG
hft_ctx_w21_dc2r2_r2_TACCTGCTCATAGCCG,GluN4
hft_ctx_w21_dc2r2_r2_TACGTAATCAATGTCA,nIPC/GluN1
hft_ctx_w21_dc2r2_r2_TACGTAATCATTCATC,nIPC/GluN1
hft_ctx_w21_dc2r2_r2_TACGTAATCGTTATCT,nIPC/GluN1
hft_ctx_w21_dc2r2_r2_TACGTACAGGCCTGGT,mGPC/OPC
hft_ctx_w21_dc2r2_r2_TACGTTAAGCAGGTTT,Cyc. Prog.
hft_ctx_w21_dc2r2_r2_TACTCAAAGCTATTGA,GluN3
hft_ctx_w21_dc2r2_r2_TACTCAAAGGTGAGAC,Cyc. Prog.
hft_ctx_w21_dc2r2_r2_TACTCAAAGTAGAGGC,GluN3
hft_ctx_w21_dc2r2_r2_TACTGACAGCCTAACG,nIPC/GluN1
hft_ctx_w21_dc2r2_r2_TACTGACAGGTCATTA,nIPC/GluN1
hft_ctx_w21_dc2r2_r2_TACTGACAGGTGTCCA,GluN2
hft_ctx_w21_dc2r2_r2_TACTGAGGTAGGTTAT,GluN2
hft_ctx_w21_dc2r2_r2_TACTGAGGTTAAGTGT,GluN3
hft_ctx_w21_dc2r2_r2_TACTGAGGTTTAACGG,Cyc. Prog.
hft_ctx_w21_dc2r2_r2_TACTGGCCACACTAAT,GluN4
hft_ctx_w21_dc2r2_r2_TACTGGCCACGTAATT,GluN2
hft_ctx_w21_dc2r2_r2_TACTTCGTCAGGCTAT,RG
hft_ctx_w21_dc2r2_r2_TACTTCGTCCAAATCA,nIPC/GluN1
hft_ctx_w21_dc2r2_r2_TACTTCGTCCATAATG,GluN3
hft_ctx_w21_dc2r2_r2_TACTTCGTCTAAATCG,RG
hft_ctx_w21_dc2r2_r2_TACTTCGTCTTGTCCA,GluN2
hft_ctx_w21_dc2r2_r2_TACTTGTTCTGTGCAG,GluN4
hft_ctx_w21_dc2r2_r2_TAGCAGGCAGGACCTT,nIPC/GluN1
hft_ctx_w21_dc2r2_r2_TAGCAGGCATGACTAT,RG
hft_ctx_w21_dc2r2_r2_TAGCCTCTCCAGGTCA,nIPC/GluN1
hft_ctx_w21_dc2r2_r2_TAGCGCGGTAAACAAG,SP
hft_ctx_w21_dc2r2_r2_TAGCGCGGTAAAGCGG,GluN2
hft_ctx_w21_dc2r2_r2_TAGCGCGGTAGGTTAT,mGPC/OPC
hft_ctx_w21_dc2r2_r2_TAGCGCGGTTCTTTAG,SP
hft_ctx_w21_dc2r2_r2_TAGCGGACAATTGAGA,mGPC/OPC
hft_ctx_w21_dc2r2_r2_TAGCTAATCACCGGTA,nIPC/GluN1
hft_ctx_w21_dc2r2_r2_TAGCTTAAGCGAGCGA,RG
hft_ctx_w21_dc2r2_r2_TAGCTTAAGGGTTAGA,RG
hft_ctx_w21_dc2r2_r2_TAGCTTGCAATTAACC,GluN4
hft_ctx_w21_dc2r2_r2_TAGGAACCAGAAATGC,nIPC/GluN1
hft_ctx_w21_dc2r2_r2_TAGGAACCATAAGGAC,RG
hft_ctx_w21_dc2r2_r2_TAGGAACCATAGCAGG,GluN2
hft_ctx_w21_dc2r2_r2_TAGGCTTAGTCAGGCC,GluN2
hft_ctx_w21_dc2r2_r2_TAGGGTTTCGCCTGTT,GluN3
hft_ctx_w21_dc2r2_r2_TAGGTTATCCCTGTTA,nIPC/GluN1
hft_ctx_w21_dc2r2_r2_TAGGTTGGTGGGTACT,RG
hft_ctx_w21_dc2r2_r2_TAGGTTGGTGTCCTGC,GluN3
hft_ctx_w21_dc2r2_r2_TAGGTTGGTTAACGGC,SP
hft_ctx_w21_dc2r2_r2_TAGGTTGGTTGGTTGA,GluN3
hft_ctx_w21_dc2r2_r2_TAGTAACGTCAGGAAG,GluN3
hft_ctx_w21_dc2r2_r2_TAGTAACGTTATCCTA,nIPC/GluN1
hft_ctx_w21_dc2r2_r2_TAGTAAGCAGGTATTT,nIPC/GluN1
hft_ctx_w21_dc2r2_r2_TAGTAAGCAGTAAAGC,nIPC/GluN1
hft_ctx_w21_dc2r2_r2_TAGTCAATCCGGTTAG,GluN4
hft_ctx_w21_dc2r2_r2_TAGTGAGAGGGATTAG,GluN4
hft_ctx_w21_dc2r2_r2_TAGTTGTCACTTACAG,nIPC/GluN1
hft_ctx_w21_dc2r2_r2_TAGTTTGAGAGAGGCT,nIPC/GluN1
hft_ctx_w21_dc2r2_r2_TAGTTTGAGCAGGCCT,nIPC/GluN1
hft_ctx_w21_dc2r2_r2_TAGTTTGAGGAGGCAT,RG
hft_ctx_w21_dc2r2_r2_TATAACCCAAGGTCGA,nIPC/GluN1
hft_ctx_w21_dc2r2_r2_TATAGCCAGTTCCTCA,nIPC/GluN1
hft_ctx_w21_dc2r2_r2_TATAGCTCACTAGCGT,nIPC/GluN1
hft_ctx_w21_dc2r2_r2_TATAGCTCATCTTGAG,GluN2
hft_ctx_w21_dc2r2_r2_TATAGGTGTAGCTAAT,GluN4
hft_ctx_w21_dc2r2_r2_TATAGGTGTTAGCTGA,GluN3
hft_ctx_w21_dc2r2_r2_TATATCCTCACACAGT,GluN2
hft_ctx_w21_dc2r2_r2_TATATCCTCTGCAAAC,GluN2
hft_ctx_w21_dc2r2_r2_TATCACAAGTTCCCGT,RG
hft_ctx_w21_dc2r2_r2_TATCCAGCAAGGTATA,nIPC/GluN1
hft_ctx_w21_dc2r2_r2_TATCCAGCACCTGCTC,nIPC/GluN1
hft_ctx_w21_dc2r2_r2_TATCGAGGTTCATCTA,Cyc. Prog.
hft_ctx_w21_dc2r2_r2_TATCGCGAGTTGTCAA,nIPC/GluN1
hft_ctx_w21_dc2r2_r2_TATGACTCATAAAGCA,GluN2
hft_ctx_w21_dc2r2_r2_TATGACTCATGAAATG,nIPC/GluN1
hft_ctx_w21_dc2r2_r2_TATGGATGTGCGCATG,GluN3
hft_ctx_w21_dc2r2_r2_TATGGTCAGGATCACT,nIPC/GluN1
hft_ctx_w21_dc2r2_r2_TATTAGCCAACTAGGG,Cyc. Prog.
hft_ctx_w21_dc2r2_r2_TATTAGGTCCCTGTTA,GluN4
hft_ctx_w21_dc2r2_r2_TATTAGGTCGCTTCTA,nIPC/GluN1
hft_ctx_w21_dc2r2_r2_TATTCGTTCACGCATG,nIPC/GluN1
hft_ctx_w21_dc2r2_r2_TATTGACCAGAAACGT,nIPC/GluN1
hft_ctx_w21_dc2r2_r2_TATTTGCTCCTTGCAC,GluN4
hft_ctx_w21_dc2r2_r2_TATTTGGAGTAGCTTA,RG
hft_ctx_w21_dc2r2_r2_TCAAACCAGGCGAAAC,nIPC/GluN1
hft_ctx_w21_dc2r2_r2_TCAAGCTAGCTAATTG,nIPC/GluN1
hft_ctx_w21_dc2r2_r2_TCAAGCTAGGAAGTAT,Cyc. Prog.
hft_ctx_w21_dc2r2_r2_TCAAGGAAGGAGGGTT,RG
hft_ctx_w21_dc2r2_r2_TCAAGGAAGGTTTACA,nIPC/GluN1
hft_ctx_w21_dc2r2_r2_TCAAGGAAGTCGCTAG,GluN4
hft_ctx_w21_dc2r2_r2_TCAAGGTTCACTAATG,GluN3
hft_ctx_w21_dc2r2_r2_TCAAGGTTCAGCAAGA,GluN3
hft_ctx_w21_dc2r2_r2_TCAATCGCAGCTTAAT,GluN3
hft_ctx_w21_dc2r2_r2_TCAATCGCATAATCCG,nIPC/GluN1
hft_ctx_w21_dc2r2_r2_TCACATAAGATGGAGC,GluN2
hft_ctx_w21_dc2r2_r2_TCACATAAGCACAGAA,GluN3
hft_ctx_w21_dc2r2_r2_TCACCGGCATCGCTCC,mGPC/OPC
hft_ctx_w21_dc2r2_r2_TCACCTCAGGACCGCT,GluN2
hft_ctx_w21_dc2r2_r2_TCACTGACAAGGTGCA,nIPC/GluN1
hft_ctx_w21_dc2r2_r2_TCACTGACAGGTATTT,GluN3
hft_ctx_w21_dc2r2_r2_TCAGCAAGTACGTTTC,mGPC/OPC
hft_ctx_w21_dc2r2_r2_TCAGCCTTCGGCCAGT,nIPC/GluN1
hft_ctx_w21_dc2r2_r2_TCAGCGATCTAATCCT,GluN2
hft_ctx_w21_dc2r2_r2_TCAGCGATCTTAGGGT,GluN2
hft_ctx_w21_dc2r2_r2_TCAGGAGCACTAAGTT,GluN3
hft_ctx_w21_dc2r2_r2_TCAGGTCCAGGATAAC,GluN2
hft_ctx_w21_dc2r2_r2_TCAGGTCCATGACTAT,RG
hft_ctx_w21_dc2r2_r2_TCAGTAATCTAGCGTG,nIPC/GluN1
hft_ctx_w21_dc2r2_r2_TCAGTGAGTTGTTCAC,GluN3
hft_ctx_w21_dc2r2_r2_TCATAACCACTTACAG,Cyc. Prog.
hft_ctx_w21_dc2r2_r2_TCATAACCAGGCCATT,nIPC/GluN1
hft_ctx_w21_dc2r2_r2_TCATGCCTCGTTTCTG,GluN2
hft_ctx_w21_dc2r2_r2_TCATGTTTCCGCTAGA,GluN2
hft_ctx_w21_dc2r2_r2_TCATTACTCGATTTAG,GluN4
hft_ctx_w21_dc2r2_r2_TCATTACTCTTGAGGT,nIPC/GluN1
hft_ctx_w21_dc2r2_r2_TCATTACTCTTGTCCA,RG
hft_ctx_w21_dc2r2_r2_TCATTGTTCATTACGA,nIPC/GluN1
hft_ctx_w21_dc2r2_r2_TCATTGTTCGGCTAGC,nIPC/GluN1
hft_ctx_w21_dc2r2_r2_TCCATAAAGAGGAGGA,SP
hft_ctx_w21_dc2r2_r2_TCCATAAAGCACAGCC,GluN2
hft_ctx_w21_dc2r2_r2_TCCATAAAGTGTTGTA,GluN3
hft_ctx_w21_dc2r2_r2_TCCATATTCCAGGTTG,GluN2
hft_ctx_w21_dc2r2_r2_TCCATCATCATGGTTA,nIPC/GluN1
hft_ctx_w21_dc2r2_r2_TCCATGCTCCTAATGA,GluN2
hft_ctx_w21_dc2r2_r2_TCCATGCTCGATTTGA,RG
hft_ctx_w21_dc2r2_r2_TCCATGCTCGTTAGCG,GluN3
hft_ctx_w21_dc2r2_r2_TCCATTGTCCTAAGTA,mGPC/OPC
hft_ctx_w21_dc2r2_r2_TCCCTCACAGCATGTC,GluN2
hft_ctx_w21_dc2r2_r2_TCCGGAATCTCTAGCC,nIPC/GluN1
hft_ctx_w21_dc2r2_r2_TCCGGTAAGCGAGCGA,GluN3
hft_ctx_w21_dc2r2_r2_TCCGGTAAGCTCCTAC,GluN2
hft_ctx_w21_dc2r2_r2_TCCGGTAAGGCAATAG,RG
hft_ctx_w21_dc2r2_r2_TCCTCAATCGTTACTT,GluN2
hft_ctx_w21_dc2r2_r2_TCCTCACAGCCTCTCG,nIPC/GluN1
hft_ctx_w21_dc2r2_r2_TCCTGGTTCAAGCCTG,GluN2
hft_ctx_w21_dc2r2_r2_TCCTGGTTCATTAGTG,GluN3
hft_ctx_w21_dc2r2_r2_TCCTGTTCACCTAAGC,GluN4
hft_ctx_w21_dc2r2_r2_TCCTTAGTCGCAGGCT,GluN4
hft_ctx_w21_dc2r2_r2_TCCTTCAAGCTCAAAC,Cyc. Prog.
hft_ctx_w21_dc2r2_r2_TCCTTGCAGGCGCACT,GluN2
hft_ctx_w21_dc2r2_r2_TCCTTGCAGGTGCTGC,nIPC/GluN1
hft_ctx_w21_dc2r2_r2_TCCTTGCAGTTTGGGT,GluN2
hft_ctx_w21_dc2r2_r2_TCGACAAGTAGCCTCC,GluN4
hft_ctx_w21_dc2r2_r2_TCGATTAAGCATCCAG,RG
hft_ctx_w21_dc2r2_r2_TCGATTAAGCGATAGA,GluN2
hft_ctx_w21_dc2r2_r2_TCGCATTGTGATCAGC,nIPC/GluN1
hft_ctx_w21_dc2r2_r2_TCGCCCATCCTAATTC,mGPC/OPC
hft_ctx_w21_dc2r2_r2_TCGCCCATCTTAGTGA,GluN2
hft_ctx_w21_dc2r2_r2_TCGCGAGGTGGATTGC,nIPC/GluN1
hft_ctx_w21_dc2r2_r2_TCGCGAGGTTACGCAA,nIPC/GluN1
hft_ctx_w21_dc2r2_r2_TCGCTAACAGGACCTT,RG
hft_ctx_w21_dc2r2_r2_TCGGTAAGTTACTAGG,RG
hft_ctx_w21_dc2r2_r2_TCGTAATCACCATATG,nIPC/GluN1
hft_ctx_w21_dc2r2_r2_TCGTTAAAGTAGGATG,nIPC/GluN1
hft_ctx_w21_dc2r2_r2_TCGTTACGTGCTCCGT,RG
hft_ctx_w21_dc2r2_r2_TCGTTTCCAGGTATTT,Cyc. Prog.
hft_ctx_w21_dc2r2_r2_TCTAACCGTATTCGCT,nIPC/GluN1
hft_ctx_w21_dc2r2_r2_TCTAACCGTGAGGTAG,nIPC/GluN1
hft_ctx_w21_dc2r2_r2_TCTAAGGGTCTCAGCC,GluN4
hft_ctx_w21_dc2r2_r2_TCTAAGGGTGAATCGC,nIPC/GluN1
hft_ctx_w21_dc2r2_r2_TCTAATCTCTTTGACT,Cyc. Prog.
hft_ctx_w21_dc2r2_r2_TCTACCTCAAGGTCGA,GluN2
hft_ctx_w21_dc2r2_r2_TCTAGCGAGCACAGGG,mGPC/OPC
hft_ctx_w21_dc2r2_r2_TCTATGTTCGCACACA,nIPC/GluN1
hft_ctx_w21_dc2r2_r2_TCTCAAGCAAAGCTCC,nIPC/GluN1
hft_ctx_w21_dc2r2_r2_TCTCACCAGGCGCATC,GluN2
hft_ctx_w21_dc2r2_r2_TCTCACCAGTGAGGGT,nIPC/GluN1
hft_ctx_w21_dc2r2_r2_TCTCCTCGTTTACGTC,GluN2
hft_ctx_w21_dc2r2_r2_TCTCGCCCAAAGCTCC,RG
hft_ctx_w21_dc2r2_r2_TCTCGCCCAACAGGAT,nIPC/GluN1
hft_ctx_w21_dc2r2_r2_TCTCGCCCATAATTGC,GluN2
hft_ctx_w21_dc2r2_r2_TCTGGCTTCAACCAAC,GluN3
hft_ctx_w21_dc2r2_r2_TCTGGCTTCAATTACG,nIPC/GluN1
hft_ctx_w21_dc2r2_r2_TCTGGCTTCCATCAGG,GluN3
hft_ctx_w21_dc2r2_r2_TCTTGACGTTTGGGTA,GluN2
hft_ctx_w21_dc2r2_r2_TCTTGTCCAATTATGC,GluN3
hft_ctx_w21_dc2r2_r2_TCTTGTCCACCGGTAT,GluN2
hft_ctx_w21_dc2r2_r2_TCTTGTCCAGTAAGTA,RG
hft_ctx_w21_dc2r2_r2_TCTTGTCCAGTTTACG,Cyc. Prog.
hft_ctx_w21_dc2r2_r2_TCTTTGTAGGCGGATG,GluN2
hft_ctx_w21_dc2r2_r2_TGAACAACAAATTGCT,GluN4
hft_ctx_w21_dc2r2_r2_TGAACAGAGGTCAAAG,nIPC/GluN1
hft_ctx_w21_dc2r2_r2_TGAACAGAGTGAGGGT,Cyc. Prog.
hft_ctx_w21_dc2r2_r2_TGAACAGAGTTGGATC,GluN2
hft_ctx_w21_dc2r2_r2_TGAAGCAAGGAAACTG,GluN2
hft_ctx_w21_dc2r2_r2_TGAAGGATCAAGCTAC,GluN4
hft_ctx_w21_dc2r2_r2_TGAAGGATCAGTGAAG,GluN3
hft_ctx_w21_dc2r2_r2_TGAAGGATCCTCCCTC,nIPC/GluN1
hft_ctx_w21_dc2r2_r2_TGACCTTGTGGATTCA,GluN2
hft_ctx_w21_dc2r2_r2_TGACTCCTCCGCCAAA,mGPC/OPC
hft_ctx_w21_dc2r2_r2_TGACTTAAGTTAGTTG,GluN3
hft_ctx_w21_dc2r2_r2_TGACTTCGTACCCACC,nIPC/GluN1
hft_ctx_w21_dc2r2_r2_TGAGCAAAGGAACCGG,GluN4
hft_ctx_w21_dc2r2_r2_TGAGCAAAGTAGCGCC,GluN4
hft_ctx_w21_dc2r2_r2_TGAGCCGGTGGTTCCC,nIPC/GluN1
hft_ctx_w21_dc2r2_r2_TGAGGCACAATGCGCT,GluN3
hft_ctx_w21_dc2r2_r2_TGAGGCACATGGAGGC,GluN2
hft_ctx_w21_dc2r2_r2_TGAGGGAGTTTACTTG,nIPC/GluN1
hft_ctx_w21_dc2r2_r2_TGAGGGCCAATTTAGC,GluN2
hft_ctx_w21_dc2r2_r2_TGAGTGAAGTAAGGGC,GluN2
hft_ctx_w21_dc2r2_r2_TGAGTGAAGTCAATCA,nIPC/GluN1
hft_ctx_w21_dc2r2_r2_TGAGTTTCATAAGTCT,GluN2
hft_ctx_w21_dc2r2_r2_TGATCAATCATAATCG,GluN4
hft_ctx_w21_dc2r2_r2_TGATCAATCCCGAACA,RG
hft_ctx_w21_dc2r2_r2_TGATCAATCCGGAACC,GluN3
hft_ctx_w21_dc2r2_r2_TGATCAATCTTAGCCC,nIPC/GluN1
hft_ctx_w21_dc2r2_r2_TGATGAACAACCGCCA,nIPC/GluN1
hft_ctx_w21_dc2r2_r2_TGATGAACATCAGTAT,GluN5
hft_ctx_w21_dc2r2_r2_TGATTAGTCCATTACT,nIPC/GluN1
hft_ctx_w21_dc2r2_r2_TGATTCAAGCAGGCCT,GluN2
hft_ctx_w21_dc2r2_r2_TGATTCAAGTCTATGA,RG
hft_ctx_w21_dc2r2_r2_TGATTGCAGCGGCTGT,Cyc. Prog.
hft_ctx_w21_dc2r2_r2_TGCAAGCGTGTGCACG,GluN4
hft_ctx_w21_dc2r2_r2_TGCAATATCACGCCAA,nIPC/GluN1
hft_ctx_w21_dc2r2_r2_TGCACCTTCGCATTAA,GluN2
hft_ctx_w21_dc2r2_r2_TGCACTTGTTGTTGGA,Cyc. Prog.
hft_ctx_w21_dc2r2_r2_TGCAGGCTCGCAATCG,GluN2
hft_ctx_w21_dc2r2_r2_TGCCATTGTTAGCAGC,nIPC/GluN1
hft_ctx_w21_dc2r2_r2_TGCCATTGTTCGCTCA,GluN2
hft_ctx_w21_dc2r2_r2_TGCCGGTAGAAGGTGC,GluN3
hft_ctx_w21_dc2r2_r2_TGCCGGTAGGAGGCAT,nIPC/GluN1
hft_ctx_w21_dc2r2_r2_TGCGATTAGGCCATCA,nIPC/GluN1
hft_ctx_w21_dc2r2_r2_TGCGCGAGTAAGCTTG,nIPC/GluN1
hft_ctx_w21_dc2r2_r2_TGCTAACAGAAAGGAA,GluN2
hft_ctx_w21_dc2r2_r2_TGCTATGCACCCACAG,GluN2
hft_ctx_w21_dc2r2_r2_TGCTCAACAAGGTACG,nIPC/GluN1
hft_ctx_w21_dc2r2_r2_TGCTCAACACACAATT,GluN4
hft_ctx_w21_dc2r2_r2_TGCTCACTCACGCGGT,GluN3
hft_ctx_w21_dc2r2_r2_TGCTCACTCCTGAGTG,GluN2
hft_ctx_w21_dc2r2_r2_TGCTCACTCGATAACC,nIPC/GluN1
hft_ctx_w21_dc2r2_r2_TGCTCCGTCATAATCG,GluN4
hft_ctx_w21_dc2r2_r2_TGCTCCGTCATGGCTG,nIPC/GluN1
hft_ctx_w21_dc2r2_r2_TGCTCTCAGCACTAGT,GluN3
hft_ctx_w21_dc2r2_r2_TGCTCTCAGCCAGTAT,SP
hft_ctx_w21_dc2r2_r2_TGCTTAAAGGCCCAGT,Cyc. Prog.
hft_ctx_w21_dc2r2_r2_TGCTTCATCGGTCAAT,Cyc. Prog.
hft_ctx_w21_dc2r2_r2_TGCTTCATCTTAGTCT,GluN4
hft_ctx_w21_dc2r2_r2_TGCTTGCTCATGCTAA,GluN4
hft_ctx_w21_dc2r2_r2_TGCTTGCTCCGGAACC,GluN2
hft_ctx_w21_dc2r2_r2_TGCTTGCTCCTAAGAC,GluN2
hft_ctx_w21_dc2r2_r2_TGCTTGCTCCTAGTTT,nIPC/GluN1
hft_ctx_w21_dc2r2_r2_TGCTTGCTCGATATTG,nIPC/GluN1
hft_ctx_w21_dc2r2_r2_TGCTTGCTCGTTTCGC,nIPC/GluN1
hft_ctx_w21_dc2r2_r2_TGCTTGCTCTAGCGTG,RG
hft_ctx_w21_dc2r2_r2_TGCTTGTGTACCGTAA,nIPC/GluN1
hft_ctx_w21_dc2r2_r2_TGCTTGTGTGTGTCCC,nIPC/GluN1
hft_ctx_w21_dc2r2_r2_TGGACAAAGAACAAGT,nIPC/GluN1
hft_ctx_w21_dc2r2_r2_TGGACCGGTCATTGAG,GluN4
hft_ctx_w21_dc2r2_r2_TGGACGGAGAGCCGCT,GluN2
hft_ctx_w21_dc2r2_r2_TGGACGGAGGCATGTT,SP
hft_ctx_w21_dc2r2_r2_TGGATTGGTCCGTAGG,mGPC/OPC
hft_ctx_w21_dc2r2_r2_TGGCCTGCAGGCGAGT,GluN4
hft_ctx_w21_dc2r2_r2_TGGCCTTTCCCATAGG,nIPC/GluN1
hft_ctx_w21_dc2r2_r2_TGGCCTTTCTTGTCTG,GluN2
hft_ctx_w21_dc2r2_r2_TGGCTATAGCATTTCT,GluN3
hft_ctx_w21_dc2r2_r2_TGGCTTTGTGGTGAGA,GluN4
hft_ctx_w21_dc2r2_r2_TGGGCATGTTACAACG,nIPC/GluN1
hft_ctx_w21_dc2r2_r2_TGGGCCTAGGTTAGCT,nIPC/GluN1
hft_ctx_w21_dc2r2_r2_TGGTCATAGGCTACAT,RG
hft_ctx_w21_dc2r2_r2_TGGTGATTCAGTGAAG,GluN2
hft_ctx_w21_dc2r2_r2_TGGTGATTCGCTATAA,GluN2
hft_ctx_w21_dc2r2_r2_TGGTGATTCGTGCTTC,mGPC/OPC
hft_ctx_w21_dc2r2_r2_TGGTTCTGTCATGCCC,nIPC/GluN1
hft_ctx_w21_dc2r2_r2_TGTAAAGCATGCAACC,SP
hft_ctx_w21_dc2r2_r2_TGTAACTCATAGCGGA,mGPC/OPC
hft_ctx_w21_dc2r2_r2_TGTAAGCTCTTAGTCT,nIPC/GluN1
hft_ctx_w21_dc2r2_r2_TGTAATGTCAGGATGA,nIPC/GluN1
hft_ctx_w21_dc2r2_r2_TGTAATGTCATTTGCT,nIPC/GluN1
hft_ctx_w21_dc2r2_r2_TGTATCCGTTACCGGG,nIPC/GluN1
hft_ctx_w21_dc2r2_r2_TGTATCGCATTGTCAG,nIPC/GluN1
hft_ctx_w21_dc2r2_r2_TGTCAATCACAGGATG,nIPC/GluN1
hft_ctx_w21_dc2r2_r2_TGTCAATCAGGCTTCG,nIPC/GluN1
hft_ctx_w21_dc2r2_r2_TGTCAGTAGGGACCTC,nIPC/GluN1
hft_ctx_w21_dc2r2_r2_TGTCAGTAGTAAACCC,GluN2
hft_ctx_w21_dc2r2_r2_TGTCCTGGTAACTACG,RG
hft_ctx_w21_dc2r2_r2_TGTCCTGGTATGGTGC,nIPC/GluN1
hft_ctx_w21_dc2r2_r2_TGTGAAACACCCTCAC,GluN2
hft_ctx_w21_dc2r2_r2_TGTGATCAGGACCGCT,GluN2
hft_ctx_w21_dc2r2_r2_TGTGCAAGTTACTTGC,nIPC/GluN1
hft_ctx_w21_dc2r2_r2_TGTGCGGGTTGTTCAC,GluN2
hft_ctx_w21_dc2r2_r2_TGTGCTGAGGCGCACT,nIPC/GluN1
hft_ctx_w21_dc2r2_r2_TGTGGCTCACCCACCT,GluN4
hft_ctx_w21_dc2r2_r2_TGTGTTAAGTTTGCGG,nIPC/GluN1
hft_ctx_w21_dc2r2_r2_TGTTACTTCTCCATAT,GluN2
hft_ctx_w21_dc2r2_r2_TGTTAGCAGGATTGCT,SP
hft_ctx_w21_dc2r2_r2_TGTTAGCAGTCCTTCA,SP
hft_ctx_w21_dc2r2_r2_TGTTCCTCAACTAGGG,GluN2
hft_ctx_w21_dc2r2_r2_TGTTGCACAGGCATGA,mGPC/OPC
hft_ctx_w21_dc2r2_r2_TGTTGGCCACAGGAAT,nIPC/GluN1
hft_ctx_w21_dc2r2_r2_TGTTGGCCATAATCGT,Cyc. Prog.
hft_ctx_w21_dc2r2_r2_TGTTGTAAGCTTACTT,nIPC/GluN1
hft_ctx_w21_dc2r2_r2_TGTTGTTTCGGGACTC,nIPC/GluN1
hft_ctx_w21_dc2r2_r2_TTAAAGGCAATTAGCT,nIPC/GluN1
hft_ctx_w21_dc2r2_r2_TTAAAGGCAGGTTAAA,GluN2
hft_ctx_w21_dc2r2_r2_TTAAGCCAGTATGTGC,GluN2
hft_ctx_w21_dc2r2_r2_TTAAGGACAGGCTAGA,GluN4
hft_ctx_w21_dc2r2_r2_TTAAGGACAGTTATGT,GluN2
hft_ctx_w21_dc2r2_r2_TTAAGGTGTGTTGCAA,nIPC/GluN1
hft_ctx_w21_dc2r2_r2_TTAAGTGTCGGTTACG,GluN2
hft_ctx_w21_dc2r2_r2_TTAAGTGTCTCTAGCC,GluN3
hft_ctx_w21_dc2r2_r2_TTAAGTGTCTGTGAGT,nIPC/GluN1
hft_ctx_w21_dc2r2_r2_TTAATCGAGGACCTGC,GluN3
hft_ctx_w21_dc2r2_r2_TTAATCGAGGCGCATC,RG
hft_ctx_w21_dc2r2_r2_TTAATCGAGTTTAACG,nIPC/GluN1
hft_ctx_w21_dc2r2_r2_TTACACCGTGGTTCCC,GluN3
hft_ctx_w21_dc2r2_r2_TTACACCGTTGGTGAC,nIPC/GluN1
hft_ctx_w21_dc2r2_r2_TTAGAAGCAATGAATG,GluN4
hft_ctx_w21_dc2r2_r2_TTAGACTCACCTCAGG,GluN4
hft_ctx_w21_dc2r2_r2_TTAGCGGTCACGCATG,GluN3
hft_ctx_w21_dc2r2_r2_TTAGGAACAATATGGA,GluN2
hft_ctx_w21_dc2r2_r2_TTAGGCCCATAATTGC,nIPC/GluN1
hft_ctx_w21_dc2r2_r2_TTAGGCGTCAGCCAAT,GluN4
hft_ctx_w21_dc2r2_r2_TTAGGCTAGGCCTGGT,GluN2
hft_ctx_w21_dc2r2_r2_TTAGTCAAGACAACAG,GluN4
hft_ctx_w21_dc2r2_r2_TTAGTCAAGCACCACA,GluN3
hft_ctx_w21_dc2r2_r2_TTATCCTAGCACCACA,nIPC/GluN1
hft_ctx_w21_dc2r2_r2_TTATCCTAGGATTGAG,nIPC/GluN1
hft_ctx_w21_dc2r2_r2_TTATGACCAGTAATAG,GluN3
hft_ctx_w21_dc2r2_r2_TTATGCGCACCTGCCT,SP
hft_ctx_w21_dc2r2_r2_TTATTGCTCCGCCAAA,GluN2
hft_ctx_w21_dc2r2_r2_TTATTGCTCGCTTGCT,GluN4
hft_ctx_w21_dc2r2_r2_TTATTGCTCGGTTTGG,nIPC/GluN1
hft_ctx_w21_dc2r2_r2_TTCAACCGTAGCCTCC,mGPC/OPC
hft_ctx_w21_dc2r2_r2_TTCAACCGTCATCAAG,GluN4
hft_ctx_w21_dc2r2_r2_TTCAACCGTGAATCGC,GluN2
hft_ctx_w21_dc2r2_r2_TTCAACCGTGGGAACA,nIPC/GluN1
hft_ctx_w21_dc2r2_r2_TTCAGCACAATTATGC,GluN2
hft_ctx_w21_dc2r2_r2_TTCAGCACAGCTTACA,GluN2
hft_ctx_w21_dc2r2_r2_TTCAGCACATAAGTTC,GluN2
hft_ctx_w21_dc2r2_r2_TTCAGGTAGATGGACA,nIPC/GluN1
hft_ctx_w21_dc2r2_r2_TTCAGGTAGCTATTGA,nIPC/GluN1
hft_ctx_w21_dc2r2_r2_TTCAGTTTCTTAGCCC,GluN2
hft_ctx_w21_dc2r2_r2_TTCATCCCACCAAAGG,nIPC/GluN1
hft_ctx_w21_dc2r2_r2_TTCATCCCACGTGCTG,nIPC/GluN1
hft_ctx_w21_dc2r2_r2_TTCCCACAGTGACCTG,nIPC/GluN1
hft_ctx_w21_dc2r2_r2_TTCCCACAGTGGACAA,GluN3
hft_ctx_w21_dc2r2_r2_TTCCTCAAGGATTTGC,GluN2
hft_ctx_w21_dc2r2_r2_TTCCTTCTCCGCAACA,GluN5
hft_ctx_w21_dc2r2_r2_TTCCTTCTCTATGACA,nIPC/GluN1
hft_ctx_w21_dc2r2_r2_TTCCTTCTCTGTGAGT,GluN5
hft_ctx_w21_dc2r2_r2_TTCCTTCTCTTAGTCT,nIPC/GluN1
hft_ctx_w21_dc2r2_r2_TTCGTTAGTGCACGCA,GluN2
hft_ctx_w21_dc2r2_r2_TTCGTTAGTTTGGGCG,GluN4
hft_ctx_w21_dc2r2_r2_TTCTTAGGTCACAGCG,nIPC/GluN1
hft_ctx_w21_dc2r2_r2_TTCTTAGGTGTTTGCT,GluN2
hft_ctx_w21_dc2r2_r2_TTCTTAGGTTTAACCC,mGPC/OPC
hft_ctx_w21_dc2r2_r2_TTGACGTAGACCATAC,GluN2
hft_ctx_w21_dc2r2_r2_TTGACGTAGCAAGGGT,RG
hft_ctx_w21_dc2r2_r2_TTGACGTAGGGCTTAT,nIPC/GluN1
hft_ctx_w21_dc2r2_r2_TTGACTAAGATTGAGG,GluN2
hft_ctx_w21_dc2r2_r2_TTGACTAAGCTTGCTC,SP
hft_ctx_w21_dc2r2_r2_TTGACTAAGGAGCAAC,nIPC/GluN1
hft_ctx_w21_dc2r2_r2_TTGAGCTAGTGGACAA,GluN4
hft_ctx_w21_dc2r2_r2_TTGATGTCACCAACCG,GluN4
hft_ctx_w21_dc2r2_r2_TTGATGTCAGCCTGCA,nIPC/GluN1
hft_ctx_w21_dc2r2_r2_TTGATGTCAGGCATCT,SP
hft_ctx_w21_dc2r2_r2_TTGCAATCATAATGTC,GluN3
hft_ctx_w21_dc2r2_r2_TTGCAATCATGCTATG,RG
hft_ctx_w21_dc2r2_r2_TTGCAATCATTCCTGT,RG
hft_ctx_w21_dc2r2_r2_TTGCAGCCATAAGGAC,SP
hft_ctx_w21_dc2r2_r2_TTGCATTTCAAACCGT,nIPC/GluN1
hft_ctx_w21_dc2r2_r2_TTGCATTTCGATTATG,GluN2
hft_ctx_w21_dc2r2_r2_TTGCCCGTCGAGCTAT,GluN2
hft_ctx_w21_dc2r2_r2_TTGCGAGTCTTCAATC,GluN4
hft_ctx_w21_dc2r2_r2_TTGCGTCTCCGTCCAT,nIPC/GluN1
hft_ctx_w21_dc2r2_r2_TTGCTCTCATGCTATG,nIPC/GluN1
hft_ctx_w21_dc2r2_r2_TTGCTTAGTACTGATG,Cyc. Prog.
hft_ctx_w21_dc2r2_r2_TTGCTTAGTCATGAGC,RG
hft_ctx_w21_dc2r2_r2_TTGGATATCAGCAAAG,nIPC/GluN1
hft_ctx_w21_dc2r2_r2_TTGGATATCATTTGTC,GluN3
hft_ctx_w21_dc2r2_r2_TTGGATATCGCTATGG,GluN2
hft_ctx_w21_dc2r2_r2_TTGGATTCAACCCTCC,GluN4
hft_ctx_w21_dc2r2_r2_TTGGATTCAATTGACT,nIPC/GluN1
hft_ctx_w21_dc2r2_r2_TTGGCGGGTAGCCTAA,nIPC/GluN1
hft_ctx_w21_dc2r2_r2_TTGGCGGGTTAACGGC,GluN2
hft_ctx_w21_dc2r2_r2_TTGGCGGGTTCACCAT,nIPC/GluN1
hft_ctx_w21_dc2r2_r2_TTGGCTACATAGTCAT,GluN2
hft_ctx_w21_dc2r2_r2_TTGGCTACATTCAGCA,GluN2
hft_ctx_w21_dc2r2_r2_TTGGCTGAGCGGATTT,GluN2
hft_ctx_w21_dc2r2_r2_TTGGCTGAGGGCTAAA,nIPC/GluN1
hft_ctx_w21_dc2r2_r2_TTGGCTTGTTTATTCG,GluN2
hft_ctx_w21_dc2r2_r2_TTGGGCGGTCTAACCT,GluN4
hft_ctx_w21_dc2r2_r2_TTGGGCGGTTAGCAGC,GluN2
hft_ctx_w21_dc2r2_r2_TTGGGCGGTTCTTTAG,GluN3
hft_ctx_w21_dc2r2_r2_TTGGGTTAGTTATTCC,GluN3
hft_ctx_w21_dc2r2_r2_TTGGTGAGTCCGTAGG,GluN3
hft_ctx_w21_dc2r2_r2_TTGGTGAGTGGACATC,GluN3
hft_ctx_w21_dc2r2_r2_TTGTCCATCAAGCTTA,nIPC/GluN1
hft_ctx_w21_dc2r2_r2_TTGTCCATCTCCATAT,nIPC/GluN1
hft_ctx_w21_dc2r2_r2_TTGTCCCAGGTCCAAT,GluN2
hft_ctx_w21_dc2r2_r2_TTGTGAGGTGTTCCCA,GluN2
hft_ctx_w21_dc2r2_r2_TTGTGCCTCCAAGTTA,nIPC/GluN1
hft_ctx_w21_dc2r2_r2_TTGTGCCTCCCTCGCA,GluN2
hft_ctx_w21_dc2r2_r2_TTGTTGTTCAAGCCTG,RG
hft_ctx_w21_dc2r2_r2_TTTAACGAGGCCTGGT,GluN4
hft_ctx_w21_dc2r2_r2_TTTAAGCCAATAATGG,nIPC/GluN1
hft_ctx_w21_dc2r2_r2_TTTAAGCCACGTGCTG,GluN2
hft_ctx_w21_dc2r2_r2_TTTAGGATCAGGCCTA,GluN3
hft_ctx_w21_dc2r2_r2_TTTAGGATCATGCTAA,RG
hft_ctx_w21_dc2r2_r2_TTTAGGATCGATTTAG,nIPC/GluN1
hft_ctx_w21_dc2r2_r2_TTTATGGAGAAGCTAG,nIPC/GluN1
hft_ctx_w21_dc2r2_r2_TTTATGGAGGGTCCAC,GluN2
hft_ctx_w21_dc2r2_r2_TTTCATCAGAGGGACT,Cyc. Prog.
hft_ctx_w21_dc2r2_r2_TTTCCGGGTCCTTTAA,GluN2
hft_ctx_w21_dc2r2_r2_TTTCTCACAAAGGTAC,GluN3
hft_ctx_w21_dc2r2_r2_TTTCTCACACGTTACA,nIPC/GluN1
hft_ctx_w21_dc2r2_r2_TTTGACCGTACTTAGG,nIPC/GluN1
hft_ctx_w21_dc2r2_r2_TTTGACTTCGCATTAA,nIPC/GluN1
hft_ctx_w21_dc2r2_r2_TTTGAGTCAAGGTACG,nIPC/GluN1
hft_ctx_w21_dc2r2_r2_TTTGCGACAACAGGAT,nIPC/GluN1
hft_ctx_w21_dc2r2_r2_TTTGGCTGTTAAGCGC,nIPC/GluN1
hft_ctx_w21_dc2r2_r2_TTTGGTAAGAAAGCAT,GluN2
hft_ctx_w21_dc2r2_r2_TTTGGTGCAACCCTAA,nIPC/GluN1
hft_ctx_w21_dc2r2_r2_TTTGGTGCAATAATGG,mGPC/OPC
hft_ctx_w21_dc2r2_r2_TTTGGTGCAGTAGCCT,GluN3
hft_ctx_w21_dc2r2_r2_TTTGTGAAGACAGGCG,nIPC/GluN1
hft_ctx_w21_dc2r2_r2_TTTGTGTTCGTCCTTA,GluN4
